case,space,outcome_status,run,selected_config,selected_config_sha256,layer_index,pipeline_stage_index,pp,tp,ulysses,cp,dp,checkpoint,dp_type,native_kv_heads,global_batch_size,chunks,implied_micro_batch_size,integral_micro_batch,vocab_tp,vocab_sp,vocab_zero3
llama7b_2k,common,completed,/opt/hbv/trainir-h20-experiments/20260927-v1/runs/llama7b_2k/galvatron/common/01,/opt/hbv/trainir-h20-experiments/20260927-v1/runs/llama7b_2k/galvatron/common/01/selected/galvatron_config_llama2_1nodes_8gpus_per_node_85GB_fp16_bsz256_[fsdp_ckpt_off].json,7451e67432d494a86948ad97d1681ced29d67ab61b5de51c7a54d765ca9a4acc,0,0,2,1,1,1,4,False,ddp,32,256,64,1.0,True,1,0,False
llama7b_2k,common,completed,/opt/hbv/trainir-h20-experiments/20260927-v1/runs/llama7b_2k/galvatron/common/01,/opt/hbv/trainir-h20-experiments/20260927-v1/runs/llama7b_2k/galvatron/common/01/selected/galvatron_config_llama2_1nodes_8gpus_per_node_85GB_fp16_bsz256_[fsdp_ckpt_off].json,7451e67432d494a86948ad97d1681ced29d67ab61b5de51c7a54d765ca9a4acc,1,0,2,1,1,1,4,False,ddp,32,256,64,1.0,True,1,0,False
llama7b_2k,common,completed,/opt/hbv/trainir-h20-experiments/20260927-v1/runs/llama7b_2k/galvatron/common/01,/opt/hbv/trainir-h20-experiments/20260927-v1/runs/llama7b_2k/galvatron/common/01/selected/galvatron_config_llama2_1nodes_8gpus_per_node_85GB_fp16_bsz256_[fsdp_ckpt_off].json,7451e67432d494a86948ad97d1681ced29d67ab61b5de51c7a54d765ca9a4acc,2,0,2,1,1,1,4,False,ddp,32,256,64,1.0,True,1,0,False
llama7b_2k,common,completed,/opt/hbv/trainir-h20-experiments/20260927-v1/runs/llama7b_2k/galvatron/common/01,/opt/hbv/trainir-h20-experiments/20260927-v1/runs/llama7b_2k/galvatron/common/01/selected/galvatron_config_llama2_1nodes_8gpus_per_node_85GB_fp16_bsz256_[fsdp_ckpt_off].json,7451e67432d494a86948ad97d1681ced29d67ab61b5de51c7a54d765ca9a4acc,3,0,2,1,1,1,4,False,ddp,32,256,64,1.0,True,1,0,False
llama7b_2k,common,completed,/opt/hbv/trainir-h20-experiments/20260927-v1/runs/llama7b_2k/galvatron/common/01,/opt/hbv/trainir-h20-experiments/20260927-v1/runs/llama7b_2k/galvatron/common/01/selected/galvatron_config_llama2_1nodes_8gpus_per_node_85GB_fp16_bsz256_[fsdp_ckpt_off].json,7451e67432d494a86948ad97d1681ced29d67ab61b5de51c7a54d765ca9a4acc,4,0,2,1,1,1,4,False,ddp,32,256,64,1.0,True,1,0,False
llama7b_2k,common,completed,/opt/hbv/trainir-h20-experiments/20260927-v1/runs/llama7b_2k/galvatron/common/01,/opt/hbv/trainir-h20-experiments/20260927-v1/runs/llama7b_2k/galvatron/common/01/selected/galvatron_config_llama2_1nodes_8gpus_per_node_85GB_fp16_bsz256_[fsdp_ckpt_off].json,7451e67432d494a86948ad97d1681ced29d67ab61b5de51c7a54d765ca9a4acc,5,0,2,1,1,1,4,False,ddp,32,256,64,1.0,True,1,0,False
llama7b_2k,common,completed,/opt/hbv/trainir-h20-experiments/20260927-v1/runs/llama7b_2k/galvatron/common/01,/opt/hbv/trainir-h20-experiments/20260927-v1/runs/llama7b_2k/galvatron/common/01/selected/galvatron_config_llama2_1nodes_8gpus_per_node_85GB_fp16_bsz256_[fsdp_ckpt_off].json,7451e67432d494a86948ad97d1681ced29d67ab61b5de51c7a54d765ca9a4acc,6,0,2,1,1,1,4,False,ddp,32,256,64,1.0,True,1,0,False
llama7b_2k,common,completed,/opt/hbv/trainir-h20-experiments/20260927-v1/runs/llama7b_2k/galvatron/common/01,/opt/hbv/trainir-h20-experiments/20260927-v1/runs/llama7b_2k/galvatron/common/01/selected/galvatron_config_llama2_1nodes_8gpus_per_node_85GB_fp16_bsz256_[fsdp_ckpt_off].json,7451e67432d494a86948ad97d1681ced29d67ab61b5de51c7a54d765ca9a4acc,7,0,2,1,1,1,4,False,ddp,32,256,64,1.0,True,1,0,False
llama7b_2k,common,completed,/opt/hbv/trainir-h20-experiments/20260927-v1/runs/llama7b_2k/galvatron/common/01,/opt/hbv/trainir-h20-experiments/20260927-v1/runs/llama7b_2k/galvatron/common/01/selected/galvatron_config_llama2_1nodes_8gpus_per_node_85GB_fp16_bsz256_[fsdp_ckpt_off].json,7451e67432d494a86948ad97d1681ced29d67ab61b5de51c7a54d765ca9a4acc,8,0,2,1,1,1,4,False,ddp,32,256,64,1.0,True,1,0,False
llama7b_2k,common,completed,/opt/hbv/trainir-h20-experiments/20260927-v1/runs/llama7b_2k/galvatron/common/01,/opt/hbv/trainir-h20-experiments/20260927-v1/runs/llama7b_2k/galvatron/common/01/selected/galvatron_config_llama2_1nodes_8gpus_per_node_85GB_fp16_bsz256_[fsdp_ckpt_off].json,7451e67432d494a86948ad97d1681ced29d67ab61b5de51c7a54d765ca9a4acc,9,0,2,1,1,1,4,False,ddp,32,256,64,1.0,True,1,0,False
llama7b_2k,common,completed,/opt/hbv/trainir-h20-experiments/20260927-v1/runs/llama7b_2k/galvatron/common/01,/opt/hbv/trainir-h20-experiments/20260927-v1/runs/llama7b_2k/galvatron/common/01/selected/galvatron_config_llama2_1nodes_8gpus_per_node_85GB_fp16_bsz256_[fsdp_ckpt_off].json,7451e67432d494a86948ad97d1681ced29d67ab61b5de51c7a54d765ca9a4acc,10,0,2,1,1,1,4,False,ddp,32,256,64,1.0,True,1,0,False
llama7b_2k,common,completed,/opt/hbv/trainir-h20-experiments/20260927-v1/runs/llama7b_2k/galvatron/common/01,/opt/hbv/trainir-h20-experiments/20260927-v1/runs/llama7b_2k/galvatron/common/01/selected/galvatron_config_llama2_1nodes_8gpus_per_node_85GB_fp16_bsz256_[fsdp_ckpt_off].json,7451e67432d494a86948ad97d1681ced29d67ab61b5de51c7a54d765ca9a4acc,11,0,2,1,1,1,4,False,ddp,32,256,64,1.0,True,1,0,False
llama7b_2k,common,completed,/opt/hbv/trainir-h20-experiments/20260927-v1/runs/llama7b_2k/galvatron/common/01,/opt/hbv/trainir-h20-experiments/20260927-v1/runs/llama7b_2k/galvatron/common/01/selected/galvatron_config_llama2_1nodes_8gpus_per_node_85GB_fp16_bsz256_[fsdp_ckpt_off].json,7451e67432d494a86948ad97d1681ced29d67ab61b5de51c7a54d765ca9a4acc,12,0,2,1,1,1,4,False,ddp,32,256,64,1.0,True,1,0,False
llama7b_2k,common,completed,/opt/hbv/trainir-h20-experiments/20260927-v1/runs/llama7b_2k/galvatron/common/01,/opt/hbv/trainir-h20-experiments/20260927-v1/runs/llama7b_2k/galvatron/common/01/selected/galvatron_config_llama2_1nodes_8gpus_per_node_85GB_fp16_bsz256_[fsdp_ckpt_off].json,7451e67432d494a86948ad97d1681ced29d67ab61b5de51c7a54d765ca9a4acc,13,0,2,1,1,1,4,False,ddp,32,256,64,1.0,True,1,0,False
llama7b_2k,common,completed,/opt/hbv/trainir-h20-experiments/20260927-v1/runs/llama7b_2k/galvatron/common/01,/opt/hbv/trainir-h20-experiments/20260927-v1/runs/llama7b_2k/galvatron/common/01/selected/galvatron_config_llama2_1nodes_8gpus_per_node_85GB_fp16_bsz256_[fsdp_ckpt_off].json,7451e67432d494a86948ad97d1681ced29d67ab61b5de51c7a54d765ca9a4acc,14,0,2,1,1,1,4,False,ddp,32,256,64,1.0,True,1,0,False
llama7b_2k,common,completed,/opt/hbv/trainir-h20-experiments/20260927-v1/runs/llama7b_2k/galvatron/common/01,/opt/hbv/trainir-h20-experiments/20260927-v1/runs/llama7b_2k/galvatron/common/01/selected/galvatron_config_llama2_1nodes_8gpus_per_node_85GB_fp16_bsz256_[fsdp_ckpt_off].json,7451e67432d494a86948ad97d1681ced29d67ab61b5de51c7a54d765ca9a4acc,15,0,2,1,1,1,4,False,ddp,32,256,64,1.0,True,1,0,False
llama7b_2k,common,completed,/opt/hbv/trainir-h20-experiments/20260927-v1/runs/llama7b_2k/galvatron/common/01,/opt/hbv/trainir-h20-experiments/20260927-v1/runs/llama7b_2k/galvatron/common/01/selected/galvatron_config_llama2_1nodes_8gpus_per_node_85GB_fp16_bsz256_[fsdp_ckpt_off].json,7451e67432d494a86948ad97d1681ced29d67ab61b5de51c7a54d765ca9a4acc,16,1,2,1,1,1,4,False,ddp,32,256,64,1.0,True,1,0,False
llama7b_2k,common,completed,/opt/hbv/trainir-h20-experiments/20260927-v1/runs/llama7b_2k/galvatron/common/01,/opt/hbv/trainir-h20-experiments/20260927-v1/runs/llama7b_2k/galvatron/common/01/selected/galvatron_config_llama2_1nodes_8gpus_per_node_85GB_fp16_bsz256_[fsdp_ckpt_off].json,7451e67432d494a86948ad97d1681ced29d67ab61b5de51c7a54d765ca9a4acc,17,1,2,1,1,1,4,False,ddp,32,256,64,1.0,True,1,0,False
llama7b_2k,common,completed,/opt/hbv/trainir-h20-experiments/20260927-v1/runs/llama7b_2k/galvatron/common/01,/opt/hbv/trainir-h20-experiments/20260927-v1/runs/llama7b_2k/galvatron/common/01/selected/galvatron_config_llama2_1nodes_8gpus_per_node_85GB_fp16_bsz256_[fsdp_ckpt_off].json,7451e67432d494a86948ad97d1681ced29d67ab61b5de51c7a54d765ca9a4acc,18,1,2,1,1,1,4,False,ddp,32,256,64,1.0,True,1,0,False
llama7b_2k,common,completed,/opt/hbv/trainir-h20-experiments/20260927-v1/runs/llama7b_2k/galvatron/common/01,/opt/hbv/trainir-h20-experiments/20260927-v1/runs/llama7b_2k/galvatron/common/01/selected/galvatron_config_llama2_1nodes_8gpus_per_node_85GB_fp16_bsz256_[fsdp_ckpt_off].json,7451e67432d494a86948ad97d1681ced29d67ab61b5de51c7a54d765ca9a4acc,19,1,2,1,1,1,4,False,ddp,32,256,64,1.0,True,1,0,False
llama7b_2k,common,completed,/opt/hbv/trainir-h20-experiments/20260927-v1/runs/llama7b_2k/galvatron/common/01,/opt/hbv/trainir-h20-experiments/20260927-v1/runs/llama7b_2k/galvatron/common/01/selected/galvatron_config_llama2_1nodes_8gpus_per_node_85GB_fp16_bsz256_[fsdp_ckpt_off].json,7451e67432d494a86948ad97d1681ced29d67ab61b5de51c7a54d765ca9a4acc,20,1,2,1,1,1,4,False,ddp,32,256,64,1.0,True,1,0,False
llama7b_2k,common,completed,/opt/hbv/trainir-h20-experiments/20260927-v1/runs/llama7b_2k/galvatron/common/01,/opt/hbv/trainir-h20-experiments/20260927-v1/runs/llama7b_2k/galvatron/common/01/selected/galvatron_config_llama2_1nodes_8gpus_per_node_85GB_fp16_bsz256_[fsdp_ckpt_off].json,7451e67432d494a86948ad97d1681ced29d67ab61b5de51c7a54d765ca9a4acc,21,1,2,1,1,1,4,False,ddp,32,256,64,1.0,True,1,0,False
llama7b_2k,common,completed,/opt/hbv/trainir-h20-experiments/20260927-v1/runs/llama7b_2k/galvatron/common/01,/opt/hbv/trainir-h20-experiments/20260927-v1/runs/llama7b_2k/galvatron/common/01/selected/galvatron_config_llama2_1nodes_8gpus_per_node_85GB_fp16_bsz256_[fsdp_ckpt_off].json,7451e67432d494a86948ad97d1681ced29d67ab61b5de51c7a54d765ca9a4acc,22,1,2,1,1,1,4,False,ddp,32,256,64,1.0,True,1,0,False
llama7b_2k,common,completed,/opt/hbv/trainir-h20-experiments/20260927-v1/runs/llama7b_2k/galvatron/common/01,/opt/hbv/trainir-h20-experiments/20260927-v1/runs/llama7b_2k/galvatron/common/01/selected/galvatron_config_llama2_1nodes_8gpus_per_node_85GB_fp16_bsz256_[fsdp_ckpt_off].json,7451e67432d494a86948ad97d1681ced29d67ab61b5de51c7a54d765ca9a4acc,23,1,2,1,1,1,4,False,ddp,32,256,64,1.0,True,1,0,False
llama7b_2k,common,completed,/opt/hbv/trainir-h20-experiments/20260927-v1/runs/llama7b_2k/galvatron/common/01,/opt/hbv/trainir-h20-experiments/20260927-v1/runs/llama7b_2k/galvatron/common/01/selected/galvatron_config_llama2_1nodes_8gpus_per_node_85GB_fp16_bsz256_[fsdp_ckpt_off].json,7451e67432d494a86948ad97d1681ced29d67ab61b5de51c7a54d765ca9a4acc,24,1,2,1,1,1,4,False,ddp,32,256,64,1.0,True,1,0,False
llama7b_2k,common,completed,/opt/hbv/trainir-h20-experiments/20260927-v1/runs/llama7b_2k/galvatron/common/01,/opt/hbv/trainir-h20-experiments/20260927-v1/runs/llama7b_2k/galvatron/common/01/selected/galvatron_config_llama2_1nodes_8gpus_per_node_85GB_fp16_bsz256_[fsdp_ckpt_off].json,7451e67432d494a86948ad97d1681ced29d67ab61b5de51c7a54d765ca9a4acc,25,1,2,1,1,1,4,False,ddp,32,256,64,1.0,True,1,0,False
llama7b_2k,common,completed,/opt/hbv/trainir-h20-experiments/20260927-v1/runs/llama7b_2k/galvatron/common/01,/opt/hbv/trainir-h20-experiments/20260927-v1/runs/llama7b_2k/galvatron/common/01/selected/galvatron_config_llama2_1nodes_8gpus_per_node_85GB_fp16_bsz256_[fsdp_ckpt_off].json,7451e67432d494a86948ad97d1681ced29d67ab61b5de51c7a54d765ca9a4acc,26,1,2,1,1,1,4,False,ddp,32,256,64,1.0,True,1,0,False
llama7b_2k,common,completed,/opt/hbv/trainir-h20-experiments/20260927-v1/runs/llama7b_2k/galvatron/common/01,/opt/hbv/trainir-h20-experiments/20260927-v1/runs/llama7b_2k/galvatron/common/01/selected/galvatron_config_llama2_1nodes_8gpus_per_node_85GB_fp16_bsz256_[fsdp_ckpt_off].json,7451e67432d494a86948ad97d1681ced29d67ab61b5de51c7a54d765ca9a4acc,27,1,2,1,1,1,4,False,ddp,32,256,64,1.0,True,1,0,False
llama7b_2k,common,completed,/opt/hbv/trainir-h20-experiments/20260927-v1/runs/llama7b_2k/galvatron/common/01,/opt/hbv/trainir-h20-experiments/20260927-v1/runs/llama7b_2k/galvatron/common/01/selected/galvatron_config_llama2_1nodes_8gpus_per_node_85GB_fp16_bsz256_[fsdp_ckpt_off].json,7451e67432d494a86948ad97d1681ced29d67ab61b5de51c7a54d765ca9a4acc,28,1,2,1,1,1,4,False,ddp,32,256,64,1.0,True,1,0,False
llama7b_2k,common,completed,/opt/hbv/trainir-h20-experiments/20260927-v1/runs/llama7b_2k/galvatron/common/01,/opt/hbv/trainir-h20-experiments/20260927-v1/runs/llama7b_2k/galvatron/common/01/selected/galvatron_config_llama2_1nodes_8gpus_per_node_85GB_fp16_bsz256_[fsdp_ckpt_off].json,7451e67432d494a86948ad97d1681ced29d67ab61b5de51c7a54d765ca9a4acc,29,1,2,1,1,1,4,False,ddp,32,256,64,1.0,True,1,0,False
llama7b_2k,common,completed,/opt/hbv/trainir-h20-experiments/20260927-v1/runs/llama7b_2k/galvatron/common/01,/opt/hbv/trainir-h20-experiments/20260927-v1/runs/llama7b_2k/galvatron/common/01/selected/galvatron_config_llama2_1nodes_8gpus_per_node_85GB_fp16_bsz256_[fsdp_ckpt_off].json,7451e67432d494a86948ad97d1681ced29d67ab61b5de51c7a54d765ca9a4acc,30,1,2,1,1,1,4,False,ddp,32,256,64,1.0,True,1,0,False
llama7b_2k,common,completed,/opt/hbv/trainir-h20-experiments/20260927-v1/runs/llama7b_2k/galvatron/common/01,/opt/hbv/trainir-h20-experiments/20260927-v1/runs/llama7b_2k/galvatron/common/01/selected/galvatron_config_llama2_1nodes_8gpus_per_node_85GB_fp16_bsz256_[fsdp_ckpt_off].json,7451e67432d494a86948ad97d1681ced29d67ab61b5de51c7a54d765ca9a4acc,31,1,2,1,1,1,4,False,ddp,32,256,64,1.0,True,1,0,False
llama7b_2k,full,completed,/opt/hbv/trainir-h20-experiments/20260927-v1/runs/llama7b_2k/galvatron/full/01,/opt/hbv/trainir-h20-experiments/20260927-v1/runs/llama7b_2k/galvatron/full/01/selected/galvatron_config_llama2_1nodes_8gpus_per_node_85GB_fp16_bsz256.json,02d1593b23ac25279d01d83ba0c5e860e9865ac1a03cddd341dcf5d90e7a1659,0,0,1,1,1,1,8,False,zero3,32,256,8,4.0,True,1,0,True
llama7b_2k,full,completed,/opt/hbv/trainir-h20-experiments/20260927-v1/runs/llama7b_2k/galvatron/full/01,/opt/hbv/trainir-h20-experiments/20260927-v1/runs/llama7b_2k/galvatron/full/01/selected/galvatron_config_llama2_1nodes_8gpus_per_node_85GB_fp16_bsz256.json,02d1593b23ac25279d01d83ba0c5e860e9865ac1a03cddd341dcf5d90e7a1659,1,0,1,1,1,1,8,False,zero3,32,256,8,4.0,True,1,0,True
llama7b_2k,full,completed,/opt/hbv/trainir-h20-experiments/20260927-v1/runs/llama7b_2k/galvatron/full/01,/opt/hbv/trainir-h20-experiments/20260927-v1/runs/llama7b_2k/galvatron/full/01/selected/galvatron_config_llama2_1nodes_8gpus_per_node_85GB_fp16_bsz256.json,02d1593b23ac25279d01d83ba0c5e860e9865ac1a03cddd341dcf5d90e7a1659,2,0,1,1,1,1,8,False,zero3,32,256,8,4.0,True,1,0,True
llama7b_2k,full,completed,/opt/hbv/trainir-h20-experiments/20260927-v1/runs/llama7b_2k/galvatron/full/01,/opt/hbv/trainir-h20-experiments/20260927-v1/runs/llama7b_2k/galvatron/full/01/selected/galvatron_config_llama2_1nodes_8gpus_per_node_85GB_fp16_bsz256.json,02d1593b23ac25279d01d83ba0c5e860e9865ac1a03cddd341dcf5d90e7a1659,3,0,1,1,1,1,8,False,zero3,32,256,8,4.0,True,1,0,True
llama7b_2k,full,completed,/opt/hbv/trainir-h20-experiments/20260927-v1/runs/llama7b_2k/galvatron/full/01,/opt/hbv/trainir-h20-experiments/20260927-v1/runs/llama7b_2k/galvatron/full/01/selected/galvatron_config_llama2_1nodes_8gpus_per_node_85GB_fp16_bsz256.json,02d1593b23ac25279d01d83ba0c5e860e9865ac1a03cddd341dcf5d90e7a1659,4,0,1,1,1,1,8,False,zero3,32,256,8,4.0,True,1,0,True
llama7b_2k,full,completed,/opt/hbv/trainir-h20-experiments/20260927-v1/runs/llama7b_2k/galvatron/full/01,/opt/hbv/trainir-h20-experiments/20260927-v1/runs/llama7b_2k/galvatron/full/01/selected/galvatron_config_llama2_1nodes_8gpus_per_node_85GB_fp16_bsz256.json,02d1593b23ac25279d01d83ba0c5e860e9865ac1a03cddd341dcf5d90e7a1659,5,0,1,1,1,1,8,False,zero3,32,256,8,4.0,True,1,0,True
llama7b_2k,full,completed,/opt/hbv/trainir-h20-experiments/20260927-v1/runs/llama7b_2k/galvatron/full/01,/opt/hbv/trainir-h20-experiments/20260927-v1/runs/llama7b_2k/galvatron/full/01/selected/galvatron_config_llama2_1nodes_8gpus_per_node_85GB_fp16_bsz256.json,02d1593b23ac25279d01d83ba0c5e860e9865ac1a03cddd341dcf5d90e7a1659,6,0,1,1,1,1,8,False,zero3,32,256,8,4.0,True,1,0,True
llama7b_2k,full,completed,/opt/hbv/trainir-h20-experiments/20260927-v1/runs/llama7b_2k/galvatron/full/01,/opt/hbv/trainir-h20-experiments/20260927-v1/runs/llama7b_2k/galvatron/full/01/selected/galvatron_config_llama2_1nodes_8gpus_per_node_85GB_fp16_bsz256.json,02d1593b23ac25279d01d83ba0c5e860e9865ac1a03cddd341dcf5d90e7a1659,7,0,1,1,1,1,8,False,zero3,32,256,8,4.0,True,1,0,True
llama7b_2k,full,completed,/opt/hbv/trainir-h20-experiments/20260927-v1/runs/llama7b_2k/galvatron/full/01,/opt/hbv/trainir-h20-experiments/20260927-v1/runs/llama7b_2k/galvatron/full/01/selected/galvatron_config_llama2_1nodes_8gpus_per_node_85GB_fp16_bsz256.json,02d1593b23ac25279d01d83ba0c5e860e9865ac1a03cddd341dcf5d90e7a1659,8,0,1,1,1,1,8,False,zero3,32,256,8,4.0,True,1,0,True
llama7b_2k,full,completed,/opt/hbv/trainir-h20-experiments/20260927-v1/runs/llama7b_2k/galvatron/full/01,/opt/hbv/trainir-h20-experiments/20260927-v1/runs/llama7b_2k/galvatron/full/01/selected/galvatron_config_llama2_1nodes_8gpus_per_node_85GB_fp16_bsz256.json,02d1593b23ac25279d01d83ba0c5e860e9865ac1a03cddd341dcf5d90e7a1659,9,0,1,1,1,1,8,False,zero3,32,256,8,4.0,True,1,0,True
llama7b_2k,full,completed,/opt/hbv/trainir-h20-experiments/20260927-v1/runs/llama7b_2k/galvatron/full/01,/opt/hbv/trainir-h20-experiments/20260927-v1/runs/llama7b_2k/galvatron/full/01/selected/galvatron_config_llama2_1nodes_8gpus_per_node_85GB_fp16_bsz256.json,02d1593b23ac25279d01d83ba0c5e860e9865ac1a03cddd341dcf5d90e7a1659,10,0,1,1,1,1,8,False,zero3,32,256,8,4.0,True,1,0,True
llama7b_2k,full,completed,/opt/hbv/trainir-h20-experiments/20260927-v1/runs/llama7b_2k/galvatron/full/01,/opt/hbv/trainir-h20-experiments/20260927-v1/runs/llama7b_2k/galvatron/full/01/selected/galvatron_config_llama2_1nodes_8gpus_per_node_85GB_fp16_bsz256.json,02d1593b23ac25279d01d83ba0c5e860e9865ac1a03cddd341dcf5d90e7a1659,11,0,1,1,1,1,8,False,zero3,32,256,8,4.0,True,1,0,True
llama7b_2k,full,completed,/opt/hbv/trainir-h20-experiments/20260927-v1/runs/llama7b_2k/galvatron/full/01,/opt/hbv/trainir-h20-experiments/20260927-v1/runs/llama7b_2k/galvatron/full/01/selected/galvatron_config_llama2_1nodes_8gpus_per_node_85GB_fp16_bsz256.json,02d1593b23ac25279d01d83ba0c5e860e9865ac1a03cddd341dcf5d90e7a1659,12,0,1,1,1,1,8,False,zero3,32,256,8,4.0,True,1,0,True
llama7b_2k,full,completed,/opt/hbv/trainir-h20-experiments/20260927-v1/runs/llama7b_2k/galvatron/full/01,/opt/hbv/trainir-h20-experiments/20260927-v1/runs/llama7b_2k/galvatron/full/01/selected/galvatron_config_llama2_1nodes_8gpus_per_node_85GB_fp16_bsz256.json,02d1593b23ac25279d01d83ba0c5e860e9865ac1a03cddd341dcf5d90e7a1659,13,0,1,1,1,1,8,False,zero3,32,256,8,4.0,True,1,0,True
llama7b_2k,full,completed,/opt/hbv/trainir-h20-experiments/20260927-v1/runs/llama7b_2k/galvatron/full/01,/opt/hbv/trainir-h20-experiments/20260927-v1/runs/llama7b_2k/galvatron/full/01/selected/galvatron_config_llama2_1nodes_8gpus_per_node_85GB_fp16_bsz256.json,02d1593b23ac25279d01d83ba0c5e860e9865ac1a03cddd341dcf5d90e7a1659,14,0,1,1,1,1,8,False,zero3,32,256,8,4.0,True,1,0,True
llama7b_2k,full,completed,/opt/hbv/trainir-h20-experiments/20260927-v1/runs/llama7b_2k/galvatron/full/01,/opt/hbv/trainir-h20-experiments/20260927-v1/runs/llama7b_2k/galvatron/full/01/selected/galvatron_config_llama2_1nodes_8gpus_per_node_85GB_fp16_bsz256.json,02d1593b23ac25279d01d83ba0c5e860e9865ac1a03cddd341dcf5d90e7a1659,15,0,1,1,1,1,8,False,zero3,32,256,8,4.0,True,1,0,True
llama7b_2k,full,completed,/opt/hbv/trainir-h20-experiments/20260927-v1/runs/llama7b_2k/galvatron/full/01,/opt/hbv/trainir-h20-experiments/20260927-v1/runs/llama7b_2k/galvatron/full/01/selected/galvatron_config_llama2_1nodes_8gpus_per_node_85GB_fp16_bsz256.json,02d1593b23ac25279d01d83ba0c5e860e9865ac1a03cddd341dcf5d90e7a1659,16,0,1,1,1,1,8,False,zero3,32,256,8,4.0,True,1,0,True
llama7b_2k,full,completed,/opt/hbv/trainir-h20-experiments/20260927-v1/runs/llama7b_2k/galvatron/full/01,/opt/hbv/trainir-h20-experiments/20260927-v1/runs/llama7b_2k/galvatron/full/01/selected/galvatron_config_llama2_1nodes_8gpus_per_node_85GB_fp16_bsz256.json,02d1593b23ac25279d01d83ba0c5e860e9865ac1a03cddd341dcf5d90e7a1659,17,0,1,1,1,1,8,False,zero3,32,256,8,4.0,True,1,0,True
llama7b_2k,full,completed,/opt/hbv/trainir-h20-experiments/20260927-v1/runs/llama7b_2k/galvatron/full/01,/opt/hbv/trainir-h20-experiments/20260927-v1/runs/llama7b_2k/galvatron/full/01/selected/galvatron_config_llama2_1nodes_8gpus_per_node_85GB_fp16_bsz256.json,02d1593b23ac25279d01d83ba0c5e860e9865ac1a03cddd341dcf5d90e7a1659,18,0,1,1,1,1,8,False,zero3,32,256,8,4.0,True,1,0,True
llama7b_2k,full,completed,/opt/hbv/trainir-h20-experiments/20260927-v1/runs/llama7b_2k/galvatron/full/01,/opt/hbv/trainir-h20-experiments/20260927-v1/runs/llama7b_2k/galvatron/full/01/selected/galvatron_config_llama2_1nodes_8gpus_per_node_85GB_fp16_bsz256.json,02d1593b23ac25279d01d83ba0c5e860e9865ac1a03cddd341dcf5d90e7a1659,19,0,1,1,1,1,8,False,zero3,32,256,8,4.0,True,1,0,True
llama7b_2k,full,completed,/opt/hbv/trainir-h20-experiments/20260927-v1/runs/llama7b_2k/galvatron/full/01,/opt/hbv/trainir-h20-experiments/20260927-v1/runs/llama7b_2k/galvatron/full/01/selected/galvatron_config_llama2_1nodes_8gpus_per_node_85GB_fp16_bsz256.json,02d1593b23ac25279d01d83ba0c5e860e9865ac1a03cddd341dcf5d90e7a1659,20,0,1,1,1,1,8,False,zero3,32,256,8,4.0,True,1,0,True
llama7b_2k,full,completed,/opt/hbv/trainir-h20-experiments/20260927-v1/runs/llama7b_2k/galvatron/full/01,/opt/hbv/trainir-h20-experiments/20260927-v1/runs/llama7b_2k/galvatron/full/01/selected/galvatron_config_llama2_1nodes_8gpus_per_node_85GB_fp16_bsz256.json,02d1593b23ac25279d01d83ba0c5e860e9865ac1a03cddd341dcf5d90e7a1659,21,0,1,1,1,1,8,False,zero3,32,256,8,4.0,True,1,0,True
llama7b_2k,full,completed,/opt/hbv/trainir-h20-experiments/20260927-v1/runs/llama7b_2k/galvatron/full/01,/opt/hbv/trainir-h20-experiments/20260927-v1/runs/llama7b_2k/galvatron/full/01/selected/galvatron_config_llama2_1nodes_8gpus_per_node_85GB_fp16_bsz256.json,02d1593b23ac25279d01d83ba0c5e860e9865ac1a03cddd341dcf5d90e7a1659,22,0,1,1,1,1,8,False,zero3,32,256,8,4.0,True,1,0,True
llama7b_2k,full,completed,/opt/hbv/trainir-h20-experiments/20260927-v1/runs/llama7b_2k/galvatron/full/01,/opt/hbv/trainir-h20-experiments/20260927-v1/runs/llama7b_2k/galvatron/full/01/selected/galvatron_config_llama2_1nodes_8gpus_per_node_85GB_fp16_bsz256.json,02d1593b23ac25279d01d83ba0c5e860e9865ac1a03cddd341dcf5d90e7a1659,23,0,1,1,1,1,8,False,zero3,32,256,8,4.0,True,1,0,True
llama7b_2k,full,completed,/opt/hbv/trainir-h20-experiments/20260927-v1/runs/llama7b_2k/galvatron/full/01,/opt/hbv/trainir-h20-experiments/20260927-v1/runs/llama7b_2k/galvatron/full/01/selected/galvatron_config_llama2_1nodes_8gpus_per_node_85GB_fp16_bsz256.json,02d1593b23ac25279d01d83ba0c5e860e9865ac1a03cddd341dcf5d90e7a1659,24,0,1,1,1,1,8,False,zero3,32,256,8,4.0,True,1,0,True
llama7b_2k,full,completed,/opt/hbv/trainir-h20-experiments/20260927-v1/runs/llama7b_2k/galvatron/full/01,/opt/hbv/trainir-h20-experiments/20260927-v1/runs/llama7b_2k/galvatron/full/01/selected/galvatron_config_llama2_1nodes_8gpus_per_node_85GB_fp16_bsz256.json,02d1593b23ac25279d01d83ba0c5e860e9865ac1a03cddd341dcf5d90e7a1659,25,0,1,1,1,1,8,False,zero3,32,256,8,4.0,True,1,0,True
llama7b_2k,full,completed,/opt/hbv/trainir-h20-experiments/20260927-v1/runs/llama7b_2k/galvatron/full/01,/opt/hbv/trainir-h20-experiments/20260927-v1/runs/llama7b_2k/galvatron/full/01/selected/galvatron_config_llama2_1nodes_8gpus_per_node_85GB_fp16_bsz256.json,02d1593b23ac25279d01d83ba0c5e860e9865ac1a03cddd341dcf5d90e7a1659,26,0,1,1,1,1,8,False,zero3,32,256,8,4.0,True,1,0,True
llama7b_2k,full,completed,/opt/hbv/trainir-h20-experiments/20260927-v1/runs/llama7b_2k/galvatron/full/01,/opt/hbv/trainir-h20-experiments/20260927-v1/runs/llama7b_2k/galvatron/full/01/selected/galvatron_config_llama2_1nodes_8gpus_per_node_85GB_fp16_bsz256.json,02d1593b23ac25279d01d83ba0c5e860e9865ac1a03cddd341dcf5d90e7a1659,27,0,1,1,1,1,8,False,zero3,32,256,8,4.0,True,1,0,True
llama7b_2k,full,completed,/opt/hbv/trainir-h20-experiments/20260927-v1/runs/llama7b_2k/galvatron/full/01,/opt/hbv/trainir-h20-experiments/20260927-v1/runs/llama7b_2k/galvatron/full/01/selected/galvatron_config_llama2_1nodes_8gpus_per_node_85GB_fp16_bsz256.json,02d1593b23ac25279d01d83ba0c5e860e9865ac1a03cddd341dcf5d90e7a1659,28,0,1,1,1,1,8,False,zero3,32,256,8,4.0,True,1,0,True
llama7b_2k,full,completed,/opt/hbv/trainir-h20-experiments/20260927-v1/runs/llama7b_2k/galvatron/full/01,/opt/hbv/trainir-h20-experiments/20260927-v1/runs/llama7b_2k/galvatron/full/01/selected/galvatron_config_llama2_1nodes_8gpus_per_node_85GB_fp16_bsz256.json,02d1593b23ac25279d01d83ba0c5e860e9865ac1a03cddd341dcf5d90e7a1659,29,0,1,1,1,1,8,False,zero3,32,256,8,4.0,True,1,0,True
llama7b_2k,full,completed,/opt/hbv/trainir-h20-experiments/20260927-v1/runs/llama7b_2k/galvatron/full/01,/opt/hbv/trainir-h20-experiments/20260927-v1/runs/llama7b_2k/galvatron/full/01/selected/galvatron_config_llama2_1nodes_8gpus_per_node_85GB_fp16_bsz256.json,02d1593b23ac25279d01d83ba0c5e860e9865ac1a03cddd341dcf5d90e7a1659,30,0,1,1,1,1,8,False,zero3,32,256,8,4.0,True,1,0,True
llama7b_2k,full,completed,/opt/hbv/trainir-h20-experiments/20260927-v1/runs/llama7b_2k/galvatron/full/01,/opt/hbv/trainir-h20-experiments/20260927-v1/runs/llama7b_2k/galvatron/full/01/selected/galvatron_config_llama2_1nodes_8gpus_per_node_85GB_fp16_bsz256.json,02d1593b23ac25279d01d83ba0c5e860e9865ac1a03cddd341dcf5d90e7a1659,31,0,1,1,1,1,8,False,ddp,32,256,8,4.0,True,1,0,True
llama2_7b_4k,common,completed,/opt/hbv/trainir-h20-experiments/20260927-v1/runs/llama2_7b_4k/galvatron/common/01,/opt/hbv/trainir-h20-experiments/20260927-v1/runs/llama2_7b_4k/galvatron/common/01/selected/galvatron_config_llama2_1nodes_8gpus_per_node_85GB_fp16_bsz256_[fsdp_ckpt_off].json,75af002adcd1d33007c03d0423ff51b087e93b546cfb5b68bcacd4205d0eb49f,0,0,1,2,1,1,4,False,ddp,32,256,64,1.0,True,2,0,False
llama2_7b_4k,common,completed,/opt/hbv/trainir-h20-experiments/20260927-v1/runs/llama2_7b_4k/galvatron/common/01,/opt/hbv/trainir-h20-experiments/20260927-v1/runs/llama2_7b_4k/galvatron/common/01/selected/galvatron_config_llama2_1nodes_8gpus_per_node_85GB_fp16_bsz256_[fsdp_ckpt_off].json,75af002adcd1d33007c03d0423ff51b087e93b546cfb5b68bcacd4205d0eb49f,1,0,1,2,1,1,4,False,ddp,32,256,64,1.0,True,2,0,False
llama2_7b_4k,common,completed,/opt/hbv/trainir-h20-experiments/20260927-v1/runs/llama2_7b_4k/galvatron/common/01,/opt/hbv/trainir-h20-experiments/20260927-v1/runs/llama2_7b_4k/galvatron/common/01/selected/galvatron_config_llama2_1nodes_8gpus_per_node_85GB_fp16_bsz256_[fsdp_ckpt_off].json,75af002adcd1d33007c03d0423ff51b087e93b546cfb5b68bcacd4205d0eb49f,2,0,1,2,1,1,4,False,ddp,32,256,64,1.0,True,2,0,False
llama2_7b_4k,common,completed,/opt/hbv/trainir-h20-experiments/20260927-v1/runs/llama2_7b_4k/galvatron/common/01,/opt/hbv/trainir-h20-experiments/20260927-v1/runs/llama2_7b_4k/galvatron/common/01/selected/galvatron_config_llama2_1nodes_8gpus_per_node_85GB_fp16_bsz256_[fsdp_ckpt_off].json,75af002adcd1d33007c03d0423ff51b087e93b546cfb5b68bcacd4205d0eb49f,3,0,1,2,1,1,4,False,ddp,32,256,64,1.0,True,2,0,False
llama2_7b_4k,common,completed,/opt/hbv/trainir-h20-experiments/20260927-v1/runs/llama2_7b_4k/galvatron/common/01,/opt/hbv/trainir-h20-experiments/20260927-v1/runs/llama2_7b_4k/galvatron/common/01/selected/galvatron_config_llama2_1nodes_8gpus_per_node_85GB_fp16_bsz256_[fsdp_ckpt_off].json,75af002adcd1d33007c03d0423ff51b087e93b546cfb5b68bcacd4205d0eb49f,4,0,1,2,1,1,4,False,ddp,32,256,64,1.0,True,2,0,False
llama2_7b_4k,common,completed,/opt/hbv/trainir-h20-experiments/20260927-v1/runs/llama2_7b_4k/galvatron/common/01,/opt/hbv/trainir-h20-experiments/20260927-v1/runs/llama2_7b_4k/galvatron/common/01/selected/galvatron_config_llama2_1nodes_8gpus_per_node_85GB_fp16_bsz256_[fsdp_ckpt_off].json,75af002adcd1d33007c03d0423ff51b087e93b546cfb5b68bcacd4205d0eb49f,5,0,1,2,1,1,4,False,ddp,32,256,64,1.0,True,2,0,False
llama2_7b_4k,common,completed,/opt/hbv/trainir-h20-experiments/20260927-v1/runs/llama2_7b_4k/galvatron/common/01,/opt/hbv/trainir-h20-experiments/20260927-v1/runs/llama2_7b_4k/galvatron/common/01/selected/galvatron_config_llama2_1nodes_8gpus_per_node_85GB_fp16_bsz256_[fsdp_ckpt_off].json,75af002adcd1d33007c03d0423ff51b087e93b546cfb5b68bcacd4205d0eb49f,6,0,1,2,1,1,4,False,ddp,32,256,64,1.0,True,2,0,False
llama2_7b_4k,common,completed,/opt/hbv/trainir-h20-experiments/20260927-v1/runs/llama2_7b_4k/galvatron/common/01,/opt/hbv/trainir-h20-experiments/20260927-v1/runs/llama2_7b_4k/galvatron/common/01/selected/galvatron_config_llama2_1nodes_8gpus_per_node_85GB_fp16_bsz256_[fsdp_ckpt_off].json,75af002adcd1d33007c03d0423ff51b087e93b546cfb5b68bcacd4205d0eb49f,7,0,1,2,1,1,4,False,ddp,32,256,64,1.0,True,2,0,False
llama2_7b_4k,common,completed,/opt/hbv/trainir-h20-experiments/20260927-v1/runs/llama2_7b_4k/galvatron/common/01,/opt/hbv/trainir-h20-experiments/20260927-v1/runs/llama2_7b_4k/galvatron/common/01/selected/galvatron_config_llama2_1nodes_8gpus_per_node_85GB_fp16_bsz256_[fsdp_ckpt_off].json,75af002adcd1d33007c03d0423ff51b087e93b546cfb5b68bcacd4205d0eb49f,8,0,1,2,1,1,4,False,ddp,32,256,64,1.0,True,2,0,False
llama2_7b_4k,common,completed,/opt/hbv/trainir-h20-experiments/20260927-v1/runs/llama2_7b_4k/galvatron/common/01,/opt/hbv/trainir-h20-experiments/20260927-v1/runs/llama2_7b_4k/galvatron/common/01/selected/galvatron_config_llama2_1nodes_8gpus_per_node_85GB_fp16_bsz256_[fsdp_ckpt_off].json,75af002adcd1d33007c03d0423ff51b087e93b546cfb5b68bcacd4205d0eb49f,9,0,1,2,1,1,4,False,ddp,32,256,64,1.0,True,2,0,False
llama2_7b_4k,common,completed,/opt/hbv/trainir-h20-experiments/20260927-v1/runs/llama2_7b_4k/galvatron/common/01,/opt/hbv/trainir-h20-experiments/20260927-v1/runs/llama2_7b_4k/galvatron/common/01/selected/galvatron_config_llama2_1nodes_8gpus_per_node_85GB_fp16_bsz256_[fsdp_ckpt_off].json,75af002adcd1d33007c03d0423ff51b087e93b546cfb5b68bcacd4205d0eb49f,10,0,1,2,1,1,4,False,ddp,32,256,64,1.0,True,2,0,False
llama2_7b_4k,common,completed,/opt/hbv/trainir-h20-experiments/20260927-v1/runs/llama2_7b_4k/galvatron/common/01,/opt/hbv/trainir-h20-experiments/20260927-v1/runs/llama2_7b_4k/galvatron/common/01/selected/galvatron_config_llama2_1nodes_8gpus_per_node_85GB_fp16_bsz256_[fsdp_ckpt_off].json,75af002adcd1d33007c03d0423ff51b087e93b546cfb5b68bcacd4205d0eb49f,11,0,1,2,1,1,4,False,ddp,32,256,64,1.0,True,2,0,False
llama2_7b_4k,common,completed,/opt/hbv/trainir-h20-experiments/20260927-v1/runs/llama2_7b_4k/galvatron/common/01,/opt/hbv/trainir-h20-experiments/20260927-v1/runs/llama2_7b_4k/galvatron/common/01/selected/galvatron_config_llama2_1nodes_8gpus_per_node_85GB_fp16_bsz256_[fsdp_ckpt_off].json,75af002adcd1d33007c03d0423ff51b087e93b546cfb5b68bcacd4205d0eb49f,12,0,1,2,1,1,4,False,ddp,32,256,64,1.0,True,2,0,False
llama2_7b_4k,common,completed,/opt/hbv/trainir-h20-experiments/20260927-v1/runs/llama2_7b_4k/galvatron/common/01,/opt/hbv/trainir-h20-experiments/20260927-v1/runs/llama2_7b_4k/galvatron/common/01/selected/galvatron_config_llama2_1nodes_8gpus_per_node_85GB_fp16_bsz256_[fsdp_ckpt_off].json,75af002adcd1d33007c03d0423ff51b087e93b546cfb5b68bcacd4205d0eb49f,13,0,1,2,1,1,4,False,ddp,32,256,64,1.0,True,2,0,False
llama2_7b_4k,common,completed,/opt/hbv/trainir-h20-experiments/20260927-v1/runs/llama2_7b_4k/galvatron/common/01,/opt/hbv/trainir-h20-experiments/20260927-v1/runs/llama2_7b_4k/galvatron/common/01/selected/galvatron_config_llama2_1nodes_8gpus_per_node_85GB_fp16_bsz256_[fsdp_ckpt_off].json,75af002adcd1d33007c03d0423ff51b087e93b546cfb5b68bcacd4205d0eb49f,14,0,1,2,1,1,4,False,ddp,32,256,64,1.0,True,2,0,False
llama2_7b_4k,common,completed,/opt/hbv/trainir-h20-experiments/20260927-v1/runs/llama2_7b_4k/galvatron/common/01,/opt/hbv/trainir-h20-experiments/20260927-v1/runs/llama2_7b_4k/galvatron/common/01/selected/galvatron_config_llama2_1nodes_8gpus_per_node_85GB_fp16_bsz256_[fsdp_ckpt_off].json,75af002adcd1d33007c03d0423ff51b087e93b546cfb5b68bcacd4205d0eb49f,15,0,1,2,1,1,4,False,ddp,32,256,64,1.0,True,2,0,False
llama2_7b_4k,common,completed,/opt/hbv/trainir-h20-experiments/20260927-v1/runs/llama2_7b_4k/galvatron/common/01,/opt/hbv/trainir-h20-experiments/20260927-v1/runs/llama2_7b_4k/galvatron/common/01/selected/galvatron_config_llama2_1nodes_8gpus_per_node_85GB_fp16_bsz256_[fsdp_ckpt_off].json,75af002adcd1d33007c03d0423ff51b087e93b546cfb5b68bcacd4205d0eb49f,16,0,1,2,1,1,4,False,ddp,32,256,64,1.0,True,2,0,False
llama2_7b_4k,common,completed,/opt/hbv/trainir-h20-experiments/20260927-v1/runs/llama2_7b_4k/galvatron/common/01,/opt/hbv/trainir-h20-experiments/20260927-v1/runs/llama2_7b_4k/galvatron/common/01/selected/galvatron_config_llama2_1nodes_8gpus_per_node_85GB_fp16_bsz256_[fsdp_ckpt_off].json,75af002adcd1d33007c03d0423ff51b087e93b546cfb5b68bcacd4205d0eb49f,17,0,1,2,1,1,4,False,ddp,32,256,64,1.0,True,2,0,False
llama2_7b_4k,common,completed,/opt/hbv/trainir-h20-experiments/20260927-v1/runs/llama2_7b_4k/galvatron/common/01,/opt/hbv/trainir-h20-experiments/20260927-v1/runs/llama2_7b_4k/galvatron/common/01/selected/galvatron_config_llama2_1nodes_8gpus_per_node_85GB_fp16_bsz256_[fsdp_ckpt_off].json,75af002adcd1d33007c03d0423ff51b087e93b546cfb5b68bcacd4205d0eb49f,18,0,1,2,1,1,4,False,ddp,32,256,64,1.0,True,2,0,False
llama2_7b_4k,common,completed,/opt/hbv/trainir-h20-experiments/20260927-v1/runs/llama2_7b_4k/galvatron/common/01,/opt/hbv/trainir-h20-experiments/20260927-v1/runs/llama2_7b_4k/galvatron/common/01/selected/galvatron_config_llama2_1nodes_8gpus_per_node_85GB_fp16_bsz256_[fsdp_ckpt_off].json,75af002adcd1d33007c03d0423ff51b087e93b546cfb5b68bcacd4205d0eb49f,19,0,1,2,1,1,4,False,ddp,32,256,64,1.0,True,2,0,False
llama2_7b_4k,common,completed,/opt/hbv/trainir-h20-experiments/20260927-v1/runs/llama2_7b_4k/galvatron/common/01,/opt/hbv/trainir-h20-experiments/20260927-v1/runs/llama2_7b_4k/galvatron/common/01/selected/galvatron_config_llama2_1nodes_8gpus_per_node_85GB_fp16_bsz256_[fsdp_ckpt_off].json,75af002adcd1d33007c03d0423ff51b087e93b546cfb5b68bcacd4205d0eb49f,20,0,1,2,1,1,4,False,ddp,32,256,64,1.0,True,2,0,False
llama2_7b_4k,common,completed,/opt/hbv/trainir-h20-experiments/20260927-v1/runs/llama2_7b_4k/galvatron/common/01,/opt/hbv/trainir-h20-experiments/20260927-v1/runs/llama2_7b_4k/galvatron/common/01/selected/galvatron_config_llama2_1nodes_8gpus_per_node_85GB_fp16_bsz256_[fsdp_ckpt_off].json,75af002adcd1d33007c03d0423ff51b087e93b546cfb5b68bcacd4205d0eb49f,21,0,1,2,1,1,4,False,ddp,32,256,64,1.0,True,2,0,False
llama2_7b_4k,common,completed,/opt/hbv/trainir-h20-experiments/20260927-v1/runs/llama2_7b_4k/galvatron/common/01,/opt/hbv/trainir-h20-experiments/20260927-v1/runs/llama2_7b_4k/galvatron/common/01/selected/galvatron_config_llama2_1nodes_8gpus_per_node_85GB_fp16_bsz256_[fsdp_ckpt_off].json,75af002adcd1d33007c03d0423ff51b087e93b546cfb5b68bcacd4205d0eb49f,22,0,1,2,1,1,4,False,ddp,32,256,64,1.0,True,2,0,False
llama2_7b_4k,common,completed,/opt/hbv/trainir-h20-experiments/20260927-v1/runs/llama2_7b_4k/galvatron/common/01,/opt/hbv/trainir-h20-experiments/20260927-v1/runs/llama2_7b_4k/galvatron/common/01/selected/galvatron_config_llama2_1nodes_8gpus_per_node_85GB_fp16_bsz256_[fsdp_ckpt_off].json,75af002adcd1d33007c03d0423ff51b087e93b546cfb5b68bcacd4205d0eb49f,23,0,1,2,1,1,4,False,ddp,32,256,64,1.0,True,2,0,False
llama2_7b_4k,common,completed,/opt/hbv/trainir-h20-experiments/20260927-v1/runs/llama2_7b_4k/galvatron/common/01,/opt/hbv/trainir-h20-experiments/20260927-v1/runs/llama2_7b_4k/galvatron/common/01/selected/galvatron_config_llama2_1nodes_8gpus_per_node_85GB_fp16_bsz256_[fsdp_ckpt_off].json,75af002adcd1d33007c03d0423ff51b087e93b546cfb5b68bcacd4205d0eb49f,24,0,1,2,1,1,4,False,ddp,32,256,64,1.0,True,2,0,False
llama2_7b_4k,common,completed,/opt/hbv/trainir-h20-experiments/20260927-v1/runs/llama2_7b_4k/galvatron/common/01,/opt/hbv/trainir-h20-experiments/20260927-v1/runs/llama2_7b_4k/galvatron/common/01/selected/galvatron_config_llama2_1nodes_8gpus_per_node_85GB_fp16_bsz256_[fsdp_ckpt_off].json,75af002adcd1d33007c03d0423ff51b087e93b546cfb5b68bcacd4205d0eb49f,25,0,1,2,1,1,4,False,ddp,32,256,64,1.0,True,2,0,False
llama2_7b_4k,common,completed,/opt/hbv/trainir-h20-experiments/20260927-v1/runs/llama2_7b_4k/galvatron/common/01,/opt/hbv/trainir-h20-experiments/20260927-v1/runs/llama2_7b_4k/galvatron/common/01/selected/galvatron_config_llama2_1nodes_8gpus_per_node_85GB_fp16_bsz256_[fsdp_ckpt_off].json,75af002adcd1d33007c03d0423ff51b087e93b546cfb5b68bcacd4205d0eb49f,26,0,1,2,1,1,4,False,ddp,32,256,64,1.0,True,2,0,False
llama2_7b_4k,common,completed,/opt/hbv/trainir-h20-experiments/20260927-v1/runs/llama2_7b_4k/galvatron/common/01,/opt/hbv/trainir-h20-experiments/20260927-v1/runs/llama2_7b_4k/galvatron/common/01/selected/galvatron_config_llama2_1nodes_8gpus_per_node_85GB_fp16_bsz256_[fsdp_ckpt_off].json,75af002adcd1d33007c03d0423ff51b087e93b546cfb5b68bcacd4205d0eb49f,27,0,1,2,1,1,4,False,ddp,32,256,64,1.0,True,2,0,False
llama2_7b_4k,common,completed,/opt/hbv/trainir-h20-experiments/20260927-v1/runs/llama2_7b_4k/galvatron/common/01,/opt/hbv/trainir-h20-experiments/20260927-v1/runs/llama2_7b_4k/galvatron/common/01/selected/galvatron_config_llama2_1nodes_8gpus_per_node_85GB_fp16_bsz256_[fsdp_ckpt_off].json,75af002adcd1d33007c03d0423ff51b087e93b546cfb5b68bcacd4205d0eb49f,28,0,1,2,1,1,4,False,ddp,32,256,64,1.0,True,2,0,False
llama2_7b_4k,common,completed,/opt/hbv/trainir-h20-experiments/20260927-v1/runs/llama2_7b_4k/galvatron/common/01,/opt/hbv/trainir-h20-experiments/20260927-v1/runs/llama2_7b_4k/galvatron/common/01/selected/galvatron_config_llama2_1nodes_8gpus_per_node_85GB_fp16_bsz256_[fsdp_ckpt_off].json,75af002adcd1d33007c03d0423ff51b087e93b546cfb5b68bcacd4205d0eb49f,29,0,1,2,1,1,4,False,ddp,32,256,64,1.0,True,2,0,False
llama2_7b_4k,common,completed,/opt/hbv/trainir-h20-experiments/20260927-v1/runs/llama2_7b_4k/galvatron/common/01,/opt/hbv/trainir-h20-experiments/20260927-v1/runs/llama2_7b_4k/galvatron/common/01/selected/galvatron_config_llama2_1nodes_8gpus_per_node_85GB_fp16_bsz256_[fsdp_ckpt_off].json,75af002adcd1d33007c03d0423ff51b087e93b546cfb5b68bcacd4205d0eb49f,30,0,1,2,1,1,4,False,ddp,32,256,64,1.0,True,2,0,False
llama2_7b_4k,common,completed,/opt/hbv/trainir-h20-experiments/20260927-v1/runs/llama2_7b_4k/galvatron/common/01,/opt/hbv/trainir-h20-experiments/20260927-v1/runs/llama2_7b_4k/galvatron/common/01/selected/galvatron_config_llama2_1nodes_8gpus_per_node_85GB_fp16_bsz256_[fsdp_ckpt_off].json,75af002adcd1d33007c03d0423ff51b087e93b546cfb5b68bcacd4205d0eb49f,31,0,1,2,1,1,4,False,ddp,32,256,64,1.0,True,2,0,False
llama2_7b_4k,full,completed,/opt/hbv/trainir-h20-experiments/20260927-v1/runs/llama2_7b_4k/galvatron/full/01,/opt/hbv/trainir-h20-experiments/20260927-v1/runs/llama2_7b_4k/galvatron/full/01/selected/galvatron_config_llama2_1nodes_8gpus_per_node_85GB_fp16_bsz256.json,4cb4bba57f15af890a1f6e63f8a75834bfe296c6f8967b906b7ffd98d84bdb9f,0,0,1,1,1,1,8,False,zero3,32,256,16,2.0,True,1,0,True
llama2_7b_4k,full,completed,/opt/hbv/trainir-h20-experiments/20260927-v1/runs/llama2_7b_4k/galvatron/full/01,/opt/hbv/trainir-h20-experiments/20260927-v1/runs/llama2_7b_4k/galvatron/full/01/selected/galvatron_config_llama2_1nodes_8gpus_per_node_85GB_fp16_bsz256.json,4cb4bba57f15af890a1f6e63f8a75834bfe296c6f8967b906b7ffd98d84bdb9f,1,0,1,1,1,1,8,False,zero3,32,256,16,2.0,True,1,0,True
llama2_7b_4k,full,completed,/opt/hbv/trainir-h20-experiments/20260927-v1/runs/llama2_7b_4k/galvatron/full/01,/opt/hbv/trainir-h20-experiments/20260927-v1/runs/llama2_7b_4k/galvatron/full/01/selected/galvatron_config_llama2_1nodes_8gpus_per_node_85GB_fp16_bsz256.json,4cb4bba57f15af890a1f6e63f8a75834bfe296c6f8967b906b7ffd98d84bdb9f,2,0,1,1,1,1,8,False,zero3,32,256,16,2.0,True,1,0,True
llama2_7b_4k,full,completed,/opt/hbv/trainir-h20-experiments/20260927-v1/runs/llama2_7b_4k/galvatron/full/01,/opt/hbv/trainir-h20-experiments/20260927-v1/runs/llama2_7b_4k/galvatron/full/01/selected/galvatron_config_llama2_1nodes_8gpus_per_node_85GB_fp16_bsz256.json,4cb4bba57f15af890a1f6e63f8a75834bfe296c6f8967b906b7ffd98d84bdb9f,3,0,1,1,1,1,8,False,zero3,32,256,16,2.0,True,1,0,True
llama2_7b_4k,full,completed,/opt/hbv/trainir-h20-experiments/20260927-v1/runs/llama2_7b_4k/galvatron/full/01,/opt/hbv/trainir-h20-experiments/20260927-v1/runs/llama2_7b_4k/galvatron/full/01/selected/galvatron_config_llama2_1nodes_8gpus_per_node_85GB_fp16_bsz256.json,4cb4bba57f15af890a1f6e63f8a75834bfe296c6f8967b906b7ffd98d84bdb9f,4,0,1,1,1,1,8,False,zero3,32,256,16,2.0,True,1,0,True
llama2_7b_4k,full,completed,/opt/hbv/trainir-h20-experiments/20260927-v1/runs/llama2_7b_4k/galvatron/full/01,/opt/hbv/trainir-h20-experiments/20260927-v1/runs/llama2_7b_4k/galvatron/full/01/selected/galvatron_config_llama2_1nodes_8gpus_per_node_85GB_fp16_bsz256.json,4cb4bba57f15af890a1f6e63f8a75834bfe296c6f8967b906b7ffd98d84bdb9f,5,0,1,1,1,1,8,False,zero3,32,256,16,2.0,True,1,0,True
llama2_7b_4k,full,completed,/opt/hbv/trainir-h20-experiments/20260927-v1/runs/llama2_7b_4k/galvatron/full/01,/opt/hbv/trainir-h20-experiments/20260927-v1/runs/llama2_7b_4k/galvatron/full/01/selected/galvatron_config_llama2_1nodes_8gpus_per_node_85GB_fp16_bsz256.json,4cb4bba57f15af890a1f6e63f8a75834bfe296c6f8967b906b7ffd98d84bdb9f,6,0,1,1,1,1,8,False,zero3,32,256,16,2.0,True,1,0,True
llama2_7b_4k,full,completed,/opt/hbv/trainir-h20-experiments/20260927-v1/runs/llama2_7b_4k/galvatron/full/01,/opt/hbv/trainir-h20-experiments/20260927-v1/runs/llama2_7b_4k/galvatron/full/01/selected/galvatron_config_llama2_1nodes_8gpus_per_node_85GB_fp16_bsz256.json,4cb4bba57f15af890a1f6e63f8a75834bfe296c6f8967b906b7ffd98d84bdb9f,7,0,1,1,1,1,8,False,zero3,32,256,16,2.0,True,1,0,True
llama2_7b_4k,full,completed,/opt/hbv/trainir-h20-experiments/20260927-v1/runs/llama2_7b_4k/galvatron/full/01,/opt/hbv/trainir-h20-experiments/20260927-v1/runs/llama2_7b_4k/galvatron/full/01/selected/galvatron_config_llama2_1nodes_8gpus_per_node_85GB_fp16_bsz256.json,4cb4bba57f15af890a1f6e63f8a75834bfe296c6f8967b906b7ffd98d84bdb9f,8,0,1,1,1,1,8,False,zero3,32,256,16,2.0,True,1,0,True
llama2_7b_4k,full,completed,/opt/hbv/trainir-h20-experiments/20260927-v1/runs/llama2_7b_4k/galvatron/full/01,/opt/hbv/trainir-h20-experiments/20260927-v1/runs/llama2_7b_4k/galvatron/full/01/selected/galvatron_config_llama2_1nodes_8gpus_per_node_85GB_fp16_bsz256.json,4cb4bba57f15af890a1f6e63f8a75834bfe296c6f8967b906b7ffd98d84bdb9f,9,0,1,1,1,1,8,False,zero3,32,256,16,2.0,True,1,0,True
llama2_7b_4k,full,completed,/opt/hbv/trainir-h20-experiments/20260927-v1/runs/llama2_7b_4k/galvatron/full/01,/opt/hbv/trainir-h20-experiments/20260927-v1/runs/llama2_7b_4k/galvatron/full/01/selected/galvatron_config_llama2_1nodes_8gpus_per_node_85GB_fp16_bsz256.json,4cb4bba57f15af890a1f6e63f8a75834bfe296c6f8967b906b7ffd98d84bdb9f,10,0,1,1,1,1,8,False,zero3,32,256,16,2.0,True,1,0,True
llama2_7b_4k,full,completed,/opt/hbv/trainir-h20-experiments/20260927-v1/runs/llama2_7b_4k/galvatron/full/01,/opt/hbv/trainir-h20-experiments/20260927-v1/runs/llama2_7b_4k/galvatron/full/01/selected/galvatron_config_llama2_1nodes_8gpus_per_node_85GB_fp16_bsz256.json,4cb4bba57f15af890a1f6e63f8a75834bfe296c6f8967b906b7ffd98d84bdb9f,11,0,1,1,1,1,8,False,zero3,32,256,16,2.0,True,1,0,True
llama2_7b_4k,full,completed,/opt/hbv/trainir-h20-experiments/20260927-v1/runs/llama2_7b_4k/galvatron/full/01,/opt/hbv/trainir-h20-experiments/20260927-v1/runs/llama2_7b_4k/galvatron/full/01/selected/galvatron_config_llama2_1nodes_8gpus_per_node_85GB_fp16_bsz256.json,4cb4bba57f15af890a1f6e63f8a75834bfe296c6f8967b906b7ffd98d84bdb9f,12,0,1,1,1,1,8,False,zero3,32,256,16,2.0,True,1,0,True
llama2_7b_4k,full,completed,/opt/hbv/trainir-h20-experiments/20260927-v1/runs/llama2_7b_4k/galvatron/full/01,/opt/hbv/trainir-h20-experiments/20260927-v1/runs/llama2_7b_4k/galvatron/full/01/selected/galvatron_config_llama2_1nodes_8gpus_per_node_85GB_fp16_bsz256.json,4cb4bba57f15af890a1f6e63f8a75834bfe296c6f8967b906b7ffd98d84bdb9f,13,0,1,1,1,1,8,False,zero3,32,256,16,2.0,True,1,0,True
llama2_7b_4k,full,completed,/opt/hbv/trainir-h20-experiments/20260927-v1/runs/llama2_7b_4k/galvatron/full/01,/opt/hbv/trainir-h20-experiments/20260927-v1/runs/llama2_7b_4k/galvatron/full/01/selected/galvatron_config_llama2_1nodes_8gpus_per_node_85GB_fp16_bsz256.json,4cb4bba57f15af890a1f6e63f8a75834bfe296c6f8967b906b7ffd98d84bdb9f,14,0,1,1,1,1,8,False,zero3,32,256,16,2.0,True,1,0,True
llama2_7b_4k,full,completed,/opt/hbv/trainir-h20-experiments/20260927-v1/runs/llama2_7b_4k/galvatron/full/01,/opt/hbv/trainir-h20-experiments/20260927-v1/runs/llama2_7b_4k/galvatron/full/01/selected/galvatron_config_llama2_1nodes_8gpus_per_node_85GB_fp16_bsz256.json,4cb4bba57f15af890a1f6e63f8a75834bfe296c6f8967b906b7ffd98d84bdb9f,15,0,1,1,1,1,8,False,zero3,32,256,16,2.0,True,1,0,True
llama2_7b_4k,full,completed,/opt/hbv/trainir-h20-experiments/20260927-v1/runs/llama2_7b_4k/galvatron/full/01,/opt/hbv/trainir-h20-experiments/20260927-v1/runs/llama2_7b_4k/galvatron/full/01/selected/galvatron_config_llama2_1nodes_8gpus_per_node_85GB_fp16_bsz256.json,4cb4bba57f15af890a1f6e63f8a75834bfe296c6f8967b906b7ffd98d84bdb9f,16,0,1,1,1,1,8,False,zero3,32,256,16,2.0,True,1,0,True
llama2_7b_4k,full,completed,/opt/hbv/trainir-h20-experiments/20260927-v1/runs/llama2_7b_4k/galvatron/full/01,/opt/hbv/trainir-h20-experiments/20260927-v1/runs/llama2_7b_4k/galvatron/full/01/selected/galvatron_config_llama2_1nodes_8gpus_per_node_85GB_fp16_bsz256.json,4cb4bba57f15af890a1f6e63f8a75834bfe296c6f8967b906b7ffd98d84bdb9f,17,0,1,1,1,1,8,False,zero3,32,256,16,2.0,True,1,0,True
llama2_7b_4k,full,completed,/opt/hbv/trainir-h20-experiments/20260927-v1/runs/llama2_7b_4k/galvatron/full/01,/opt/hbv/trainir-h20-experiments/20260927-v1/runs/llama2_7b_4k/galvatron/full/01/selected/galvatron_config_llama2_1nodes_8gpus_per_node_85GB_fp16_bsz256.json,4cb4bba57f15af890a1f6e63f8a75834bfe296c6f8967b906b7ffd98d84bdb9f,18,0,1,1,1,1,8,False,zero3,32,256,16,2.0,True,1,0,True
llama2_7b_4k,full,completed,/opt/hbv/trainir-h20-experiments/20260927-v1/runs/llama2_7b_4k/galvatron/full/01,/opt/hbv/trainir-h20-experiments/20260927-v1/runs/llama2_7b_4k/galvatron/full/01/selected/galvatron_config_llama2_1nodes_8gpus_per_node_85GB_fp16_bsz256.json,4cb4bba57f15af890a1f6e63f8a75834bfe296c6f8967b906b7ffd98d84bdb9f,19,0,1,1,1,1,8,False,zero3,32,256,16,2.0,True,1,0,True
llama2_7b_4k,full,completed,/opt/hbv/trainir-h20-experiments/20260927-v1/runs/llama2_7b_4k/galvatron/full/01,/opt/hbv/trainir-h20-experiments/20260927-v1/runs/llama2_7b_4k/galvatron/full/01/selected/galvatron_config_llama2_1nodes_8gpus_per_node_85GB_fp16_bsz256.json,4cb4bba57f15af890a1f6e63f8a75834bfe296c6f8967b906b7ffd98d84bdb9f,20,0,1,1,1,1,8,False,zero3,32,256,16,2.0,True,1,0,True
llama2_7b_4k,full,completed,/opt/hbv/trainir-h20-experiments/20260927-v1/runs/llama2_7b_4k/galvatron/full/01,/opt/hbv/trainir-h20-experiments/20260927-v1/runs/llama2_7b_4k/galvatron/full/01/selected/galvatron_config_llama2_1nodes_8gpus_per_node_85GB_fp16_bsz256.json,4cb4bba57f15af890a1f6e63f8a75834bfe296c6f8967b906b7ffd98d84bdb9f,21,0,1,1,1,1,8,False,zero3,32,256,16,2.0,True,1,0,True
llama2_7b_4k,full,completed,/opt/hbv/trainir-h20-experiments/20260927-v1/runs/llama2_7b_4k/galvatron/full/01,/opt/hbv/trainir-h20-experiments/20260927-v1/runs/llama2_7b_4k/galvatron/full/01/selected/galvatron_config_llama2_1nodes_8gpus_per_node_85GB_fp16_bsz256.json,4cb4bba57f15af890a1f6e63f8a75834bfe296c6f8967b906b7ffd98d84bdb9f,22,0,1,1,1,1,8,False,zero3,32,256,16,2.0,True,1,0,True
llama2_7b_4k,full,completed,/opt/hbv/trainir-h20-experiments/20260927-v1/runs/llama2_7b_4k/galvatron/full/01,/opt/hbv/trainir-h20-experiments/20260927-v1/runs/llama2_7b_4k/galvatron/full/01/selected/galvatron_config_llama2_1nodes_8gpus_per_node_85GB_fp16_bsz256.json,4cb4bba57f15af890a1f6e63f8a75834bfe296c6f8967b906b7ffd98d84bdb9f,23,0,1,1,1,1,8,False,zero3,32,256,16,2.0,True,1,0,True
llama2_7b_4k,full,completed,/opt/hbv/trainir-h20-experiments/20260927-v1/runs/llama2_7b_4k/galvatron/full/01,/opt/hbv/trainir-h20-experiments/20260927-v1/runs/llama2_7b_4k/galvatron/full/01/selected/galvatron_config_llama2_1nodes_8gpus_per_node_85GB_fp16_bsz256.json,4cb4bba57f15af890a1f6e63f8a75834bfe296c6f8967b906b7ffd98d84bdb9f,24,0,1,1,1,1,8,False,zero3,32,256,16,2.0,True,1,0,True
llama2_7b_4k,full,completed,/opt/hbv/trainir-h20-experiments/20260927-v1/runs/llama2_7b_4k/galvatron/full/01,/opt/hbv/trainir-h20-experiments/20260927-v1/runs/llama2_7b_4k/galvatron/full/01/selected/galvatron_config_llama2_1nodes_8gpus_per_node_85GB_fp16_bsz256.json,4cb4bba57f15af890a1f6e63f8a75834bfe296c6f8967b906b7ffd98d84bdb9f,25,0,1,1,1,1,8,False,zero3,32,256,16,2.0,True,1,0,True
llama2_7b_4k,full,completed,/opt/hbv/trainir-h20-experiments/20260927-v1/runs/llama2_7b_4k/galvatron/full/01,/opt/hbv/trainir-h20-experiments/20260927-v1/runs/llama2_7b_4k/galvatron/full/01/selected/galvatron_config_llama2_1nodes_8gpus_per_node_85GB_fp16_bsz256.json,4cb4bba57f15af890a1f6e63f8a75834bfe296c6f8967b906b7ffd98d84bdb9f,26,0,1,1,1,1,8,False,zero3,32,256,16,2.0,True,1,0,True
llama2_7b_4k,full,completed,/opt/hbv/trainir-h20-experiments/20260927-v1/runs/llama2_7b_4k/galvatron/full/01,/opt/hbv/trainir-h20-experiments/20260927-v1/runs/llama2_7b_4k/galvatron/full/01/selected/galvatron_config_llama2_1nodes_8gpus_per_node_85GB_fp16_bsz256.json,4cb4bba57f15af890a1f6e63f8a75834bfe296c6f8967b906b7ffd98d84bdb9f,27,0,1,1,1,1,8,False,zero3,32,256,16,2.0,True,1,0,True
llama2_7b_4k,full,completed,/opt/hbv/trainir-h20-experiments/20260927-v1/runs/llama2_7b_4k/galvatron/full/01,/opt/hbv/trainir-h20-experiments/20260927-v1/runs/llama2_7b_4k/galvatron/full/01/selected/galvatron_config_llama2_1nodes_8gpus_per_node_85GB_fp16_bsz256.json,4cb4bba57f15af890a1f6e63f8a75834bfe296c6f8967b906b7ffd98d84bdb9f,28,0,1,1,1,1,8,False,zero3,32,256,16,2.0,True,1,0,True
llama2_7b_4k,full,completed,/opt/hbv/trainir-h20-experiments/20260927-v1/runs/llama2_7b_4k/galvatron/full/01,/opt/hbv/trainir-h20-experiments/20260927-v1/runs/llama2_7b_4k/galvatron/full/01/selected/galvatron_config_llama2_1nodes_8gpus_per_node_85GB_fp16_bsz256.json,4cb4bba57f15af890a1f6e63f8a75834bfe296c6f8967b906b7ffd98d84bdb9f,29,0,1,1,1,1,8,False,zero3,32,256,16,2.0,True,1,0,True
llama2_7b_4k,full,completed,/opt/hbv/trainir-h20-experiments/20260927-v1/runs/llama2_7b_4k/galvatron/full/01,/opt/hbv/trainir-h20-experiments/20260927-v1/runs/llama2_7b_4k/galvatron/full/01/selected/galvatron_config_llama2_1nodes_8gpus_per_node_85GB_fp16_bsz256.json,4cb4bba57f15af890a1f6e63f8a75834bfe296c6f8967b906b7ffd98d84bdb9f,30,0,1,1,1,1,8,False,zero3,32,256,16,2.0,True,1,0,True
llama2_7b_4k,full,completed,/opt/hbv/trainir-h20-experiments/20260927-v1/runs/llama2_7b_4k/galvatron/full/01,/opt/hbv/trainir-h20-experiments/20260927-v1/runs/llama2_7b_4k/galvatron/full/01/selected/galvatron_config_llama2_1nodes_8gpus_per_node_85GB_fp16_bsz256.json,4cb4bba57f15af890a1f6e63f8a75834bfe296c6f8967b906b7ffd98d84bdb9f,31,0,1,1,1,1,8,False,ddp,32,256,16,2.0,True,1,0,True
llama2_13b_4k,common,completed,/opt/hbv/trainir-h20-experiments/20260927-v1/runs/llama2_13b_4k/galvatron/common/01,/opt/hbv/trainir-h20-experiments/20260927-v1/runs/llama2_13b_4k/galvatron/common/01/selected/galvatron_config_llama2_1nodes_8gpus_per_node_85GB_fp16_bsz512_[fsdp_ckpt_off].json,d63449feff5d396040cbb841bb6c5a240d56ab51763f002b463c0842ca97fb2e,0,0,2,2,1,1,2,False,ddp,40,512,256,1.0,True,2,0,False
llama2_13b_4k,common,completed,/opt/hbv/trainir-h20-experiments/20260927-v1/runs/llama2_13b_4k/galvatron/common/01,/opt/hbv/trainir-h20-experiments/20260927-v1/runs/llama2_13b_4k/galvatron/common/01/selected/galvatron_config_llama2_1nodes_8gpus_per_node_85GB_fp16_bsz512_[fsdp_ckpt_off].json,d63449feff5d396040cbb841bb6c5a240d56ab51763f002b463c0842ca97fb2e,1,0,2,2,1,1,2,False,ddp,40,512,256,1.0,True,2,0,False
llama2_13b_4k,common,completed,/opt/hbv/trainir-h20-experiments/20260927-v1/runs/llama2_13b_4k/galvatron/common/01,/opt/hbv/trainir-h20-experiments/20260927-v1/runs/llama2_13b_4k/galvatron/common/01/selected/galvatron_config_llama2_1nodes_8gpus_per_node_85GB_fp16_bsz512_[fsdp_ckpt_off].json,d63449feff5d396040cbb841bb6c5a240d56ab51763f002b463c0842ca97fb2e,2,0,2,2,1,1,2,False,ddp,40,512,256,1.0,True,2,0,False
llama2_13b_4k,common,completed,/opt/hbv/trainir-h20-experiments/20260927-v1/runs/llama2_13b_4k/galvatron/common/01,/opt/hbv/trainir-h20-experiments/20260927-v1/runs/llama2_13b_4k/galvatron/common/01/selected/galvatron_config_llama2_1nodes_8gpus_per_node_85GB_fp16_bsz512_[fsdp_ckpt_off].json,d63449feff5d396040cbb841bb6c5a240d56ab51763f002b463c0842ca97fb2e,3,0,2,2,1,1,2,False,ddp,40,512,256,1.0,True,2,0,False
llama2_13b_4k,common,completed,/opt/hbv/trainir-h20-experiments/20260927-v1/runs/llama2_13b_4k/galvatron/common/01,/opt/hbv/trainir-h20-experiments/20260927-v1/runs/llama2_13b_4k/galvatron/common/01/selected/galvatron_config_llama2_1nodes_8gpus_per_node_85GB_fp16_bsz512_[fsdp_ckpt_off].json,d63449feff5d396040cbb841bb6c5a240d56ab51763f002b463c0842ca97fb2e,4,0,2,2,1,1,2,False,ddp,40,512,256,1.0,True,2,0,False
llama2_13b_4k,common,completed,/opt/hbv/trainir-h20-experiments/20260927-v1/runs/llama2_13b_4k/galvatron/common/01,/opt/hbv/trainir-h20-experiments/20260927-v1/runs/llama2_13b_4k/galvatron/common/01/selected/galvatron_config_llama2_1nodes_8gpus_per_node_85GB_fp16_bsz512_[fsdp_ckpt_off].json,d63449feff5d396040cbb841bb6c5a240d56ab51763f002b463c0842ca97fb2e,5,0,2,2,1,1,2,False,ddp,40,512,256,1.0,True,2,0,False
llama2_13b_4k,common,completed,/opt/hbv/trainir-h20-experiments/20260927-v1/runs/llama2_13b_4k/galvatron/common/01,/opt/hbv/trainir-h20-experiments/20260927-v1/runs/llama2_13b_4k/galvatron/common/01/selected/galvatron_config_llama2_1nodes_8gpus_per_node_85GB_fp16_bsz512_[fsdp_ckpt_off].json,d63449feff5d396040cbb841bb6c5a240d56ab51763f002b463c0842ca97fb2e,6,0,2,2,1,1,2,False,ddp,40,512,256,1.0,True,2,0,False
llama2_13b_4k,common,completed,/opt/hbv/trainir-h20-experiments/20260927-v1/runs/llama2_13b_4k/galvatron/common/01,/opt/hbv/trainir-h20-experiments/20260927-v1/runs/llama2_13b_4k/galvatron/common/01/selected/galvatron_config_llama2_1nodes_8gpus_per_node_85GB_fp16_bsz512_[fsdp_ckpt_off].json,d63449feff5d396040cbb841bb6c5a240d56ab51763f002b463c0842ca97fb2e,7,0,2,2,1,1,2,False,ddp,40,512,256,1.0,True,2,0,False
llama2_13b_4k,common,completed,/opt/hbv/trainir-h20-experiments/20260927-v1/runs/llama2_13b_4k/galvatron/common/01,/opt/hbv/trainir-h20-experiments/20260927-v1/runs/llama2_13b_4k/galvatron/common/01/selected/galvatron_config_llama2_1nodes_8gpus_per_node_85GB_fp16_bsz512_[fsdp_ckpt_off].json,d63449feff5d396040cbb841bb6c5a240d56ab51763f002b463c0842ca97fb2e,8,0,2,2,1,1,2,False,ddp,40,512,256,1.0,True,2,0,False
llama2_13b_4k,common,completed,/opt/hbv/trainir-h20-experiments/20260927-v1/runs/llama2_13b_4k/galvatron/common/01,/opt/hbv/trainir-h20-experiments/20260927-v1/runs/llama2_13b_4k/galvatron/common/01/selected/galvatron_config_llama2_1nodes_8gpus_per_node_85GB_fp16_bsz512_[fsdp_ckpt_off].json,d63449feff5d396040cbb841bb6c5a240d56ab51763f002b463c0842ca97fb2e,9,0,2,2,1,1,2,False,ddp,40,512,256,1.0,True,2,0,False
llama2_13b_4k,common,completed,/opt/hbv/trainir-h20-experiments/20260927-v1/runs/llama2_13b_4k/galvatron/common/01,/opt/hbv/trainir-h20-experiments/20260927-v1/runs/llama2_13b_4k/galvatron/common/01/selected/galvatron_config_llama2_1nodes_8gpus_per_node_85GB_fp16_bsz512_[fsdp_ckpt_off].json,d63449feff5d396040cbb841bb6c5a240d56ab51763f002b463c0842ca97fb2e,10,0,2,2,1,1,2,False,ddp,40,512,256,1.0,True,2,0,False
llama2_13b_4k,common,completed,/opt/hbv/trainir-h20-experiments/20260927-v1/runs/llama2_13b_4k/galvatron/common/01,/opt/hbv/trainir-h20-experiments/20260927-v1/runs/llama2_13b_4k/galvatron/common/01/selected/galvatron_config_llama2_1nodes_8gpus_per_node_85GB_fp16_bsz512_[fsdp_ckpt_off].json,d63449feff5d396040cbb841bb6c5a240d56ab51763f002b463c0842ca97fb2e,11,0,2,2,1,1,2,False,ddp,40,512,256,1.0,True,2,0,False
llama2_13b_4k,common,completed,/opt/hbv/trainir-h20-experiments/20260927-v1/runs/llama2_13b_4k/galvatron/common/01,/opt/hbv/trainir-h20-experiments/20260927-v1/runs/llama2_13b_4k/galvatron/common/01/selected/galvatron_config_llama2_1nodes_8gpus_per_node_85GB_fp16_bsz512_[fsdp_ckpt_off].json,d63449feff5d396040cbb841bb6c5a240d56ab51763f002b463c0842ca97fb2e,12,0,2,2,1,1,2,False,ddp,40,512,256,1.0,True,2,0,False
llama2_13b_4k,common,completed,/opt/hbv/trainir-h20-experiments/20260927-v1/runs/llama2_13b_4k/galvatron/common/01,/opt/hbv/trainir-h20-experiments/20260927-v1/runs/llama2_13b_4k/galvatron/common/01/selected/galvatron_config_llama2_1nodes_8gpus_per_node_85GB_fp16_bsz512_[fsdp_ckpt_off].json,d63449feff5d396040cbb841bb6c5a240d56ab51763f002b463c0842ca97fb2e,13,0,2,2,1,1,2,False,ddp,40,512,256,1.0,True,2,0,False
llama2_13b_4k,common,completed,/opt/hbv/trainir-h20-experiments/20260927-v1/runs/llama2_13b_4k/galvatron/common/01,/opt/hbv/trainir-h20-experiments/20260927-v1/runs/llama2_13b_4k/galvatron/common/01/selected/galvatron_config_llama2_1nodes_8gpus_per_node_85GB_fp16_bsz512_[fsdp_ckpt_off].json,d63449feff5d396040cbb841bb6c5a240d56ab51763f002b463c0842ca97fb2e,14,0,2,2,1,1,2,False,ddp,40,512,256,1.0,True,2,0,False
llama2_13b_4k,common,completed,/opt/hbv/trainir-h20-experiments/20260927-v1/runs/llama2_13b_4k/galvatron/common/01,/opt/hbv/trainir-h20-experiments/20260927-v1/runs/llama2_13b_4k/galvatron/common/01/selected/galvatron_config_llama2_1nodes_8gpus_per_node_85GB_fp16_bsz512_[fsdp_ckpt_off].json,d63449feff5d396040cbb841bb6c5a240d56ab51763f002b463c0842ca97fb2e,15,0,2,2,1,1,2,False,ddp,40,512,256,1.0,True,2,0,False
llama2_13b_4k,common,completed,/opt/hbv/trainir-h20-experiments/20260927-v1/runs/llama2_13b_4k/galvatron/common/01,/opt/hbv/trainir-h20-experiments/20260927-v1/runs/llama2_13b_4k/galvatron/common/01/selected/galvatron_config_llama2_1nodes_8gpus_per_node_85GB_fp16_bsz512_[fsdp_ckpt_off].json,d63449feff5d396040cbb841bb6c5a240d56ab51763f002b463c0842ca97fb2e,16,0,2,2,1,1,2,False,ddp,40,512,256,1.0,True,2,0,False
llama2_13b_4k,common,completed,/opt/hbv/trainir-h20-experiments/20260927-v1/runs/llama2_13b_4k/galvatron/common/01,/opt/hbv/trainir-h20-experiments/20260927-v1/runs/llama2_13b_4k/galvatron/common/01/selected/galvatron_config_llama2_1nodes_8gpus_per_node_85GB_fp16_bsz512_[fsdp_ckpt_off].json,d63449feff5d396040cbb841bb6c5a240d56ab51763f002b463c0842ca97fb2e,17,0,2,2,1,1,2,False,ddp,40,512,256,1.0,True,2,0,False
llama2_13b_4k,common,completed,/opt/hbv/trainir-h20-experiments/20260927-v1/runs/llama2_13b_4k/galvatron/common/01,/opt/hbv/trainir-h20-experiments/20260927-v1/runs/llama2_13b_4k/galvatron/common/01/selected/galvatron_config_llama2_1nodes_8gpus_per_node_85GB_fp16_bsz512_[fsdp_ckpt_off].json,d63449feff5d396040cbb841bb6c5a240d56ab51763f002b463c0842ca97fb2e,18,0,2,2,1,1,2,False,ddp,40,512,256,1.0,True,2,0,False
llama2_13b_4k,common,completed,/opt/hbv/trainir-h20-experiments/20260927-v1/runs/llama2_13b_4k/galvatron/common/01,/opt/hbv/trainir-h20-experiments/20260927-v1/runs/llama2_13b_4k/galvatron/common/01/selected/galvatron_config_llama2_1nodes_8gpus_per_node_85GB_fp16_bsz512_[fsdp_ckpt_off].json,d63449feff5d396040cbb841bb6c5a240d56ab51763f002b463c0842ca97fb2e,19,0,2,2,1,1,2,False,ddp,40,512,256,1.0,True,2,0,False
llama2_13b_4k,common,completed,/opt/hbv/trainir-h20-experiments/20260927-v1/runs/llama2_13b_4k/galvatron/common/01,/opt/hbv/trainir-h20-experiments/20260927-v1/runs/llama2_13b_4k/galvatron/common/01/selected/galvatron_config_llama2_1nodes_8gpus_per_node_85GB_fp16_bsz512_[fsdp_ckpt_off].json,d63449feff5d396040cbb841bb6c5a240d56ab51763f002b463c0842ca97fb2e,20,1,2,2,1,1,2,False,ddp,40,512,256,1.0,True,2,0,False
llama2_13b_4k,common,completed,/opt/hbv/trainir-h20-experiments/20260927-v1/runs/llama2_13b_4k/galvatron/common/01,/opt/hbv/trainir-h20-experiments/20260927-v1/runs/llama2_13b_4k/galvatron/common/01/selected/galvatron_config_llama2_1nodes_8gpus_per_node_85GB_fp16_bsz512_[fsdp_ckpt_off].json,d63449feff5d396040cbb841bb6c5a240d56ab51763f002b463c0842ca97fb2e,21,1,2,2,1,1,2,False,ddp,40,512,256,1.0,True,2,0,False
llama2_13b_4k,common,completed,/opt/hbv/trainir-h20-experiments/20260927-v1/runs/llama2_13b_4k/galvatron/common/01,/opt/hbv/trainir-h20-experiments/20260927-v1/runs/llama2_13b_4k/galvatron/common/01/selected/galvatron_config_llama2_1nodes_8gpus_per_node_85GB_fp16_bsz512_[fsdp_ckpt_off].json,d63449feff5d396040cbb841bb6c5a240d56ab51763f002b463c0842ca97fb2e,22,1,2,2,1,1,2,False,ddp,40,512,256,1.0,True,2,0,False
llama2_13b_4k,common,completed,/opt/hbv/trainir-h20-experiments/20260927-v1/runs/llama2_13b_4k/galvatron/common/01,/opt/hbv/trainir-h20-experiments/20260927-v1/runs/llama2_13b_4k/galvatron/common/01/selected/galvatron_config_llama2_1nodes_8gpus_per_node_85GB_fp16_bsz512_[fsdp_ckpt_off].json,d63449feff5d396040cbb841bb6c5a240d56ab51763f002b463c0842ca97fb2e,23,1,2,2,1,1,2,False,ddp,40,512,256,1.0,True,2,0,False
llama2_13b_4k,common,completed,/opt/hbv/trainir-h20-experiments/20260927-v1/runs/llama2_13b_4k/galvatron/common/01,/opt/hbv/trainir-h20-experiments/20260927-v1/runs/llama2_13b_4k/galvatron/common/01/selected/galvatron_config_llama2_1nodes_8gpus_per_node_85GB_fp16_bsz512_[fsdp_ckpt_off].json,d63449feff5d396040cbb841bb6c5a240d56ab51763f002b463c0842ca97fb2e,24,1,2,2,1,1,2,False,ddp,40,512,256,1.0,True,2,0,False
llama2_13b_4k,common,completed,/opt/hbv/trainir-h20-experiments/20260927-v1/runs/llama2_13b_4k/galvatron/common/01,/opt/hbv/trainir-h20-experiments/20260927-v1/runs/llama2_13b_4k/galvatron/common/01/selected/galvatron_config_llama2_1nodes_8gpus_per_node_85GB_fp16_bsz512_[fsdp_ckpt_off].json,d63449feff5d396040cbb841bb6c5a240d56ab51763f002b463c0842ca97fb2e,25,1,2,2,1,1,2,False,ddp,40,512,256,1.0,True,2,0,False
llama2_13b_4k,common,completed,/opt/hbv/trainir-h20-experiments/20260927-v1/runs/llama2_13b_4k/galvatron/common/01,/opt/hbv/trainir-h20-experiments/20260927-v1/runs/llama2_13b_4k/galvatron/common/01/selected/galvatron_config_llama2_1nodes_8gpus_per_node_85GB_fp16_bsz512_[fsdp_ckpt_off].json,d63449feff5d396040cbb841bb6c5a240d56ab51763f002b463c0842ca97fb2e,26,1,2,2,1,1,2,False,ddp,40,512,256,1.0,True,2,0,False
llama2_13b_4k,common,completed,/opt/hbv/trainir-h20-experiments/20260927-v1/runs/llama2_13b_4k/galvatron/common/01,/opt/hbv/trainir-h20-experiments/20260927-v1/runs/llama2_13b_4k/galvatron/common/01/selected/galvatron_config_llama2_1nodes_8gpus_per_node_85GB_fp16_bsz512_[fsdp_ckpt_off].json,d63449feff5d396040cbb841bb6c5a240d56ab51763f002b463c0842ca97fb2e,27,1,2,2,1,1,2,False,ddp,40,512,256,1.0,True,2,0,False
llama2_13b_4k,common,completed,/opt/hbv/trainir-h20-experiments/20260927-v1/runs/llama2_13b_4k/galvatron/common/01,/opt/hbv/trainir-h20-experiments/20260927-v1/runs/llama2_13b_4k/galvatron/common/01/selected/galvatron_config_llama2_1nodes_8gpus_per_node_85GB_fp16_bsz512_[fsdp_ckpt_off].json,d63449feff5d396040cbb841bb6c5a240d56ab51763f002b463c0842ca97fb2e,28,1,2,2,1,1,2,False,ddp,40,512,256,1.0,True,2,0,False
llama2_13b_4k,common,completed,/opt/hbv/trainir-h20-experiments/20260927-v1/runs/llama2_13b_4k/galvatron/common/01,/opt/hbv/trainir-h20-experiments/20260927-v1/runs/llama2_13b_4k/galvatron/common/01/selected/galvatron_config_llama2_1nodes_8gpus_per_node_85GB_fp16_bsz512_[fsdp_ckpt_off].json,d63449feff5d396040cbb841bb6c5a240d56ab51763f002b463c0842ca97fb2e,29,1,2,2,1,1,2,False,ddp,40,512,256,1.0,True,2,0,False
llama2_13b_4k,common,completed,/opt/hbv/trainir-h20-experiments/20260927-v1/runs/llama2_13b_4k/galvatron/common/01,/opt/hbv/trainir-h20-experiments/20260927-v1/runs/llama2_13b_4k/galvatron/common/01/selected/galvatron_config_llama2_1nodes_8gpus_per_node_85GB_fp16_bsz512_[fsdp_ckpt_off].json,d63449feff5d396040cbb841bb6c5a240d56ab51763f002b463c0842ca97fb2e,30,1,2,2,1,1,2,False,ddp,40,512,256,1.0,True,2,0,False
llama2_13b_4k,common,completed,/opt/hbv/trainir-h20-experiments/20260927-v1/runs/llama2_13b_4k/galvatron/common/01,/opt/hbv/trainir-h20-experiments/20260927-v1/runs/llama2_13b_4k/galvatron/common/01/selected/galvatron_config_llama2_1nodes_8gpus_per_node_85GB_fp16_bsz512_[fsdp_ckpt_off].json,d63449feff5d396040cbb841bb6c5a240d56ab51763f002b463c0842ca97fb2e,31,1,2,2,1,1,2,False,ddp,40,512,256,1.0,True,2,0,False
llama2_13b_4k,common,completed,/opt/hbv/trainir-h20-experiments/20260927-v1/runs/llama2_13b_4k/galvatron/common/01,/opt/hbv/trainir-h20-experiments/20260927-v1/runs/llama2_13b_4k/galvatron/common/01/selected/galvatron_config_llama2_1nodes_8gpus_per_node_85GB_fp16_bsz512_[fsdp_ckpt_off].json,d63449feff5d396040cbb841bb6c5a240d56ab51763f002b463c0842ca97fb2e,32,1,2,2,1,1,2,False,ddp,40,512,256,1.0,True,2,0,False
llama2_13b_4k,common,completed,/opt/hbv/trainir-h20-experiments/20260927-v1/runs/llama2_13b_4k/galvatron/common/01,/opt/hbv/trainir-h20-experiments/20260927-v1/runs/llama2_13b_4k/galvatron/common/01/selected/galvatron_config_llama2_1nodes_8gpus_per_node_85GB_fp16_bsz512_[fsdp_ckpt_off].json,d63449feff5d396040cbb841bb6c5a240d56ab51763f002b463c0842ca97fb2e,33,1,2,2,1,1,2,False,ddp,40,512,256,1.0,True,2,0,False
llama2_13b_4k,common,completed,/opt/hbv/trainir-h20-experiments/20260927-v1/runs/llama2_13b_4k/galvatron/common/01,/opt/hbv/trainir-h20-experiments/20260927-v1/runs/llama2_13b_4k/galvatron/common/01/selected/galvatron_config_llama2_1nodes_8gpus_per_node_85GB_fp16_bsz512_[fsdp_ckpt_off].json,d63449feff5d396040cbb841bb6c5a240d56ab51763f002b463c0842ca97fb2e,34,1,2,2,1,1,2,False,ddp,40,512,256,1.0,True,2,0,False
llama2_13b_4k,common,completed,/opt/hbv/trainir-h20-experiments/20260927-v1/runs/llama2_13b_4k/galvatron/common/01,/opt/hbv/trainir-h20-experiments/20260927-v1/runs/llama2_13b_4k/galvatron/common/01/selected/galvatron_config_llama2_1nodes_8gpus_per_node_85GB_fp16_bsz512_[fsdp_ckpt_off].json,d63449feff5d396040cbb841bb6c5a240d56ab51763f002b463c0842ca97fb2e,35,1,2,2,1,1,2,False,ddp,40,512,256,1.0,True,2,0,False
llama2_13b_4k,common,completed,/opt/hbv/trainir-h20-experiments/20260927-v1/runs/llama2_13b_4k/galvatron/common/01,/opt/hbv/trainir-h20-experiments/20260927-v1/runs/llama2_13b_4k/galvatron/common/01/selected/galvatron_config_llama2_1nodes_8gpus_per_node_85GB_fp16_bsz512_[fsdp_ckpt_off].json,d63449feff5d396040cbb841bb6c5a240d56ab51763f002b463c0842ca97fb2e,36,1,2,2,1,1,2,False,ddp,40,512,256,1.0,True,2,0,False
llama2_13b_4k,common,completed,/opt/hbv/trainir-h20-experiments/20260927-v1/runs/llama2_13b_4k/galvatron/common/01,/opt/hbv/trainir-h20-experiments/20260927-v1/runs/llama2_13b_4k/galvatron/common/01/selected/galvatron_config_llama2_1nodes_8gpus_per_node_85GB_fp16_bsz512_[fsdp_ckpt_off].json,d63449feff5d396040cbb841bb6c5a240d56ab51763f002b463c0842ca97fb2e,37,1,2,2,1,1,2,False,ddp,40,512,256,1.0,True,2,0,False
llama2_13b_4k,common,completed,/opt/hbv/trainir-h20-experiments/20260927-v1/runs/llama2_13b_4k/galvatron/common/01,/opt/hbv/trainir-h20-experiments/20260927-v1/runs/llama2_13b_4k/galvatron/common/01/selected/galvatron_config_llama2_1nodes_8gpus_per_node_85GB_fp16_bsz512_[fsdp_ckpt_off].json,d63449feff5d396040cbb841bb6c5a240d56ab51763f002b463c0842ca97fb2e,38,1,2,2,1,1,2,False,ddp,40,512,256,1.0,True,2,0,False
llama2_13b_4k,common,completed,/opt/hbv/trainir-h20-experiments/20260927-v1/runs/llama2_13b_4k/galvatron/common/01,/opt/hbv/trainir-h20-experiments/20260927-v1/runs/llama2_13b_4k/galvatron/common/01/selected/galvatron_config_llama2_1nodes_8gpus_per_node_85GB_fp16_bsz512_[fsdp_ckpt_off].json,d63449feff5d396040cbb841bb6c5a240d56ab51763f002b463c0842ca97fb2e,39,1,2,2,1,1,2,False,ddp,40,512,256,1.0,True,2,0,False
llama2_13b_4k,full,completed,/opt/hbv/trainir-h20-experiments/20260927-v1/runs/llama2_13b_4k/galvatron/full/01,/opt/hbv/trainir-h20-experiments/20260927-v1/runs/llama2_13b_4k/galvatron/full/01/selected/galvatron_config_llama2_1nodes_8gpus_per_node_85GB_fp16_bsz512.json,2fd9ff3015171fc929cddcd24d5efe3ea3a6423cc678cd4cbe7165b1092fc47d,0,0,2,1,2,1,2,False,ddp,40,512,256,1.0,True,2,1,True
llama2_13b_4k,full,completed,/opt/hbv/trainir-h20-experiments/20260927-v1/runs/llama2_13b_4k/galvatron/full/01,/opt/hbv/trainir-h20-experiments/20260927-v1/runs/llama2_13b_4k/galvatron/full/01/selected/galvatron_config_llama2_1nodes_8gpus_per_node_85GB_fp16_bsz512.json,2fd9ff3015171fc929cddcd24d5efe3ea3a6423cc678cd4cbe7165b1092fc47d,1,0,2,2,1,1,2,False,ddp,40,512,256,1.0,True,2,1,True
llama2_13b_4k,full,completed,/opt/hbv/trainir-h20-experiments/20260927-v1/runs/llama2_13b_4k/galvatron/full/01,/opt/hbv/trainir-h20-experiments/20260927-v1/runs/llama2_13b_4k/galvatron/full/01/selected/galvatron_config_llama2_1nodes_8gpus_per_node_85GB_fp16_bsz512.json,2fd9ff3015171fc929cddcd24d5efe3ea3a6423cc678cd4cbe7165b1092fc47d,2,0,2,2,1,1,2,False,ddp,40,512,256,1.0,True,2,1,True
llama2_13b_4k,full,completed,/opt/hbv/trainir-h20-experiments/20260927-v1/runs/llama2_13b_4k/galvatron/full/01,/opt/hbv/trainir-h20-experiments/20260927-v1/runs/llama2_13b_4k/galvatron/full/01/selected/galvatron_config_llama2_1nodes_8gpus_per_node_85GB_fp16_bsz512.json,2fd9ff3015171fc929cddcd24d5efe3ea3a6423cc678cd4cbe7165b1092fc47d,3,0,2,2,1,1,2,False,ddp,40,512,256,1.0,True,2,1,True
llama2_13b_4k,full,completed,/opt/hbv/trainir-h20-experiments/20260927-v1/runs/llama2_13b_4k/galvatron/full/01,/opt/hbv/trainir-h20-experiments/20260927-v1/runs/llama2_13b_4k/galvatron/full/01/selected/galvatron_config_llama2_1nodes_8gpus_per_node_85GB_fp16_bsz512.json,2fd9ff3015171fc929cddcd24d5efe3ea3a6423cc678cd4cbe7165b1092fc47d,4,0,2,2,1,1,2,False,ddp,40,512,256,1.0,True,2,1,True
llama2_13b_4k,full,completed,/opt/hbv/trainir-h20-experiments/20260927-v1/runs/llama2_13b_4k/galvatron/full/01,/opt/hbv/trainir-h20-experiments/20260927-v1/runs/llama2_13b_4k/galvatron/full/01/selected/galvatron_config_llama2_1nodes_8gpus_per_node_85GB_fp16_bsz512.json,2fd9ff3015171fc929cddcd24d5efe3ea3a6423cc678cd4cbe7165b1092fc47d,5,0,2,2,1,1,2,False,ddp,40,512,256,1.0,True,2,1,True
llama2_13b_4k,full,completed,/opt/hbv/trainir-h20-experiments/20260927-v1/runs/llama2_13b_4k/galvatron/full/01,/opt/hbv/trainir-h20-experiments/20260927-v1/runs/llama2_13b_4k/galvatron/full/01/selected/galvatron_config_llama2_1nodes_8gpus_per_node_85GB_fp16_bsz512.json,2fd9ff3015171fc929cddcd24d5efe3ea3a6423cc678cd4cbe7165b1092fc47d,6,0,2,2,1,1,2,False,ddp,40,512,256,1.0,True,2,1,True
llama2_13b_4k,full,completed,/opt/hbv/trainir-h20-experiments/20260927-v1/runs/llama2_13b_4k/galvatron/full/01,/opt/hbv/trainir-h20-experiments/20260927-v1/runs/llama2_13b_4k/galvatron/full/01/selected/galvatron_config_llama2_1nodes_8gpus_per_node_85GB_fp16_bsz512.json,2fd9ff3015171fc929cddcd24d5efe3ea3a6423cc678cd4cbe7165b1092fc47d,7,0,2,2,1,1,2,False,ddp,40,512,256,1.0,True,2,1,True
llama2_13b_4k,full,completed,/opt/hbv/trainir-h20-experiments/20260927-v1/runs/llama2_13b_4k/galvatron/full/01,/opt/hbv/trainir-h20-experiments/20260927-v1/runs/llama2_13b_4k/galvatron/full/01/selected/galvatron_config_llama2_1nodes_8gpus_per_node_85GB_fp16_bsz512.json,2fd9ff3015171fc929cddcd24d5efe3ea3a6423cc678cd4cbe7165b1092fc47d,8,0,2,2,1,1,2,False,ddp,40,512,256,1.0,True,2,1,True
llama2_13b_4k,full,completed,/opt/hbv/trainir-h20-experiments/20260927-v1/runs/llama2_13b_4k/galvatron/full/01,/opt/hbv/trainir-h20-experiments/20260927-v1/runs/llama2_13b_4k/galvatron/full/01/selected/galvatron_config_llama2_1nodes_8gpus_per_node_85GB_fp16_bsz512.json,2fd9ff3015171fc929cddcd24d5efe3ea3a6423cc678cd4cbe7165b1092fc47d,9,0,2,2,1,1,2,False,ddp,40,512,256,1.0,True,2,1,True
llama2_13b_4k,full,completed,/opt/hbv/trainir-h20-experiments/20260927-v1/runs/llama2_13b_4k/galvatron/full/01,/opt/hbv/trainir-h20-experiments/20260927-v1/runs/llama2_13b_4k/galvatron/full/01/selected/galvatron_config_llama2_1nodes_8gpus_per_node_85GB_fp16_bsz512.json,2fd9ff3015171fc929cddcd24d5efe3ea3a6423cc678cd4cbe7165b1092fc47d,10,0,2,2,1,1,2,False,ddp,40,512,256,1.0,True,2,1,True
llama2_13b_4k,full,completed,/opt/hbv/trainir-h20-experiments/20260927-v1/runs/llama2_13b_4k/galvatron/full/01,/opt/hbv/trainir-h20-experiments/20260927-v1/runs/llama2_13b_4k/galvatron/full/01/selected/galvatron_config_llama2_1nodes_8gpus_per_node_85GB_fp16_bsz512.json,2fd9ff3015171fc929cddcd24d5efe3ea3a6423cc678cd4cbe7165b1092fc47d,11,0,2,2,1,1,2,False,ddp,40,512,256,1.0,True,2,1,True
llama2_13b_4k,full,completed,/opt/hbv/trainir-h20-experiments/20260927-v1/runs/llama2_13b_4k/galvatron/full/01,/opt/hbv/trainir-h20-experiments/20260927-v1/runs/llama2_13b_4k/galvatron/full/01/selected/galvatron_config_llama2_1nodes_8gpus_per_node_85GB_fp16_bsz512.json,2fd9ff3015171fc929cddcd24d5efe3ea3a6423cc678cd4cbe7165b1092fc47d,12,0,2,2,1,1,2,False,ddp,40,512,256,1.0,True,2,1,True
llama2_13b_4k,full,completed,/opt/hbv/trainir-h20-experiments/20260927-v1/runs/llama2_13b_4k/galvatron/full/01,/opt/hbv/trainir-h20-experiments/20260927-v1/runs/llama2_13b_4k/galvatron/full/01/selected/galvatron_config_llama2_1nodes_8gpus_per_node_85GB_fp16_bsz512.json,2fd9ff3015171fc929cddcd24d5efe3ea3a6423cc678cd4cbe7165b1092fc47d,13,0,2,2,1,1,2,False,ddp,40,512,256,1.0,True,2,1,True
llama2_13b_4k,full,completed,/opt/hbv/trainir-h20-experiments/20260927-v1/runs/llama2_13b_4k/galvatron/full/01,/opt/hbv/trainir-h20-experiments/20260927-v1/runs/llama2_13b_4k/galvatron/full/01/selected/galvatron_config_llama2_1nodes_8gpus_per_node_85GB_fp16_bsz512.json,2fd9ff3015171fc929cddcd24d5efe3ea3a6423cc678cd4cbe7165b1092fc47d,14,0,2,2,1,1,2,False,ddp,40,512,256,1.0,True,2,1,True
llama2_13b_4k,full,completed,/opt/hbv/trainir-h20-experiments/20260927-v1/runs/llama2_13b_4k/galvatron/full/01,/opt/hbv/trainir-h20-experiments/20260927-v1/runs/llama2_13b_4k/galvatron/full/01/selected/galvatron_config_llama2_1nodes_8gpus_per_node_85GB_fp16_bsz512.json,2fd9ff3015171fc929cddcd24d5efe3ea3a6423cc678cd4cbe7165b1092fc47d,15,0,2,2,1,1,2,False,ddp,40,512,256,1.0,True,2,1,True
llama2_13b_4k,full,completed,/opt/hbv/trainir-h20-experiments/20260927-v1/runs/llama2_13b_4k/galvatron/full/01,/opt/hbv/trainir-h20-experiments/20260927-v1/runs/llama2_13b_4k/galvatron/full/01/selected/galvatron_config_llama2_1nodes_8gpus_per_node_85GB_fp16_bsz512.json,2fd9ff3015171fc929cddcd24d5efe3ea3a6423cc678cd4cbe7165b1092fc47d,16,0,2,2,1,1,2,False,ddp,40,512,256,1.0,True,2,1,True
llama2_13b_4k,full,completed,/opt/hbv/trainir-h20-experiments/20260927-v1/runs/llama2_13b_4k/galvatron/full/01,/opt/hbv/trainir-h20-experiments/20260927-v1/runs/llama2_13b_4k/galvatron/full/01/selected/galvatron_config_llama2_1nodes_8gpus_per_node_85GB_fp16_bsz512.json,2fd9ff3015171fc929cddcd24d5efe3ea3a6423cc678cd4cbe7165b1092fc47d,17,0,2,2,1,1,2,False,ddp,40,512,256,1.0,True,2,1,True
llama2_13b_4k,full,completed,/opt/hbv/trainir-h20-experiments/20260927-v1/runs/llama2_13b_4k/galvatron/full/01,/opt/hbv/trainir-h20-experiments/20260927-v1/runs/llama2_13b_4k/galvatron/full/01/selected/galvatron_config_llama2_1nodes_8gpus_per_node_85GB_fp16_bsz512.json,2fd9ff3015171fc929cddcd24d5efe3ea3a6423cc678cd4cbe7165b1092fc47d,18,0,2,2,1,1,2,False,ddp,40,512,256,1.0,True,2,1,True
llama2_13b_4k,full,completed,/opt/hbv/trainir-h20-experiments/20260927-v1/runs/llama2_13b_4k/galvatron/full/01,/opt/hbv/trainir-h20-experiments/20260927-v1/runs/llama2_13b_4k/galvatron/full/01/selected/galvatron_config_llama2_1nodes_8gpus_per_node_85GB_fp16_bsz512.json,2fd9ff3015171fc929cddcd24d5efe3ea3a6423cc678cd4cbe7165b1092fc47d,19,0,2,2,1,1,2,False,ddp,40,512,256,1.0,True,2,1,True
llama2_13b_4k,full,completed,/opt/hbv/trainir-h20-experiments/20260927-v1/runs/llama2_13b_4k/galvatron/full/01,/opt/hbv/trainir-h20-experiments/20260927-v1/runs/llama2_13b_4k/galvatron/full/01/selected/galvatron_config_llama2_1nodes_8gpus_per_node_85GB_fp16_bsz512.json,2fd9ff3015171fc929cddcd24d5efe3ea3a6423cc678cd4cbe7165b1092fc47d,20,1,2,1,2,1,2,False,ddp,40,512,256,1.0,True,2,1,True
llama2_13b_4k,full,completed,/opt/hbv/trainir-h20-experiments/20260927-v1/runs/llama2_13b_4k/galvatron/full/01,/opt/hbv/trainir-h20-experiments/20260927-v1/runs/llama2_13b_4k/galvatron/full/01/selected/galvatron_config_llama2_1nodes_8gpus_per_node_85GB_fp16_bsz512.json,2fd9ff3015171fc929cddcd24d5efe3ea3a6423cc678cd4cbe7165b1092fc47d,21,1,2,1,2,1,2,False,ddp,40,512,256,1.0,True,2,1,True
llama2_13b_4k,full,completed,/opt/hbv/trainir-h20-experiments/20260927-v1/runs/llama2_13b_4k/galvatron/full/01,/opt/hbv/trainir-h20-experiments/20260927-v1/runs/llama2_13b_4k/galvatron/full/01/selected/galvatron_config_llama2_1nodes_8gpus_per_node_85GB_fp16_bsz512.json,2fd9ff3015171fc929cddcd24d5efe3ea3a6423cc678cd4cbe7165b1092fc47d,22,1,2,1,2,1,2,False,ddp,40,512,256,1.0,True,2,1,True
llama2_13b_4k,full,completed,/opt/hbv/trainir-h20-experiments/20260927-v1/runs/llama2_13b_4k/galvatron/full/01,/opt/hbv/trainir-h20-experiments/20260927-v1/runs/llama2_13b_4k/galvatron/full/01/selected/galvatron_config_llama2_1nodes_8gpus_per_node_85GB_fp16_bsz512.json,2fd9ff3015171fc929cddcd24d5efe3ea3a6423cc678cd4cbe7165b1092fc47d,23,1,2,1,2,1,2,False,ddp,40,512,256,1.0,True,2,1,True
llama2_13b_4k,full,completed,/opt/hbv/trainir-h20-experiments/20260927-v1/runs/llama2_13b_4k/galvatron/full/01,/opt/hbv/trainir-h20-experiments/20260927-v1/runs/llama2_13b_4k/galvatron/full/01/selected/galvatron_config_llama2_1nodes_8gpus_per_node_85GB_fp16_bsz512.json,2fd9ff3015171fc929cddcd24d5efe3ea3a6423cc678cd4cbe7165b1092fc47d,24,1,2,2,1,1,2,False,ddp,40,512,256,1.0,True,2,1,True
llama2_13b_4k,full,completed,/opt/hbv/trainir-h20-experiments/20260927-v1/runs/llama2_13b_4k/galvatron/full/01,/opt/hbv/trainir-h20-experiments/20260927-v1/runs/llama2_13b_4k/galvatron/full/01/selected/galvatron_config_llama2_1nodes_8gpus_per_node_85GB_fp16_bsz512.json,2fd9ff3015171fc929cddcd24d5efe3ea3a6423cc678cd4cbe7165b1092fc47d,25,1,2,2,1,1,2,False,ddp,40,512,256,1.0,True,2,1,True
llama2_13b_4k,full,completed,/opt/hbv/trainir-h20-experiments/20260927-v1/runs/llama2_13b_4k/galvatron/full/01,/opt/hbv/trainir-h20-experiments/20260927-v1/runs/llama2_13b_4k/galvatron/full/01/selected/galvatron_config_llama2_1nodes_8gpus_per_node_85GB_fp16_bsz512.json,2fd9ff3015171fc929cddcd24d5efe3ea3a6423cc678cd4cbe7165b1092fc47d,26,1,2,2,1,1,2,False,ddp,40,512,256,1.0,True,2,1,True
llama2_13b_4k,full,completed,/opt/hbv/trainir-h20-experiments/20260927-v1/runs/llama2_13b_4k/galvatron/full/01,/opt/hbv/trainir-h20-experiments/20260927-v1/runs/llama2_13b_4k/galvatron/full/01/selected/galvatron_config_llama2_1nodes_8gpus_per_node_85GB_fp16_bsz512.json,2fd9ff3015171fc929cddcd24d5efe3ea3a6423cc678cd4cbe7165b1092fc47d,27,1,2,2,1,1,2,False,ddp,40,512,256,1.0,True,2,1,True
llama2_13b_4k,full,completed,/opt/hbv/trainir-h20-experiments/20260927-v1/runs/llama2_13b_4k/galvatron/full/01,/opt/hbv/trainir-h20-experiments/20260927-v1/runs/llama2_13b_4k/galvatron/full/01/selected/galvatron_config_llama2_1nodes_8gpus_per_node_85GB_fp16_bsz512.json,2fd9ff3015171fc929cddcd24d5efe3ea3a6423cc678cd4cbe7165b1092fc47d,28,1,2,2,1,1,2,False,ddp,40,512,256,1.0,True,2,1,True
llama2_13b_4k,full,completed,/opt/hbv/trainir-h20-experiments/20260927-v1/runs/llama2_13b_4k/galvatron/full/01,/opt/hbv/trainir-h20-experiments/20260927-v1/runs/llama2_13b_4k/galvatron/full/01/selected/galvatron_config_llama2_1nodes_8gpus_per_node_85GB_fp16_bsz512.json,2fd9ff3015171fc929cddcd24d5efe3ea3a6423cc678cd4cbe7165b1092fc47d,29,1,2,2,1,1,2,False,ddp,40,512,256,1.0,True,2,1,True
llama2_13b_4k,full,completed,/opt/hbv/trainir-h20-experiments/20260927-v1/runs/llama2_13b_4k/galvatron/full/01,/opt/hbv/trainir-h20-experiments/20260927-v1/runs/llama2_13b_4k/galvatron/full/01/selected/galvatron_config_llama2_1nodes_8gpus_per_node_85GB_fp16_bsz512.json,2fd9ff3015171fc929cddcd24d5efe3ea3a6423cc678cd4cbe7165b1092fc47d,30,1,2,2,1,1,2,False,ddp,40,512,256,1.0,True,2,1,True
llama2_13b_4k,full,completed,/opt/hbv/trainir-h20-experiments/20260927-v1/runs/llama2_13b_4k/galvatron/full/01,/opt/hbv/trainir-h20-experiments/20260927-v1/runs/llama2_13b_4k/galvatron/full/01/selected/galvatron_config_llama2_1nodes_8gpus_per_node_85GB_fp16_bsz512.json,2fd9ff3015171fc929cddcd24d5efe3ea3a6423cc678cd4cbe7165b1092fc47d,31,1,2,2,1,1,2,False,ddp,40,512,256,1.0,True,2,1,True
llama2_13b_4k,full,completed,/opt/hbv/trainir-h20-experiments/20260927-v1/runs/llama2_13b_4k/galvatron/full/01,/opt/hbv/trainir-h20-experiments/20260927-v1/runs/llama2_13b_4k/galvatron/full/01/selected/galvatron_config_llama2_1nodes_8gpus_per_node_85GB_fp16_bsz512.json,2fd9ff3015171fc929cddcd24d5efe3ea3a6423cc678cd4cbe7165b1092fc47d,32,1,2,2,1,1,2,False,ddp,40,512,256,1.0,True,2,1,True
llama2_13b_4k,full,completed,/opt/hbv/trainir-h20-experiments/20260927-v1/runs/llama2_13b_4k/galvatron/full/01,/opt/hbv/trainir-h20-experiments/20260927-v1/runs/llama2_13b_4k/galvatron/full/01/selected/galvatron_config_llama2_1nodes_8gpus_per_node_85GB_fp16_bsz512.json,2fd9ff3015171fc929cddcd24d5efe3ea3a6423cc678cd4cbe7165b1092fc47d,33,1,2,2,1,1,2,False,ddp,40,512,256,1.0,True,2,1,True
llama2_13b_4k,full,completed,/opt/hbv/trainir-h20-experiments/20260927-v1/runs/llama2_13b_4k/galvatron/full/01,/opt/hbv/trainir-h20-experiments/20260927-v1/runs/llama2_13b_4k/galvatron/full/01/selected/galvatron_config_llama2_1nodes_8gpus_per_node_85GB_fp16_bsz512.json,2fd9ff3015171fc929cddcd24d5efe3ea3a6423cc678cd4cbe7165b1092fc47d,34,1,2,2,1,1,2,False,ddp,40,512,256,1.0,True,2,1,True
llama2_13b_4k,full,completed,/opt/hbv/trainir-h20-experiments/20260927-v1/runs/llama2_13b_4k/galvatron/full/01,/opt/hbv/trainir-h20-experiments/20260927-v1/runs/llama2_13b_4k/galvatron/full/01/selected/galvatron_config_llama2_1nodes_8gpus_per_node_85GB_fp16_bsz512.json,2fd9ff3015171fc929cddcd24d5efe3ea3a6423cc678cd4cbe7165b1092fc47d,35,1,2,2,1,1,2,False,ddp,40,512,256,1.0,True,2,1,True
llama2_13b_4k,full,completed,/opt/hbv/trainir-h20-experiments/20260927-v1/runs/llama2_13b_4k/galvatron/full/01,/opt/hbv/trainir-h20-experiments/20260927-v1/runs/llama2_13b_4k/galvatron/full/01/selected/galvatron_config_llama2_1nodes_8gpus_per_node_85GB_fp16_bsz512.json,2fd9ff3015171fc929cddcd24d5efe3ea3a6423cc678cd4cbe7165b1092fc47d,36,1,2,2,1,1,2,False,ddp,40,512,256,1.0,True,2,1,True
llama2_13b_4k,full,completed,/opt/hbv/trainir-h20-experiments/20260927-v1/runs/llama2_13b_4k/galvatron/full/01,/opt/hbv/trainir-h20-experiments/20260927-v1/runs/llama2_13b_4k/galvatron/full/01/selected/galvatron_config_llama2_1nodes_8gpus_per_node_85GB_fp16_bsz512.json,2fd9ff3015171fc929cddcd24d5efe3ea3a6423cc678cd4cbe7165b1092fc47d,37,1,2,2,1,1,2,False,ddp,40,512,256,1.0,True,2,1,True
llama2_13b_4k,full,completed,/opt/hbv/trainir-h20-experiments/20260927-v1/runs/llama2_13b_4k/galvatron/full/01,/opt/hbv/trainir-h20-experiments/20260927-v1/runs/llama2_13b_4k/galvatron/full/01/selected/galvatron_config_llama2_1nodes_8gpus_per_node_85GB_fp16_bsz512.json,2fd9ff3015171fc929cddcd24d5efe3ea3a6423cc678cd4cbe7165b1092fc47d,38,1,2,2,1,1,2,False,ddp,40,512,256,1.0,True,2,1,True
llama2_13b_4k,full,completed,/opt/hbv/trainir-h20-experiments/20260927-v1/runs/llama2_13b_4k/galvatron/full/01,/opt/hbv/trainir-h20-experiments/20260927-v1/runs/llama2_13b_4k/galvatron/full/01/selected/galvatron_config_llama2_1nodes_8gpus_per_node_85GB_fp16_bsz512.json,2fd9ff3015171fc929cddcd24d5efe3ea3a6423cc678cd4cbe7165b1092fc47d,39,1,2,2,1,1,2,False,ddp,40,512,256,1.0,True,2,1,True
llama3_8b_8k,common,completed,/opt/hbv/trainir-h20-experiments/20260927-v1/runs/llama3_8b_8k/galvatron/common/01,/opt/hbv/trainir-h20-experiments/20260927-v1/runs/llama3_8b_8k/galvatron/common/01/selected/galvatron_config_llama2_1nodes_8gpus_per_node_85GB_bf16_bsz64_[fsdp_ckpt_off].json,1256c9ed72946863b06d41ab6791f1678216688447f7b4c5a41106dfd31df546,0,0,1,4,1,1,2,False,ddp,8,64,16,2.0,True,4,0,False
llama3_8b_8k,common,completed,/opt/hbv/trainir-h20-experiments/20260927-v1/runs/llama3_8b_8k/galvatron/common/01,/opt/hbv/trainir-h20-experiments/20260927-v1/runs/llama3_8b_8k/galvatron/common/01/selected/galvatron_config_llama2_1nodes_8gpus_per_node_85GB_bf16_bsz64_[fsdp_ckpt_off].json,1256c9ed72946863b06d41ab6791f1678216688447f7b4c5a41106dfd31df546,1,0,1,4,1,1,2,False,ddp,8,64,16,2.0,True,4,0,False
llama3_8b_8k,common,completed,/opt/hbv/trainir-h20-experiments/20260927-v1/runs/llama3_8b_8k/galvatron/common/01,/opt/hbv/trainir-h20-experiments/20260927-v1/runs/llama3_8b_8k/galvatron/common/01/selected/galvatron_config_llama2_1nodes_8gpus_per_node_85GB_bf16_bsz64_[fsdp_ckpt_off].json,1256c9ed72946863b06d41ab6791f1678216688447f7b4c5a41106dfd31df546,2,0,1,4,1,1,2,False,ddp,8,64,16,2.0,True,4,0,False
llama3_8b_8k,common,completed,/opt/hbv/trainir-h20-experiments/20260927-v1/runs/llama3_8b_8k/galvatron/common/01,/opt/hbv/trainir-h20-experiments/20260927-v1/runs/llama3_8b_8k/galvatron/common/01/selected/galvatron_config_llama2_1nodes_8gpus_per_node_85GB_bf16_bsz64_[fsdp_ckpt_off].json,1256c9ed72946863b06d41ab6791f1678216688447f7b4c5a41106dfd31df546,3,0,1,4,1,1,2,False,ddp,8,64,16,2.0,True,4,0,False
llama3_8b_8k,common,completed,/opt/hbv/trainir-h20-experiments/20260927-v1/runs/llama3_8b_8k/galvatron/common/01,/opt/hbv/trainir-h20-experiments/20260927-v1/runs/llama3_8b_8k/galvatron/common/01/selected/galvatron_config_llama2_1nodes_8gpus_per_node_85GB_bf16_bsz64_[fsdp_ckpt_off].json,1256c9ed72946863b06d41ab6791f1678216688447f7b4c5a41106dfd31df546,4,0,1,4,1,1,2,False,ddp,8,64,16,2.0,True,4,0,False
llama3_8b_8k,common,completed,/opt/hbv/trainir-h20-experiments/20260927-v1/runs/llama3_8b_8k/galvatron/common/01,/opt/hbv/trainir-h20-experiments/20260927-v1/runs/llama3_8b_8k/galvatron/common/01/selected/galvatron_config_llama2_1nodes_8gpus_per_node_85GB_bf16_bsz64_[fsdp_ckpt_off].json,1256c9ed72946863b06d41ab6791f1678216688447f7b4c5a41106dfd31df546,5,0,1,4,1,1,2,False,ddp,8,64,16,2.0,True,4,0,False
llama3_8b_8k,common,completed,/opt/hbv/trainir-h20-experiments/20260927-v1/runs/llama3_8b_8k/galvatron/common/01,/opt/hbv/trainir-h20-experiments/20260927-v1/runs/llama3_8b_8k/galvatron/common/01/selected/galvatron_config_llama2_1nodes_8gpus_per_node_85GB_bf16_bsz64_[fsdp_ckpt_off].json,1256c9ed72946863b06d41ab6791f1678216688447f7b4c5a41106dfd31df546,6,0,1,4,1,1,2,False,ddp,8,64,16,2.0,True,4,0,False
llama3_8b_8k,common,completed,/opt/hbv/trainir-h20-experiments/20260927-v1/runs/llama3_8b_8k/galvatron/common/01,/opt/hbv/trainir-h20-experiments/20260927-v1/runs/llama3_8b_8k/galvatron/common/01/selected/galvatron_config_llama2_1nodes_8gpus_per_node_85GB_bf16_bsz64_[fsdp_ckpt_off].json,1256c9ed72946863b06d41ab6791f1678216688447f7b4c5a41106dfd31df546,7,0,1,4,1,1,2,False,ddp,8,64,16,2.0,True,4,0,False
llama3_8b_8k,common,completed,/opt/hbv/trainir-h20-experiments/20260927-v1/runs/llama3_8b_8k/galvatron/common/01,/opt/hbv/trainir-h20-experiments/20260927-v1/runs/llama3_8b_8k/galvatron/common/01/selected/galvatron_config_llama2_1nodes_8gpus_per_node_85GB_bf16_bsz64_[fsdp_ckpt_off].json,1256c9ed72946863b06d41ab6791f1678216688447f7b4c5a41106dfd31df546,8,0,1,4,1,1,2,False,ddp,8,64,16,2.0,True,4,0,False
llama3_8b_8k,common,completed,/opt/hbv/trainir-h20-experiments/20260927-v1/runs/llama3_8b_8k/galvatron/common/01,/opt/hbv/trainir-h20-experiments/20260927-v1/runs/llama3_8b_8k/galvatron/common/01/selected/galvatron_config_llama2_1nodes_8gpus_per_node_85GB_bf16_bsz64_[fsdp_ckpt_off].json,1256c9ed72946863b06d41ab6791f1678216688447f7b4c5a41106dfd31df546,9,0,1,4,1,1,2,False,ddp,8,64,16,2.0,True,4,0,False
llama3_8b_8k,common,completed,/opt/hbv/trainir-h20-experiments/20260927-v1/runs/llama3_8b_8k/galvatron/common/01,/opt/hbv/trainir-h20-experiments/20260927-v1/runs/llama3_8b_8k/galvatron/common/01/selected/galvatron_config_llama2_1nodes_8gpus_per_node_85GB_bf16_bsz64_[fsdp_ckpt_off].json,1256c9ed72946863b06d41ab6791f1678216688447f7b4c5a41106dfd31df546,10,0,1,4,1,1,2,False,ddp,8,64,16,2.0,True,4,0,False
llama3_8b_8k,common,completed,/opt/hbv/trainir-h20-experiments/20260927-v1/runs/llama3_8b_8k/galvatron/common/01,/opt/hbv/trainir-h20-experiments/20260927-v1/runs/llama3_8b_8k/galvatron/common/01/selected/galvatron_config_llama2_1nodes_8gpus_per_node_85GB_bf16_bsz64_[fsdp_ckpt_off].json,1256c9ed72946863b06d41ab6791f1678216688447f7b4c5a41106dfd31df546,11,0,1,4,1,1,2,False,ddp,8,64,16,2.0,True,4,0,False
llama3_8b_8k,common,completed,/opt/hbv/trainir-h20-experiments/20260927-v1/runs/llama3_8b_8k/galvatron/common/01,/opt/hbv/trainir-h20-experiments/20260927-v1/runs/llama3_8b_8k/galvatron/common/01/selected/galvatron_config_llama2_1nodes_8gpus_per_node_85GB_bf16_bsz64_[fsdp_ckpt_off].json,1256c9ed72946863b06d41ab6791f1678216688447f7b4c5a41106dfd31df546,12,0,1,4,1,1,2,False,ddp,8,64,16,2.0,True,4,0,False
llama3_8b_8k,common,completed,/opt/hbv/trainir-h20-experiments/20260927-v1/runs/llama3_8b_8k/galvatron/common/01,/opt/hbv/trainir-h20-experiments/20260927-v1/runs/llama3_8b_8k/galvatron/common/01/selected/galvatron_config_llama2_1nodes_8gpus_per_node_85GB_bf16_bsz64_[fsdp_ckpt_off].json,1256c9ed72946863b06d41ab6791f1678216688447f7b4c5a41106dfd31df546,13,0,1,4,1,1,2,False,ddp,8,64,16,2.0,True,4,0,False
llama3_8b_8k,common,completed,/opt/hbv/trainir-h20-experiments/20260927-v1/runs/llama3_8b_8k/galvatron/common/01,/opt/hbv/trainir-h20-experiments/20260927-v1/runs/llama3_8b_8k/galvatron/common/01/selected/galvatron_config_llama2_1nodes_8gpus_per_node_85GB_bf16_bsz64_[fsdp_ckpt_off].json,1256c9ed72946863b06d41ab6791f1678216688447f7b4c5a41106dfd31df546,14,0,1,4,1,1,2,False,ddp,8,64,16,2.0,True,4,0,False
llama3_8b_8k,common,completed,/opt/hbv/trainir-h20-experiments/20260927-v1/runs/llama3_8b_8k/galvatron/common/01,/opt/hbv/trainir-h20-experiments/20260927-v1/runs/llama3_8b_8k/galvatron/common/01/selected/galvatron_config_llama2_1nodes_8gpus_per_node_85GB_bf16_bsz64_[fsdp_ckpt_off].json,1256c9ed72946863b06d41ab6791f1678216688447f7b4c5a41106dfd31df546,15,0,1,4,1,1,2,False,ddp,8,64,16,2.0,True,4,0,False
llama3_8b_8k,common,completed,/opt/hbv/trainir-h20-experiments/20260927-v1/runs/llama3_8b_8k/galvatron/common/01,/opt/hbv/trainir-h20-experiments/20260927-v1/runs/llama3_8b_8k/galvatron/common/01/selected/galvatron_config_llama2_1nodes_8gpus_per_node_85GB_bf16_bsz64_[fsdp_ckpt_off].json,1256c9ed72946863b06d41ab6791f1678216688447f7b4c5a41106dfd31df546,16,0,1,4,1,1,2,False,ddp,8,64,16,2.0,True,4,0,False
llama3_8b_8k,common,completed,/opt/hbv/trainir-h20-experiments/20260927-v1/runs/llama3_8b_8k/galvatron/common/01,/opt/hbv/trainir-h20-experiments/20260927-v1/runs/llama3_8b_8k/galvatron/common/01/selected/galvatron_config_llama2_1nodes_8gpus_per_node_85GB_bf16_bsz64_[fsdp_ckpt_off].json,1256c9ed72946863b06d41ab6791f1678216688447f7b4c5a41106dfd31df546,17,0,1,4,1,1,2,False,ddp,8,64,16,2.0,True,4,0,False
llama3_8b_8k,common,completed,/opt/hbv/trainir-h20-experiments/20260927-v1/runs/llama3_8b_8k/galvatron/common/01,/opt/hbv/trainir-h20-experiments/20260927-v1/runs/llama3_8b_8k/galvatron/common/01/selected/galvatron_config_llama2_1nodes_8gpus_per_node_85GB_bf16_bsz64_[fsdp_ckpt_off].json,1256c9ed72946863b06d41ab6791f1678216688447f7b4c5a41106dfd31df546,18,0,1,4,1,1,2,False,ddp,8,64,16,2.0,True,4,0,False
llama3_8b_8k,common,completed,/opt/hbv/trainir-h20-experiments/20260927-v1/runs/llama3_8b_8k/galvatron/common/01,/opt/hbv/trainir-h20-experiments/20260927-v1/runs/llama3_8b_8k/galvatron/common/01/selected/galvatron_config_llama2_1nodes_8gpus_per_node_85GB_bf16_bsz64_[fsdp_ckpt_off].json,1256c9ed72946863b06d41ab6791f1678216688447f7b4c5a41106dfd31df546,19,0,1,4,1,1,2,False,ddp,8,64,16,2.0,True,4,0,False
llama3_8b_8k,common,completed,/opt/hbv/trainir-h20-experiments/20260927-v1/runs/llama3_8b_8k/galvatron/common/01,/opt/hbv/trainir-h20-experiments/20260927-v1/runs/llama3_8b_8k/galvatron/common/01/selected/galvatron_config_llama2_1nodes_8gpus_per_node_85GB_bf16_bsz64_[fsdp_ckpt_off].json,1256c9ed72946863b06d41ab6791f1678216688447f7b4c5a41106dfd31df546,20,0,1,4,1,1,2,False,ddp,8,64,16,2.0,True,4,0,False
llama3_8b_8k,common,completed,/opt/hbv/trainir-h20-experiments/20260927-v1/runs/llama3_8b_8k/galvatron/common/01,/opt/hbv/trainir-h20-experiments/20260927-v1/runs/llama3_8b_8k/galvatron/common/01/selected/galvatron_config_llama2_1nodes_8gpus_per_node_85GB_bf16_bsz64_[fsdp_ckpt_off].json,1256c9ed72946863b06d41ab6791f1678216688447f7b4c5a41106dfd31df546,21,0,1,4,1,1,2,False,ddp,8,64,16,2.0,True,4,0,False
llama3_8b_8k,common,completed,/opt/hbv/trainir-h20-experiments/20260927-v1/runs/llama3_8b_8k/galvatron/common/01,/opt/hbv/trainir-h20-experiments/20260927-v1/runs/llama3_8b_8k/galvatron/common/01/selected/galvatron_config_llama2_1nodes_8gpus_per_node_85GB_bf16_bsz64_[fsdp_ckpt_off].json,1256c9ed72946863b06d41ab6791f1678216688447f7b4c5a41106dfd31df546,22,0,1,4,1,1,2,False,ddp,8,64,16,2.0,True,4,0,False
llama3_8b_8k,common,completed,/opt/hbv/trainir-h20-experiments/20260927-v1/runs/llama3_8b_8k/galvatron/common/01,/opt/hbv/trainir-h20-experiments/20260927-v1/runs/llama3_8b_8k/galvatron/common/01/selected/galvatron_config_llama2_1nodes_8gpus_per_node_85GB_bf16_bsz64_[fsdp_ckpt_off].json,1256c9ed72946863b06d41ab6791f1678216688447f7b4c5a41106dfd31df546,23,0,1,4,1,1,2,False,ddp,8,64,16,2.0,True,4,0,False
llama3_8b_8k,common,completed,/opt/hbv/trainir-h20-experiments/20260927-v1/runs/llama3_8b_8k/galvatron/common/01,/opt/hbv/trainir-h20-experiments/20260927-v1/runs/llama3_8b_8k/galvatron/common/01/selected/galvatron_config_llama2_1nodes_8gpus_per_node_85GB_bf16_bsz64_[fsdp_ckpt_off].json,1256c9ed72946863b06d41ab6791f1678216688447f7b4c5a41106dfd31df546,24,0,1,4,1,1,2,False,ddp,8,64,16,2.0,True,4,0,False
llama3_8b_8k,common,completed,/opt/hbv/trainir-h20-experiments/20260927-v1/runs/llama3_8b_8k/galvatron/common/01,/opt/hbv/trainir-h20-experiments/20260927-v1/runs/llama3_8b_8k/galvatron/common/01/selected/galvatron_config_llama2_1nodes_8gpus_per_node_85GB_bf16_bsz64_[fsdp_ckpt_off].json,1256c9ed72946863b06d41ab6791f1678216688447f7b4c5a41106dfd31df546,25,0,1,4,1,1,2,False,ddp,8,64,16,2.0,True,4,0,False
llama3_8b_8k,common,completed,/opt/hbv/trainir-h20-experiments/20260927-v1/runs/llama3_8b_8k/galvatron/common/01,/opt/hbv/trainir-h20-experiments/20260927-v1/runs/llama3_8b_8k/galvatron/common/01/selected/galvatron_config_llama2_1nodes_8gpus_per_node_85GB_bf16_bsz64_[fsdp_ckpt_off].json,1256c9ed72946863b06d41ab6791f1678216688447f7b4c5a41106dfd31df546,26,0,1,4,1,1,2,False,ddp,8,64,16,2.0,True,4,0,False
llama3_8b_8k,common,completed,/opt/hbv/trainir-h20-experiments/20260927-v1/runs/llama3_8b_8k/galvatron/common/01,/opt/hbv/trainir-h20-experiments/20260927-v1/runs/llama3_8b_8k/galvatron/common/01/selected/galvatron_config_llama2_1nodes_8gpus_per_node_85GB_bf16_bsz64_[fsdp_ckpt_off].json,1256c9ed72946863b06d41ab6791f1678216688447f7b4c5a41106dfd31df546,27,0,1,4,1,1,2,False,ddp,8,64,16,2.0,True,4,0,False
llama3_8b_8k,common,completed,/opt/hbv/trainir-h20-experiments/20260927-v1/runs/llama3_8b_8k/galvatron/common/01,/opt/hbv/trainir-h20-experiments/20260927-v1/runs/llama3_8b_8k/galvatron/common/01/selected/galvatron_config_llama2_1nodes_8gpus_per_node_85GB_bf16_bsz64_[fsdp_ckpt_off].json,1256c9ed72946863b06d41ab6791f1678216688447f7b4c5a41106dfd31df546,28,0,1,4,1,1,2,False,ddp,8,64,16,2.0,True,4,0,False
llama3_8b_8k,common,completed,/opt/hbv/trainir-h20-experiments/20260927-v1/runs/llama3_8b_8k/galvatron/common/01,/opt/hbv/trainir-h20-experiments/20260927-v1/runs/llama3_8b_8k/galvatron/common/01/selected/galvatron_config_llama2_1nodes_8gpus_per_node_85GB_bf16_bsz64_[fsdp_ckpt_off].json,1256c9ed72946863b06d41ab6791f1678216688447f7b4c5a41106dfd31df546,29,0,1,4,1,1,2,False,ddp,8,64,16,2.0,True,4,0,False
llama3_8b_8k,common,completed,/opt/hbv/trainir-h20-experiments/20260927-v1/runs/llama3_8b_8k/galvatron/common/01,/opt/hbv/trainir-h20-experiments/20260927-v1/runs/llama3_8b_8k/galvatron/common/01/selected/galvatron_config_llama2_1nodes_8gpus_per_node_85GB_bf16_bsz64_[fsdp_ckpt_off].json,1256c9ed72946863b06d41ab6791f1678216688447f7b4c5a41106dfd31df546,30,0,1,4,1,1,2,False,ddp,8,64,16,2.0,True,4,0,False
llama3_8b_8k,common,completed,/opt/hbv/trainir-h20-experiments/20260927-v1/runs/llama3_8b_8k/galvatron/common/01,/opt/hbv/trainir-h20-experiments/20260927-v1/runs/llama3_8b_8k/galvatron/common/01/selected/galvatron_config_llama2_1nodes_8gpus_per_node_85GB_bf16_bsz64_[fsdp_ckpt_off].json,1256c9ed72946863b06d41ab6791f1678216688447f7b4c5a41106dfd31df546,31,0,1,4,1,1,2,False,ddp,8,64,16,2.0,True,4,0,False
llama3_8b_8k,full,completed,/opt/hbv/trainir-h20-experiments/20260927-v1/runs/llama3_8b_8k/galvatron/full/01,/opt/hbv/trainir-h20-experiments/20260927-v1/runs/llama3_8b_8k/galvatron/full/01/selected/galvatron_config_llama2_1nodes_8gpus_per_node_85GB_bf16_bsz64.json,a11c8ab6085b54b090ab907d45f1d7c0964fe4a52e11bf323bb0d368d7965d86,0,0,1,2,1,1,4,False,zero3,8,64,16,1.0,True,2,0,True
llama3_8b_8k,full,completed,/opt/hbv/trainir-h20-experiments/20260927-v1/runs/llama3_8b_8k/galvatron/full/01,/opt/hbv/trainir-h20-experiments/20260927-v1/runs/llama3_8b_8k/galvatron/full/01/selected/galvatron_config_llama2_1nodes_8gpus_per_node_85GB_bf16_bsz64.json,a11c8ab6085b54b090ab907d45f1d7c0964fe4a52e11bf323bb0d368d7965d86,1,0,1,2,1,1,4,False,zero3,8,64,16,1.0,True,2,0,True
llama3_8b_8k,full,completed,/opt/hbv/trainir-h20-experiments/20260927-v1/runs/llama3_8b_8k/galvatron/full/01,/opt/hbv/trainir-h20-experiments/20260927-v1/runs/llama3_8b_8k/galvatron/full/01/selected/galvatron_config_llama2_1nodes_8gpus_per_node_85GB_bf16_bsz64.json,a11c8ab6085b54b090ab907d45f1d7c0964fe4a52e11bf323bb0d368d7965d86,2,0,1,2,1,1,4,False,zero3,8,64,16,1.0,True,2,0,True
llama3_8b_8k,full,completed,/opt/hbv/trainir-h20-experiments/20260927-v1/runs/llama3_8b_8k/galvatron/full/01,/opt/hbv/trainir-h20-experiments/20260927-v1/runs/llama3_8b_8k/galvatron/full/01/selected/galvatron_config_llama2_1nodes_8gpus_per_node_85GB_bf16_bsz64.json,a11c8ab6085b54b090ab907d45f1d7c0964fe4a52e11bf323bb0d368d7965d86,3,0,1,2,1,1,4,False,zero3,8,64,16,1.0,True,2,0,True
llama3_8b_8k,full,completed,/opt/hbv/trainir-h20-experiments/20260927-v1/runs/llama3_8b_8k/galvatron/full/01,/opt/hbv/trainir-h20-experiments/20260927-v1/runs/llama3_8b_8k/galvatron/full/01/selected/galvatron_config_llama2_1nodes_8gpus_per_node_85GB_bf16_bsz64.json,a11c8ab6085b54b090ab907d45f1d7c0964fe4a52e11bf323bb0d368d7965d86,4,0,1,2,1,1,4,False,zero3,8,64,16,1.0,True,2,0,True
llama3_8b_8k,full,completed,/opt/hbv/trainir-h20-experiments/20260927-v1/runs/llama3_8b_8k/galvatron/full/01,/opt/hbv/trainir-h20-experiments/20260927-v1/runs/llama3_8b_8k/galvatron/full/01/selected/galvatron_config_llama2_1nodes_8gpus_per_node_85GB_bf16_bsz64.json,a11c8ab6085b54b090ab907d45f1d7c0964fe4a52e11bf323bb0d368d7965d86,5,0,1,2,1,1,4,False,zero3,8,64,16,1.0,True,2,0,True
llama3_8b_8k,full,completed,/opt/hbv/trainir-h20-experiments/20260927-v1/runs/llama3_8b_8k/galvatron/full/01,/opt/hbv/trainir-h20-experiments/20260927-v1/runs/llama3_8b_8k/galvatron/full/01/selected/galvatron_config_llama2_1nodes_8gpus_per_node_85GB_bf16_bsz64.json,a11c8ab6085b54b090ab907d45f1d7c0964fe4a52e11bf323bb0d368d7965d86,6,0,1,2,1,1,4,False,zero3,8,64,16,1.0,True,2,0,True
llama3_8b_8k,full,completed,/opt/hbv/trainir-h20-experiments/20260927-v1/runs/llama3_8b_8k/galvatron/full/01,/opt/hbv/trainir-h20-experiments/20260927-v1/runs/llama3_8b_8k/galvatron/full/01/selected/galvatron_config_llama2_1nodes_8gpus_per_node_85GB_bf16_bsz64.json,a11c8ab6085b54b090ab907d45f1d7c0964fe4a52e11bf323bb0d368d7965d86,7,0,1,2,1,1,4,False,zero3,8,64,16,1.0,True,2,0,True
llama3_8b_8k,full,completed,/opt/hbv/trainir-h20-experiments/20260927-v1/runs/llama3_8b_8k/galvatron/full/01,/opt/hbv/trainir-h20-experiments/20260927-v1/runs/llama3_8b_8k/galvatron/full/01/selected/galvatron_config_llama2_1nodes_8gpus_per_node_85GB_bf16_bsz64.json,a11c8ab6085b54b090ab907d45f1d7c0964fe4a52e11bf323bb0d368d7965d86,8,0,1,2,1,1,4,False,zero3,8,64,16,1.0,True,2,0,True
llama3_8b_8k,full,completed,/opt/hbv/trainir-h20-experiments/20260927-v1/runs/llama3_8b_8k/galvatron/full/01,/opt/hbv/trainir-h20-experiments/20260927-v1/runs/llama3_8b_8k/galvatron/full/01/selected/galvatron_config_llama2_1nodes_8gpus_per_node_85GB_bf16_bsz64.json,a11c8ab6085b54b090ab907d45f1d7c0964fe4a52e11bf323bb0d368d7965d86,9,0,1,2,1,1,4,False,zero3,8,64,16,1.0,True,2,0,True
llama3_8b_8k,full,completed,/opt/hbv/trainir-h20-experiments/20260927-v1/runs/llama3_8b_8k/galvatron/full/01,/opt/hbv/trainir-h20-experiments/20260927-v1/runs/llama3_8b_8k/galvatron/full/01/selected/galvatron_config_llama2_1nodes_8gpus_per_node_85GB_bf16_bsz64.json,a11c8ab6085b54b090ab907d45f1d7c0964fe4a52e11bf323bb0d368d7965d86,10,0,1,2,1,1,4,False,zero3,8,64,16,1.0,True,2,0,True
llama3_8b_8k,full,completed,/opt/hbv/trainir-h20-experiments/20260927-v1/runs/llama3_8b_8k/galvatron/full/01,/opt/hbv/trainir-h20-experiments/20260927-v1/runs/llama3_8b_8k/galvatron/full/01/selected/galvatron_config_llama2_1nodes_8gpus_per_node_85GB_bf16_bsz64.json,a11c8ab6085b54b090ab907d45f1d7c0964fe4a52e11bf323bb0d368d7965d86,11,0,1,2,1,1,4,False,zero3,8,64,16,1.0,True,2,0,True
llama3_8b_8k,full,completed,/opt/hbv/trainir-h20-experiments/20260927-v1/runs/llama3_8b_8k/galvatron/full/01,/opt/hbv/trainir-h20-experiments/20260927-v1/runs/llama3_8b_8k/galvatron/full/01/selected/galvatron_config_llama2_1nodes_8gpus_per_node_85GB_bf16_bsz64.json,a11c8ab6085b54b090ab907d45f1d7c0964fe4a52e11bf323bb0d368d7965d86,12,0,1,2,1,1,4,False,zero3,8,64,16,1.0,True,2,0,True
llama3_8b_8k,full,completed,/opt/hbv/trainir-h20-experiments/20260927-v1/runs/llama3_8b_8k/galvatron/full/01,/opt/hbv/trainir-h20-experiments/20260927-v1/runs/llama3_8b_8k/galvatron/full/01/selected/galvatron_config_llama2_1nodes_8gpus_per_node_85GB_bf16_bsz64.json,a11c8ab6085b54b090ab907d45f1d7c0964fe4a52e11bf323bb0d368d7965d86,13,0,1,2,1,1,4,False,ddp,8,64,16,1.0,True,2,0,True
llama3_8b_8k,full,completed,/opt/hbv/trainir-h20-experiments/20260927-v1/runs/llama3_8b_8k/galvatron/full/01,/opt/hbv/trainir-h20-experiments/20260927-v1/runs/llama3_8b_8k/galvatron/full/01/selected/galvatron_config_llama2_1nodes_8gpus_per_node_85GB_bf16_bsz64.json,a11c8ab6085b54b090ab907d45f1d7c0964fe4a52e11bf323bb0d368d7965d86,14,0,1,2,1,1,4,False,ddp,8,64,16,1.0,True,2,0,True
llama3_8b_8k,full,completed,/opt/hbv/trainir-h20-experiments/20260927-v1/runs/llama3_8b_8k/galvatron/full/01,/opt/hbv/trainir-h20-experiments/20260927-v1/runs/llama3_8b_8k/galvatron/full/01/selected/galvatron_config_llama2_1nodes_8gpus_per_node_85GB_bf16_bsz64.json,a11c8ab6085b54b090ab907d45f1d7c0964fe4a52e11bf323bb0d368d7965d86,15,0,1,2,1,1,4,False,ddp,8,64,16,1.0,True,2,0,True
llama3_8b_8k,full,completed,/opt/hbv/trainir-h20-experiments/20260927-v1/runs/llama3_8b_8k/galvatron/full/01,/opt/hbv/trainir-h20-experiments/20260927-v1/runs/llama3_8b_8k/galvatron/full/01/selected/galvatron_config_llama2_1nodes_8gpus_per_node_85GB_bf16_bsz64.json,a11c8ab6085b54b090ab907d45f1d7c0964fe4a52e11bf323bb0d368d7965d86,16,0,1,2,1,1,4,False,ddp,8,64,16,1.0,True,2,0,True
llama3_8b_8k,full,completed,/opt/hbv/trainir-h20-experiments/20260927-v1/runs/llama3_8b_8k/galvatron/full/01,/opt/hbv/trainir-h20-experiments/20260927-v1/runs/llama3_8b_8k/galvatron/full/01/selected/galvatron_config_llama2_1nodes_8gpus_per_node_85GB_bf16_bsz64.json,a11c8ab6085b54b090ab907d45f1d7c0964fe4a52e11bf323bb0d368d7965d86,17,0,1,2,1,1,4,False,ddp,8,64,16,1.0,True,2,0,True
llama3_8b_8k,full,completed,/opt/hbv/trainir-h20-experiments/20260927-v1/runs/llama3_8b_8k/galvatron/full/01,/opt/hbv/trainir-h20-experiments/20260927-v1/runs/llama3_8b_8k/galvatron/full/01/selected/galvatron_config_llama2_1nodes_8gpus_per_node_85GB_bf16_bsz64.json,a11c8ab6085b54b090ab907d45f1d7c0964fe4a52e11bf323bb0d368d7965d86,18,0,1,2,1,1,4,False,ddp,8,64,16,1.0,True,2,0,True
llama3_8b_8k,full,completed,/opt/hbv/trainir-h20-experiments/20260927-v1/runs/llama3_8b_8k/galvatron/full/01,/opt/hbv/trainir-h20-experiments/20260927-v1/runs/llama3_8b_8k/galvatron/full/01/selected/galvatron_config_llama2_1nodes_8gpus_per_node_85GB_bf16_bsz64.json,a11c8ab6085b54b090ab907d45f1d7c0964fe4a52e11bf323bb0d368d7965d86,19,0,1,2,1,1,4,False,ddp,8,64,16,1.0,True,2,0,True
llama3_8b_8k,full,completed,/opt/hbv/trainir-h20-experiments/20260927-v1/runs/llama3_8b_8k/galvatron/full/01,/opt/hbv/trainir-h20-experiments/20260927-v1/runs/llama3_8b_8k/galvatron/full/01/selected/galvatron_config_llama2_1nodes_8gpus_per_node_85GB_bf16_bsz64.json,a11c8ab6085b54b090ab907d45f1d7c0964fe4a52e11bf323bb0d368d7965d86,20,0,1,2,1,1,4,False,ddp,8,64,16,1.0,True,2,0,True
llama3_8b_8k,full,completed,/opt/hbv/trainir-h20-experiments/20260927-v1/runs/llama3_8b_8k/galvatron/full/01,/opt/hbv/trainir-h20-experiments/20260927-v1/runs/llama3_8b_8k/galvatron/full/01/selected/galvatron_config_llama2_1nodes_8gpus_per_node_85GB_bf16_bsz64.json,a11c8ab6085b54b090ab907d45f1d7c0964fe4a52e11bf323bb0d368d7965d86,21,0,1,2,1,1,4,False,ddp,8,64,16,1.0,True,2,0,True
llama3_8b_8k,full,completed,/opt/hbv/trainir-h20-experiments/20260927-v1/runs/llama3_8b_8k/galvatron/full/01,/opt/hbv/trainir-h20-experiments/20260927-v1/runs/llama3_8b_8k/galvatron/full/01/selected/galvatron_config_llama2_1nodes_8gpus_per_node_85GB_bf16_bsz64.json,a11c8ab6085b54b090ab907d45f1d7c0964fe4a52e11bf323bb0d368d7965d86,22,0,1,2,1,1,4,False,ddp,8,64,16,1.0,True,2,0,True
llama3_8b_8k,full,completed,/opt/hbv/trainir-h20-experiments/20260927-v1/runs/llama3_8b_8k/galvatron/full/01,/opt/hbv/trainir-h20-experiments/20260927-v1/runs/llama3_8b_8k/galvatron/full/01/selected/galvatron_config_llama2_1nodes_8gpus_per_node_85GB_bf16_bsz64.json,a11c8ab6085b54b090ab907d45f1d7c0964fe4a52e11bf323bb0d368d7965d86,23,0,1,2,1,1,4,False,ddp,8,64,16,1.0,True,2,0,True
llama3_8b_8k,full,completed,/opt/hbv/trainir-h20-experiments/20260927-v1/runs/llama3_8b_8k/galvatron/full/01,/opt/hbv/trainir-h20-experiments/20260927-v1/runs/llama3_8b_8k/galvatron/full/01/selected/galvatron_config_llama2_1nodes_8gpus_per_node_85GB_bf16_bsz64.json,a11c8ab6085b54b090ab907d45f1d7c0964fe4a52e11bf323bb0d368d7965d86,24,0,1,2,1,1,4,False,ddp,8,64,16,1.0,True,2,0,True
llama3_8b_8k,full,completed,/opt/hbv/trainir-h20-experiments/20260927-v1/runs/llama3_8b_8k/galvatron/full/01,/opt/hbv/trainir-h20-experiments/20260927-v1/runs/llama3_8b_8k/galvatron/full/01/selected/galvatron_config_llama2_1nodes_8gpus_per_node_85GB_bf16_bsz64.json,a11c8ab6085b54b090ab907d45f1d7c0964fe4a52e11bf323bb0d368d7965d86,25,0,1,2,1,1,4,False,ddp,8,64,16,1.0,True,2,0,True
llama3_8b_8k,full,completed,/opt/hbv/trainir-h20-experiments/20260927-v1/runs/llama3_8b_8k/galvatron/full/01,/opt/hbv/trainir-h20-experiments/20260927-v1/runs/llama3_8b_8k/galvatron/full/01/selected/galvatron_config_llama2_1nodes_8gpus_per_node_85GB_bf16_bsz64.json,a11c8ab6085b54b090ab907d45f1d7c0964fe4a52e11bf323bb0d368d7965d86,26,0,1,2,1,1,4,False,ddp,8,64,16,1.0,True,2,0,True
llama3_8b_8k,full,completed,/opt/hbv/trainir-h20-experiments/20260927-v1/runs/llama3_8b_8k/galvatron/full/01,/opt/hbv/trainir-h20-experiments/20260927-v1/runs/llama3_8b_8k/galvatron/full/01/selected/galvatron_config_llama2_1nodes_8gpus_per_node_85GB_bf16_bsz64.json,a11c8ab6085b54b090ab907d45f1d7c0964fe4a52e11bf323bb0d368d7965d86,27,0,1,2,1,1,4,False,ddp,8,64,16,1.0,True,2,0,True
llama3_8b_8k,full,completed,/opt/hbv/trainir-h20-experiments/20260927-v1/runs/llama3_8b_8k/galvatron/full/01,/opt/hbv/trainir-h20-experiments/20260927-v1/runs/llama3_8b_8k/galvatron/full/01/selected/galvatron_config_llama2_1nodes_8gpus_per_node_85GB_bf16_bsz64.json,a11c8ab6085b54b090ab907d45f1d7c0964fe4a52e11bf323bb0d368d7965d86,28,0,1,2,1,1,4,False,ddp,8,64,16,1.0,True,2,0,True
llama3_8b_8k,full,completed,/opt/hbv/trainir-h20-experiments/20260927-v1/runs/llama3_8b_8k/galvatron/full/01,/opt/hbv/trainir-h20-experiments/20260927-v1/runs/llama3_8b_8k/galvatron/full/01/selected/galvatron_config_llama2_1nodes_8gpus_per_node_85GB_bf16_bsz64.json,a11c8ab6085b54b090ab907d45f1d7c0964fe4a52e11bf323bb0d368d7965d86,29,0,1,2,1,1,4,False,ddp,8,64,16,1.0,True,2,0,True
llama3_8b_8k,full,completed,/opt/hbv/trainir-h20-experiments/20260927-v1/runs/llama3_8b_8k/galvatron/full/01,/opt/hbv/trainir-h20-experiments/20260927-v1/runs/llama3_8b_8k/galvatron/full/01/selected/galvatron_config_llama2_1nodes_8gpus_per_node_85GB_bf16_bsz64.json,a11c8ab6085b54b090ab907d45f1d7c0964fe4a52e11bf323bb0d368d7965d86,30,0,1,2,1,1,4,False,ddp,8,64,16,1.0,True,2,0,True
llama3_8b_8k,full,completed,/opt/hbv/trainir-h20-experiments/20260927-v1/runs/llama3_8b_8k/galvatron/full/01,/opt/hbv/trainir-h20-experiments/20260927-v1/runs/llama3_8b_8k/galvatron/full/01/selected/galvatron_config_llama2_1nodes_8gpus_per_node_85GB_bf16_bsz64.json,a11c8ab6085b54b090ab907d45f1d7c0964fe4a52e11bf323bb0d368d7965d86,31,0,1,2,1,1,4,False,ddp,8,64,16,1.0,True,2,0,True
qwen2_1p5b_32k,common,completed,/opt/hbv/trainir-h20-experiments/20260927-v1/runs/qwen2_1p5b_32k/galvatron/common/02,/opt/hbv/trainir-h20-experiments/20260927-v1/runs/qwen2_1p5b_32k/galvatron/common/02/selected/galvatron_config_qwen2_1nodes_8gpus_per_node_85GB_bf16_bsz64_[fsdp_ckpt_off].json,d075c2b93aef4ad7856014277a7ae8aa124f613b44cad3c7c9e98667e5c20004,0,0,2,2,1,1,2,False,ddp,2,64,32,1.0,True,2,0,False
qwen2_1p5b_32k,common,completed,/opt/hbv/trainir-h20-experiments/20260927-v1/runs/qwen2_1p5b_32k/galvatron/common/02,/opt/hbv/trainir-h20-experiments/20260927-v1/runs/qwen2_1p5b_32k/galvatron/common/02/selected/galvatron_config_qwen2_1nodes_8gpus_per_node_85GB_bf16_bsz64_[fsdp_ckpt_off].json,d075c2b93aef4ad7856014277a7ae8aa124f613b44cad3c7c9e98667e5c20004,1,0,2,2,1,1,2,False,ddp,2,64,32,1.0,True,2,0,False
qwen2_1p5b_32k,common,completed,/opt/hbv/trainir-h20-experiments/20260927-v1/runs/qwen2_1p5b_32k/galvatron/common/02,/opt/hbv/trainir-h20-experiments/20260927-v1/runs/qwen2_1p5b_32k/galvatron/common/02/selected/galvatron_config_qwen2_1nodes_8gpus_per_node_85GB_bf16_bsz64_[fsdp_ckpt_off].json,d075c2b93aef4ad7856014277a7ae8aa124f613b44cad3c7c9e98667e5c20004,2,0,2,2,1,1,2,False,ddp,2,64,32,1.0,True,2,0,False
qwen2_1p5b_32k,common,completed,/opt/hbv/trainir-h20-experiments/20260927-v1/runs/qwen2_1p5b_32k/galvatron/common/02,/opt/hbv/trainir-h20-experiments/20260927-v1/runs/qwen2_1p5b_32k/galvatron/common/02/selected/galvatron_config_qwen2_1nodes_8gpus_per_node_85GB_bf16_bsz64_[fsdp_ckpt_off].json,d075c2b93aef4ad7856014277a7ae8aa124f613b44cad3c7c9e98667e5c20004,3,0,2,2,1,1,2,False,ddp,2,64,32,1.0,True,2,0,False
qwen2_1p5b_32k,common,completed,/opt/hbv/trainir-h20-experiments/20260927-v1/runs/qwen2_1p5b_32k/galvatron/common/02,/opt/hbv/trainir-h20-experiments/20260927-v1/runs/qwen2_1p5b_32k/galvatron/common/02/selected/galvatron_config_qwen2_1nodes_8gpus_per_node_85GB_bf16_bsz64_[fsdp_ckpt_off].json,d075c2b93aef4ad7856014277a7ae8aa124f613b44cad3c7c9e98667e5c20004,4,0,2,2,1,1,2,False,ddp,2,64,32,1.0,True,2,0,False
qwen2_1p5b_32k,common,completed,/opt/hbv/trainir-h20-experiments/20260927-v1/runs/qwen2_1p5b_32k/galvatron/common/02,/opt/hbv/trainir-h20-experiments/20260927-v1/runs/qwen2_1p5b_32k/galvatron/common/02/selected/galvatron_config_qwen2_1nodes_8gpus_per_node_85GB_bf16_bsz64_[fsdp_ckpt_off].json,d075c2b93aef4ad7856014277a7ae8aa124f613b44cad3c7c9e98667e5c20004,5,0,2,2,1,1,2,False,ddp,2,64,32,1.0,True,2,0,False
qwen2_1p5b_32k,common,completed,/opt/hbv/trainir-h20-experiments/20260927-v1/runs/qwen2_1p5b_32k/galvatron/common/02,/opt/hbv/trainir-h20-experiments/20260927-v1/runs/qwen2_1p5b_32k/galvatron/common/02/selected/galvatron_config_qwen2_1nodes_8gpus_per_node_85GB_bf16_bsz64_[fsdp_ckpt_off].json,d075c2b93aef4ad7856014277a7ae8aa124f613b44cad3c7c9e98667e5c20004,6,0,2,2,1,1,2,False,ddp,2,64,32,1.0,True,2,0,False
qwen2_1p5b_32k,common,completed,/opt/hbv/trainir-h20-experiments/20260927-v1/runs/qwen2_1p5b_32k/galvatron/common/02,/opt/hbv/trainir-h20-experiments/20260927-v1/runs/qwen2_1p5b_32k/galvatron/common/02/selected/galvatron_config_qwen2_1nodes_8gpus_per_node_85GB_bf16_bsz64_[fsdp_ckpt_off].json,d075c2b93aef4ad7856014277a7ae8aa124f613b44cad3c7c9e98667e5c20004,7,0,2,2,1,1,2,False,ddp,2,64,32,1.0,True,2,0,False
qwen2_1p5b_32k,common,completed,/opt/hbv/trainir-h20-experiments/20260927-v1/runs/qwen2_1p5b_32k/galvatron/common/02,/opt/hbv/trainir-h20-experiments/20260927-v1/runs/qwen2_1p5b_32k/galvatron/common/02/selected/galvatron_config_qwen2_1nodes_8gpus_per_node_85GB_bf16_bsz64_[fsdp_ckpt_off].json,d075c2b93aef4ad7856014277a7ae8aa124f613b44cad3c7c9e98667e5c20004,8,0,2,2,1,1,2,False,ddp,2,64,32,1.0,True,2,0,False
qwen2_1p5b_32k,common,completed,/opt/hbv/trainir-h20-experiments/20260927-v1/runs/qwen2_1p5b_32k/galvatron/common/02,/opt/hbv/trainir-h20-experiments/20260927-v1/runs/qwen2_1p5b_32k/galvatron/common/02/selected/galvatron_config_qwen2_1nodes_8gpus_per_node_85GB_bf16_bsz64_[fsdp_ckpt_off].json,d075c2b93aef4ad7856014277a7ae8aa124f613b44cad3c7c9e98667e5c20004,9,0,2,2,1,1,2,False,ddp,2,64,32,1.0,True,2,0,False
qwen2_1p5b_32k,common,completed,/opt/hbv/trainir-h20-experiments/20260927-v1/runs/qwen2_1p5b_32k/galvatron/common/02,/opt/hbv/trainir-h20-experiments/20260927-v1/runs/qwen2_1p5b_32k/galvatron/common/02/selected/galvatron_config_qwen2_1nodes_8gpus_per_node_85GB_bf16_bsz64_[fsdp_ckpt_off].json,d075c2b93aef4ad7856014277a7ae8aa124f613b44cad3c7c9e98667e5c20004,10,0,2,2,1,1,2,False,ddp,2,64,32,1.0,True,2,0,False
qwen2_1p5b_32k,common,completed,/opt/hbv/trainir-h20-experiments/20260927-v1/runs/qwen2_1p5b_32k/galvatron/common/02,/opt/hbv/trainir-h20-experiments/20260927-v1/runs/qwen2_1p5b_32k/galvatron/common/02/selected/galvatron_config_qwen2_1nodes_8gpus_per_node_85GB_bf16_bsz64_[fsdp_ckpt_off].json,d075c2b93aef4ad7856014277a7ae8aa124f613b44cad3c7c9e98667e5c20004,11,0,2,2,1,1,2,False,ddp,2,64,32,1.0,True,2,0,False
qwen2_1p5b_32k,common,completed,/opt/hbv/trainir-h20-experiments/20260927-v1/runs/qwen2_1p5b_32k/galvatron/common/02,/opt/hbv/trainir-h20-experiments/20260927-v1/runs/qwen2_1p5b_32k/galvatron/common/02/selected/galvatron_config_qwen2_1nodes_8gpus_per_node_85GB_bf16_bsz64_[fsdp_ckpt_off].json,d075c2b93aef4ad7856014277a7ae8aa124f613b44cad3c7c9e98667e5c20004,12,0,2,2,1,1,2,False,ddp,2,64,32,1.0,True,2,0,False
qwen2_1p5b_32k,common,completed,/opt/hbv/trainir-h20-experiments/20260927-v1/runs/qwen2_1p5b_32k/galvatron/common/02,/opt/hbv/trainir-h20-experiments/20260927-v1/runs/qwen2_1p5b_32k/galvatron/common/02/selected/galvatron_config_qwen2_1nodes_8gpus_per_node_85GB_bf16_bsz64_[fsdp_ckpt_off].json,d075c2b93aef4ad7856014277a7ae8aa124f613b44cad3c7c9e98667e5c20004,13,0,2,2,1,1,2,False,ddp,2,64,32,1.0,True,2,0,False
qwen2_1p5b_32k,common,completed,/opt/hbv/trainir-h20-experiments/20260927-v1/runs/qwen2_1p5b_32k/galvatron/common/02,/opt/hbv/trainir-h20-experiments/20260927-v1/runs/qwen2_1p5b_32k/galvatron/common/02/selected/galvatron_config_qwen2_1nodes_8gpus_per_node_85GB_bf16_bsz64_[fsdp_ckpt_off].json,d075c2b93aef4ad7856014277a7ae8aa124f613b44cad3c7c9e98667e5c20004,14,1,2,2,1,1,2,False,ddp,2,64,32,1.0,True,2,0,False
qwen2_1p5b_32k,common,completed,/opt/hbv/trainir-h20-experiments/20260927-v1/runs/qwen2_1p5b_32k/galvatron/common/02,/opt/hbv/trainir-h20-experiments/20260927-v1/runs/qwen2_1p5b_32k/galvatron/common/02/selected/galvatron_config_qwen2_1nodes_8gpus_per_node_85GB_bf16_bsz64_[fsdp_ckpt_off].json,d075c2b93aef4ad7856014277a7ae8aa124f613b44cad3c7c9e98667e5c20004,15,1,2,2,1,1,2,False,ddp,2,64,32,1.0,True,2,0,False
qwen2_1p5b_32k,common,completed,/opt/hbv/trainir-h20-experiments/20260927-v1/runs/qwen2_1p5b_32k/galvatron/common/02,/opt/hbv/trainir-h20-experiments/20260927-v1/runs/qwen2_1p5b_32k/galvatron/common/02/selected/galvatron_config_qwen2_1nodes_8gpus_per_node_85GB_bf16_bsz64_[fsdp_ckpt_off].json,d075c2b93aef4ad7856014277a7ae8aa124f613b44cad3c7c9e98667e5c20004,16,1,2,2,1,1,2,False,ddp,2,64,32,1.0,True,2,0,False
qwen2_1p5b_32k,common,completed,/opt/hbv/trainir-h20-experiments/20260927-v1/runs/qwen2_1p5b_32k/galvatron/common/02,/opt/hbv/trainir-h20-experiments/20260927-v1/runs/qwen2_1p5b_32k/galvatron/common/02/selected/galvatron_config_qwen2_1nodes_8gpus_per_node_85GB_bf16_bsz64_[fsdp_ckpt_off].json,d075c2b93aef4ad7856014277a7ae8aa124f613b44cad3c7c9e98667e5c20004,17,1,2,2,1,1,2,False,ddp,2,64,32,1.0,True,2,0,False
qwen2_1p5b_32k,common,completed,/opt/hbv/trainir-h20-experiments/20260927-v1/runs/qwen2_1p5b_32k/galvatron/common/02,/opt/hbv/trainir-h20-experiments/20260927-v1/runs/qwen2_1p5b_32k/galvatron/common/02/selected/galvatron_config_qwen2_1nodes_8gpus_per_node_85GB_bf16_bsz64_[fsdp_ckpt_off].json,d075c2b93aef4ad7856014277a7ae8aa124f613b44cad3c7c9e98667e5c20004,18,1,2,2,1,1,2,False,ddp,2,64,32,1.0,True,2,0,False
qwen2_1p5b_32k,common,completed,/opt/hbv/trainir-h20-experiments/20260927-v1/runs/qwen2_1p5b_32k/galvatron/common/02,/opt/hbv/trainir-h20-experiments/20260927-v1/runs/qwen2_1p5b_32k/galvatron/common/02/selected/galvatron_config_qwen2_1nodes_8gpus_per_node_85GB_bf16_bsz64_[fsdp_ckpt_off].json,d075c2b93aef4ad7856014277a7ae8aa124f613b44cad3c7c9e98667e5c20004,19,1,2,2,1,1,2,False,ddp,2,64,32,1.0,True,2,0,False
qwen2_1p5b_32k,common,completed,/opt/hbv/trainir-h20-experiments/20260927-v1/runs/qwen2_1p5b_32k/galvatron/common/02,/opt/hbv/trainir-h20-experiments/20260927-v1/runs/qwen2_1p5b_32k/galvatron/common/02/selected/galvatron_config_qwen2_1nodes_8gpus_per_node_85GB_bf16_bsz64_[fsdp_ckpt_off].json,d075c2b93aef4ad7856014277a7ae8aa124f613b44cad3c7c9e98667e5c20004,20,1,2,2,1,1,2,False,ddp,2,64,32,1.0,True,2,0,False
qwen2_1p5b_32k,common,completed,/opt/hbv/trainir-h20-experiments/20260927-v1/runs/qwen2_1p5b_32k/galvatron/common/02,/opt/hbv/trainir-h20-experiments/20260927-v1/runs/qwen2_1p5b_32k/galvatron/common/02/selected/galvatron_config_qwen2_1nodes_8gpus_per_node_85GB_bf16_bsz64_[fsdp_ckpt_off].json,d075c2b93aef4ad7856014277a7ae8aa124f613b44cad3c7c9e98667e5c20004,21,1,2,2,1,1,2,False,ddp,2,64,32,1.0,True,2,0,False
qwen2_1p5b_32k,common,completed,/opt/hbv/trainir-h20-experiments/20260927-v1/runs/qwen2_1p5b_32k/galvatron/common/02,/opt/hbv/trainir-h20-experiments/20260927-v1/runs/qwen2_1p5b_32k/galvatron/common/02/selected/galvatron_config_qwen2_1nodes_8gpus_per_node_85GB_bf16_bsz64_[fsdp_ckpt_off].json,d075c2b93aef4ad7856014277a7ae8aa124f613b44cad3c7c9e98667e5c20004,22,1,2,2,1,1,2,False,ddp,2,64,32,1.0,True,2,0,False
qwen2_1p5b_32k,common,completed,/opt/hbv/trainir-h20-experiments/20260927-v1/runs/qwen2_1p5b_32k/galvatron/common/02,/opt/hbv/trainir-h20-experiments/20260927-v1/runs/qwen2_1p5b_32k/galvatron/common/02/selected/galvatron_config_qwen2_1nodes_8gpus_per_node_85GB_bf16_bsz64_[fsdp_ckpt_off].json,d075c2b93aef4ad7856014277a7ae8aa124f613b44cad3c7c9e98667e5c20004,23,1,2,2,1,1,2,False,ddp,2,64,32,1.0,True,2,0,False
qwen2_1p5b_32k,common,completed,/opt/hbv/trainir-h20-experiments/20260927-v1/runs/qwen2_1p5b_32k/galvatron/common/02,/opt/hbv/trainir-h20-experiments/20260927-v1/runs/qwen2_1p5b_32k/galvatron/common/02/selected/galvatron_config_qwen2_1nodes_8gpus_per_node_85GB_bf16_bsz64_[fsdp_ckpt_off].json,d075c2b93aef4ad7856014277a7ae8aa124f613b44cad3c7c9e98667e5c20004,24,1,2,2,1,1,2,False,ddp,2,64,32,1.0,True,2,0,False
qwen2_1p5b_32k,common,completed,/opt/hbv/trainir-h20-experiments/20260927-v1/runs/qwen2_1p5b_32k/galvatron/common/02,/opt/hbv/trainir-h20-experiments/20260927-v1/runs/qwen2_1p5b_32k/galvatron/common/02/selected/galvatron_config_qwen2_1nodes_8gpus_per_node_85GB_bf16_bsz64_[fsdp_ckpt_off].json,d075c2b93aef4ad7856014277a7ae8aa124f613b44cad3c7c9e98667e5c20004,25,1,2,2,1,1,2,False,ddp,2,64,32,1.0,True,2,0,False
qwen2_1p5b_32k,common,completed,/opt/hbv/trainir-h20-experiments/20260927-v1/runs/qwen2_1p5b_32k/galvatron/common/02,/opt/hbv/trainir-h20-experiments/20260927-v1/runs/qwen2_1p5b_32k/galvatron/common/02/selected/galvatron_config_qwen2_1nodes_8gpus_per_node_85GB_bf16_bsz64_[fsdp_ckpt_off].json,d075c2b93aef4ad7856014277a7ae8aa124f613b44cad3c7c9e98667e5c20004,26,1,2,2,1,1,2,False,ddp,2,64,32,1.0,True,2,0,False
qwen2_1p5b_32k,common,completed,/opt/hbv/trainir-h20-experiments/20260927-v1/runs/qwen2_1p5b_32k/galvatron/common/02,/opt/hbv/trainir-h20-experiments/20260927-v1/runs/qwen2_1p5b_32k/galvatron/common/02/selected/galvatron_config_qwen2_1nodes_8gpus_per_node_85GB_bf16_bsz64_[fsdp_ckpt_off].json,d075c2b93aef4ad7856014277a7ae8aa124f613b44cad3c7c9e98667e5c20004,27,1,2,2,1,1,2,False,ddp,2,64,32,1.0,True,2,0,False
qwen2_1p5b_32k,full,completed,/opt/hbv/trainir-h20-experiments/20260927-v1/runs/qwen2_1p5b_32k/galvatron/full/01,/opt/hbv/trainir-h20-experiments/20260927-v1/runs/qwen2_1p5b_32k/galvatron/full/01/selected/galvatron_config_qwen2_1nodes_8gpus_per_node_85GB_bf16_bsz64.json,017660f984c0c561c9c508cbb4de8e385f559909dd81b9af5550b5f0f414ad4d,0,0,1,1,2,1,4,False,zero3,2,64,16,1.0,True,2,1,True
qwen2_1p5b_32k,full,completed,/opt/hbv/trainir-h20-experiments/20260927-v1/runs/qwen2_1p5b_32k/galvatron/full/01,/opt/hbv/trainir-h20-experiments/20260927-v1/runs/qwen2_1p5b_32k/galvatron/full/01/selected/galvatron_config_qwen2_1nodes_8gpus_per_node_85GB_bf16_bsz64.json,017660f984c0c561c9c508cbb4de8e385f559909dd81b9af5550b5f0f414ad4d,1,0,1,1,2,1,4,False,zero3,2,64,16,1.0,True,2,1,True
qwen2_1p5b_32k,full,completed,/opt/hbv/trainir-h20-experiments/20260927-v1/runs/qwen2_1p5b_32k/galvatron/full/01,/opt/hbv/trainir-h20-experiments/20260927-v1/runs/qwen2_1p5b_32k/galvatron/full/01/selected/galvatron_config_qwen2_1nodes_8gpus_per_node_85GB_bf16_bsz64.json,017660f984c0c561c9c508cbb4de8e385f559909dd81b9af5550b5f0f414ad4d,2,0,1,1,2,1,4,False,zero3,2,64,16,1.0,True,2,1,True
qwen2_1p5b_32k,full,completed,/opt/hbv/trainir-h20-experiments/20260927-v1/runs/qwen2_1p5b_32k/galvatron/full/01,/opt/hbv/trainir-h20-experiments/20260927-v1/runs/qwen2_1p5b_32k/galvatron/full/01/selected/galvatron_config_qwen2_1nodes_8gpus_per_node_85GB_bf16_bsz64.json,017660f984c0c561c9c508cbb4de8e385f559909dd81b9af5550b5f0f414ad4d,3,0,1,1,2,1,4,False,zero3,2,64,16,1.0,True,2,1,True
qwen2_1p5b_32k,full,completed,/opt/hbv/trainir-h20-experiments/20260927-v1/runs/qwen2_1p5b_32k/galvatron/full/01,/opt/hbv/trainir-h20-experiments/20260927-v1/runs/qwen2_1p5b_32k/galvatron/full/01/selected/galvatron_config_qwen2_1nodes_8gpus_per_node_85GB_bf16_bsz64.json,017660f984c0c561c9c508cbb4de8e385f559909dd81b9af5550b5f0f414ad4d,4,0,1,1,2,1,4,False,zero3,2,64,16,1.0,True,2,1,True
qwen2_1p5b_32k,full,completed,/opt/hbv/trainir-h20-experiments/20260927-v1/runs/qwen2_1p5b_32k/galvatron/full/01,/opt/hbv/trainir-h20-experiments/20260927-v1/runs/qwen2_1p5b_32k/galvatron/full/01/selected/galvatron_config_qwen2_1nodes_8gpus_per_node_85GB_bf16_bsz64.json,017660f984c0c561c9c508cbb4de8e385f559909dd81b9af5550b5f0f414ad4d,5,0,1,1,2,1,4,False,zero3,2,64,16,1.0,True,2,1,True
qwen2_1p5b_32k,full,completed,/opt/hbv/trainir-h20-experiments/20260927-v1/runs/qwen2_1p5b_32k/galvatron/full/01,/opt/hbv/trainir-h20-experiments/20260927-v1/runs/qwen2_1p5b_32k/galvatron/full/01/selected/galvatron_config_qwen2_1nodes_8gpus_per_node_85GB_bf16_bsz64.json,017660f984c0c561c9c508cbb4de8e385f559909dd81b9af5550b5f0f414ad4d,6,0,1,1,2,1,4,False,zero3,2,64,16,1.0,True,2,1,True
qwen2_1p5b_32k,full,completed,/opt/hbv/trainir-h20-experiments/20260927-v1/runs/qwen2_1p5b_32k/galvatron/full/01,/opt/hbv/trainir-h20-experiments/20260927-v1/runs/qwen2_1p5b_32k/galvatron/full/01/selected/galvatron_config_qwen2_1nodes_8gpus_per_node_85GB_bf16_bsz64.json,017660f984c0c561c9c508cbb4de8e385f559909dd81b9af5550b5f0f414ad4d,7,0,1,1,2,1,4,False,zero3,2,64,16,1.0,True,2,1,True
qwen2_1p5b_32k,full,completed,/opt/hbv/trainir-h20-experiments/20260927-v1/runs/qwen2_1p5b_32k/galvatron/full/01,/opt/hbv/trainir-h20-experiments/20260927-v1/runs/qwen2_1p5b_32k/galvatron/full/01/selected/galvatron_config_qwen2_1nodes_8gpus_per_node_85GB_bf16_bsz64.json,017660f984c0c561c9c508cbb4de8e385f559909dd81b9af5550b5f0f414ad4d,8,0,1,1,2,1,4,False,zero3,2,64,16,1.0,True,2,1,True
qwen2_1p5b_32k,full,completed,/opt/hbv/trainir-h20-experiments/20260927-v1/runs/qwen2_1p5b_32k/galvatron/full/01,/opt/hbv/trainir-h20-experiments/20260927-v1/runs/qwen2_1p5b_32k/galvatron/full/01/selected/galvatron_config_qwen2_1nodes_8gpus_per_node_85GB_bf16_bsz64.json,017660f984c0c561c9c508cbb4de8e385f559909dd81b9af5550b5f0f414ad4d,9,0,1,1,2,1,4,False,zero3,2,64,16,1.0,True,2,1,True
qwen2_1p5b_32k,full,completed,/opt/hbv/trainir-h20-experiments/20260927-v1/runs/qwen2_1p5b_32k/galvatron/full/01,/opt/hbv/trainir-h20-experiments/20260927-v1/runs/qwen2_1p5b_32k/galvatron/full/01/selected/galvatron_config_qwen2_1nodes_8gpus_per_node_85GB_bf16_bsz64.json,017660f984c0c561c9c508cbb4de8e385f559909dd81b9af5550b5f0f414ad4d,10,0,1,1,2,1,4,False,zero3,2,64,16,1.0,True,2,1,True
qwen2_1p5b_32k,full,completed,/opt/hbv/trainir-h20-experiments/20260927-v1/runs/qwen2_1p5b_32k/galvatron/full/01,/opt/hbv/trainir-h20-experiments/20260927-v1/runs/qwen2_1p5b_32k/galvatron/full/01/selected/galvatron_config_qwen2_1nodes_8gpus_per_node_85GB_bf16_bsz64.json,017660f984c0c561c9c508cbb4de8e385f559909dd81b9af5550b5f0f414ad4d,11,0,1,1,2,1,4,False,zero3,2,64,16,1.0,True,2,1,True
qwen2_1p5b_32k,full,completed,/opt/hbv/trainir-h20-experiments/20260927-v1/runs/qwen2_1p5b_32k/galvatron/full/01,/opt/hbv/trainir-h20-experiments/20260927-v1/runs/qwen2_1p5b_32k/galvatron/full/01/selected/galvatron_config_qwen2_1nodes_8gpus_per_node_85GB_bf16_bsz64.json,017660f984c0c561c9c508cbb4de8e385f559909dd81b9af5550b5f0f414ad4d,12,0,1,1,2,1,4,False,zero3,2,64,16,1.0,True,2,1,True
qwen2_1p5b_32k,full,completed,/opt/hbv/trainir-h20-experiments/20260927-v1/runs/qwen2_1p5b_32k/galvatron/full/01,/opt/hbv/trainir-h20-experiments/20260927-v1/runs/qwen2_1p5b_32k/galvatron/full/01/selected/galvatron_config_qwen2_1nodes_8gpus_per_node_85GB_bf16_bsz64.json,017660f984c0c561c9c508cbb4de8e385f559909dd81b9af5550b5f0f414ad4d,13,0,1,1,2,1,4,False,zero3,2,64,16,1.0,True,2,1,True
qwen2_1p5b_32k,full,completed,/opt/hbv/trainir-h20-experiments/20260927-v1/runs/qwen2_1p5b_32k/galvatron/full/01,/opt/hbv/trainir-h20-experiments/20260927-v1/runs/qwen2_1p5b_32k/galvatron/full/01/selected/galvatron_config_qwen2_1nodes_8gpus_per_node_85GB_bf16_bsz64.json,017660f984c0c561c9c508cbb4de8e385f559909dd81b9af5550b5f0f414ad4d,14,0,1,1,2,1,4,False,zero3,2,64,16,1.0,True,2,1,True
qwen2_1p5b_32k,full,completed,/opt/hbv/trainir-h20-experiments/20260927-v1/runs/qwen2_1p5b_32k/galvatron/full/01,/opt/hbv/trainir-h20-experiments/20260927-v1/runs/qwen2_1p5b_32k/galvatron/full/01/selected/galvatron_config_qwen2_1nodes_8gpus_per_node_85GB_bf16_bsz64.json,017660f984c0c561c9c508cbb4de8e385f559909dd81b9af5550b5f0f414ad4d,15,0,1,1,2,1,4,False,zero3,2,64,16,1.0,True,2,1,True
qwen2_1p5b_32k,full,completed,/opt/hbv/trainir-h20-experiments/20260927-v1/runs/qwen2_1p5b_32k/galvatron/full/01,/opt/hbv/trainir-h20-experiments/20260927-v1/runs/qwen2_1p5b_32k/galvatron/full/01/selected/galvatron_config_qwen2_1nodes_8gpus_per_node_85GB_bf16_bsz64.json,017660f984c0c561c9c508cbb4de8e385f559909dd81b9af5550b5f0f414ad4d,16,0,1,1,2,1,4,False,zero3,2,64,16,1.0,True,2,1,True
qwen2_1p5b_32k,full,completed,/opt/hbv/trainir-h20-experiments/20260927-v1/runs/qwen2_1p5b_32k/galvatron/full/01,/opt/hbv/trainir-h20-experiments/20260927-v1/runs/qwen2_1p5b_32k/galvatron/full/01/selected/galvatron_config_qwen2_1nodes_8gpus_per_node_85GB_bf16_bsz64.json,017660f984c0c561c9c508cbb4de8e385f559909dd81b9af5550b5f0f414ad4d,17,0,1,1,2,1,4,False,zero3,2,64,16,1.0,True,2,1,True
qwen2_1p5b_32k,full,completed,/opt/hbv/trainir-h20-experiments/20260927-v1/runs/qwen2_1p5b_32k/galvatron/full/01,/opt/hbv/trainir-h20-experiments/20260927-v1/runs/qwen2_1p5b_32k/galvatron/full/01/selected/galvatron_config_qwen2_1nodes_8gpus_per_node_85GB_bf16_bsz64.json,017660f984c0c561c9c508cbb4de8e385f559909dd81b9af5550b5f0f414ad4d,18,0,1,1,2,1,4,False,zero3,2,64,16,1.0,True,2,1,True
qwen2_1p5b_32k,full,completed,/opt/hbv/trainir-h20-experiments/20260927-v1/runs/qwen2_1p5b_32k/galvatron/full/01,/opt/hbv/trainir-h20-experiments/20260927-v1/runs/qwen2_1p5b_32k/galvatron/full/01/selected/galvatron_config_qwen2_1nodes_8gpus_per_node_85GB_bf16_bsz64.json,017660f984c0c561c9c508cbb4de8e385f559909dd81b9af5550b5f0f414ad4d,19,0,1,2,1,1,4,False,ddp,2,64,16,1.0,True,2,1,True
qwen2_1p5b_32k,full,completed,/opt/hbv/trainir-h20-experiments/20260927-v1/runs/qwen2_1p5b_32k/galvatron/full/01,/opt/hbv/trainir-h20-experiments/20260927-v1/runs/qwen2_1p5b_32k/galvatron/full/01/selected/galvatron_config_qwen2_1nodes_8gpus_per_node_85GB_bf16_bsz64.json,017660f984c0c561c9c508cbb4de8e385f559909dd81b9af5550b5f0f414ad4d,20,0,1,1,2,1,4,False,zero3,2,64,16,1.0,True,2,1,True
qwen2_1p5b_32k,full,completed,/opt/hbv/trainir-h20-experiments/20260927-v1/runs/qwen2_1p5b_32k/galvatron/full/01,/opt/hbv/trainir-h20-experiments/20260927-v1/runs/qwen2_1p5b_32k/galvatron/full/01/selected/galvatron_config_qwen2_1nodes_8gpus_per_node_85GB_bf16_bsz64.json,017660f984c0c561c9c508cbb4de8e385f559909dd81b9af5550b5f0f414ad4d,21,0,1,1,2,1,4,False,ddp,2,64,16,1.0,True,2,1,True
qwen2_1p5b_32k,full,completed,/opt/hbv/trainir-h20-experiments/20260927-v1/runs/qwen2_1p5b_32k/galvatron/full/01,/opt/hbv/trainir-h20-experiments/20260927-v1/runs/qwen2_1p5b_32k/galvatron/full/01/selected/galvatron_config_qwen2_1nodes_8gpus_per_node_85GB_bf16_bsz64.json,017660f984c0c561c9c508cbb4de8e385f559909dd81b9af5550b5f0f414ad4d,22,0,1,1,2,1,4,False,ddp,2,64,16,1.0,True,2,1,True
qwen2_1p5b_32k,full,completed,/opt/hbv/trainir-h20-experiments/20260927-v1/runs/qwen2_1p5b_32k/galvatron/full/01,/opt/hbv/trainir-h20-experiments/20260927-v1/runs/qwen2_1p5b_32k/galvatron/full/01/selected/galvatron_config_qwen2_1nodes_8gpus_per_node_85GB_bf16_bsz64.json,017660f984c0c561c9c508cbb4de8e385f559909dd81b9af5550b5f0f414ad4d,23,0,1,1,2,1,4,False,ddp,2,64,16,1.0,True,2,1,True
qwen2_1p5b_32k,full,completed,/opt/hbv/trainir-h20-experiments/20260927-v1/runs/qwen2_1p5b_32k/galvatron/full/01,/opt/hbv/trainir-h20-experiments/20260927-v1/runs/qwen2_1p5b_32k/galvatron/full/01/selected/galvatron_config_qwen2_1nodes_8gpus_per_node_85GB_bf16_bsz64.json,017660f984c0c561c9c508cbb4de8e385f559909dd81b9af5550b5f0f414ad4d,24,0,1,1,2,1,4,False,ddp,2,64,16,1.0,True,2,1,True
qwen2_1p5b_32k,full,completed,/opt/hbv/trainir-h20-experiments/20260927-v1/runs/qwen2_1p5b_32k/galvatron/full/01,/opt/hbv/trainir-h20-experiments/20260927-v1/runs/qwen2_1p5b_32k/galvatron/full/01/selected/galvatron_config_qwen2_1nodes_8gpus_per_node_85GB_bf16_bsz64.json,017660f984c0c561c9c508cbb4de8e385f559909dd81b9af5550b5f0f414ad4d,25,0,1,1,2,1,4,False,ddp,2,64,16,1.0,True,2,1,True
qwen2_1p5b_32k,full,completed,/opt/hbv/trainir-h20-experiments/20260927-v1/runs/qwen2_1p5b_32k/galvatron/full/01,/opt/hbv/trainir-h20-experiments/20260927-v1/runs/qwen2_1p5b_32k/galvatron/full/01/selected/galvatron_config_qwen2_1nodes_8gpus_per_node_85GB_bf16_bsz64.json,017660f984c0c561c9c508cbb4de8e385f559909dd81b9af5550b5f0f414ad4d,26,0,1,1,2,1,4,False,ddp,2,64,16,1.0,True,2,1,True
qwen2_1p5b_32k,full,completed,/opt/hbv/trainir-h20-experiments/20260927-v1/runs/qwen2_1p5b_32k/galvatron/full/01,/opt/hbv/trainir-h20-experiments/20260927-v1/runs/qwen2_1p5b_32k/galvatron/full/01/selected/galvatron_config_qwen2_1nodes_8gpus_per_node_85GB_bf16_bsz64.json,017660f984c0c561c9c508cbb4de8e385f559909dd81b9af5550b5f0f414ad4d,27,0,1,1,2,1,4,False,ddp,2,64,16,1.0,True,2,1,True
qwen2_7b_32k,common,completed,/opt/hbv/trainir-h20-experiments/20260927-v1/runs/qwen2_7b_32k/galvatron/common/02,/opt/hbv/trainir-h20-experiments/20260927-v1/runs/qwen2_7b_32k/galvatron/common/02/selected/galvatron_config_qwen2_1nodes_8gpus_per_node_85GB_bf16_bsz64_[fsdp_ckpt_off].json,6c36c14ea9ea2ad3c1dd648e5662d908832008ee86f80fddeaaa20cb981888b5,0,0,2,4,1,1,1,False,ddp,4,64,64,1.0,True,4,0,False
qwen2_7b_32k,common,completed,/opt/hbv/trainir-h20-experiments/20260927-v1/runs/qwen2_7b_32k/galvatron/common/02,/opt/hbv/trainir-h20-experiments/20260927-v1/runs/qwen2_7b_32k/galvatron/common/02/selected/galvatron_config_qwen2_1nodes_8gpus_per_node_85GB_bf16_bsz64_[fsdp_ckpt_off].json,6c36c14ea9ea2ad3c1dd648e5662d908832008ee86f80fddeaaa20cb981888b5,1,0,2,4,1,1,1,False,ddp,4,64,64,1.0,True,4,0,False
qwen2_7b_32k,common,completed,/opt/hbv/trainir-h20-experiments/20260927-v1/runs/qwen2_7b_32k/galvatron/common/02,/opt/hbv/trainir-h20-experiments/20260927-v1/runs/qwen2_7b_32k/galvatron/common/02/selected/galvatron_config_qwen2_1nodes_8gpus_per_node_85GB_bf16_bsz64_[fsdp_ckpt_off].json,6c36c14ea9ea2ad3c1dd648e5662d908832008ee86f80fddeaaa20cb981888b5,2,0,2,4,1,1,1,False,ddp,4,64,64,1.0,True,4,0,False
qwen2_7b_32k,common,completed,/opt/hbv/trainir-h20-experiments/20260927-v1/runs/qwen2_7b_32k/galvatron/common/02,/opt/hbv/trainir-h20-experiments/20260927-v1/runs/qwen2_7b_32k/galvatron/common/02/selected/galvatron_config_qwen2_1nodes_8gpus_per_node_85GB_bf16_bsz64_[fsdp_ckpt_off].json,6c36c14ea9ea2ad3c1dd648e5662d908832008ee86f80fddeaaa20cb981888b5,3,0,2,4,1,1,1,False,ddp,4,64,64,1.0,True,4,0,False
qwen2_7b_32k,common,completed,/opt/hbv/trainir-h20-experiments/20260927-v1/runs/qwen2_7b_32k/galvatron/common/02,/opt/hbv/trainir-h20-experiments/20260927-v1/runs/qwen2_7b_32k/galvatron/common/02/selected/galvatron_config_qwen2_1nodes_8gpus_per_node_85GB_bf16_bsz64_[fsdp_ckpt_off].json,6c36c14ea9ea2ad3c1dd648e5662d908832008ee86f80fddeaaa20cb981888b5,4,0,2,4,1,1,1,False,ddp,4,64,64,1.0,True,4,0,False
qwen2_7b_32k,common,completed,/opt/hbv/trainir-h20-experiments/20260927-v1/runs/qwen2_7b_32k/galvatron/common/02,/opt/hbv/trainir-h20-experiments/20260927-v1/runs/qwen2_7b_32k/galvatron/common/02/selected/galvatron_config_qwen2_1nodes_8gpus_per_node_85GB_bf16_bsz64_[fsdp_ckpt_off].json,6c36c14ea9ea2ad3c1dd648e5662d908832008ee86f80fddeaaa20cb981888b5,5,0,2,4,1,1,1,False,ddp,4,64,64,1.0,True,4,0,False
qwen2_7b_32k,common,completed,/opt/hbv/trainir-h20-experiments/20260927-v1/runs/qwen2_7b_32k/galvatron/common/02,/opt/hbv/trainir-h20-experiments/20260927-v1/runs/qwen2_7b_32k/galvatron/common/02/selected/galvatron_config_qwen2_1nodes_8gpus_per_node_85GB_bf16_bsz64_[fsdp_ckpt_off].json,6c36c14ea9ea2ad3c1dd648e5662d908832008ee86f80fddeaaa20cb981888b5,6,0,2,4,1,1,1,False,ddp,4,64,64,1.0,True,4,0,False
qwen2_7b_32k,common,completed,/opt/hbv/trainir-h20-experiments/20260927-v1/runs/qwen2_7b_32k/galvatron/common/02,/opt/hbv/trainir-h20-experiments/20260927-v1/runs/qwen2_7b_32k/galvatron/common/02/selected/galvatron_config_qwen2_1nodes_8gpus_per_node_85GB_bf16_bsz64_[fsdp_ckpt_off].json,6c36c14ea9ea2ad3c1dd648e5662d908832008ee86f80fddeaaa20cb981888b5,7,0,2,4,1,1,1,False,ddp,4,64,64,1.0,True,4,0,False
qwen2_7b_32k,common,completed,/opt/hbv/trainir-h20-experiments/20260927-v1/runs/qwen2_7b_32k/galvatron/common/02,/opt/hbv/trainir-h20-experiments/20260927-v1/runs/qwen2_7b_32k/galvatron/common/02/selected/galvatron_config_qwen2_1nodes_8gpus_per_node_85GB_bf16_bsz64_[fsdp_ckpt_off].json,6c36c14ea9ea2ad3c1dd648e5662d908832008ee86f80fddeaaa20cb981888b5,8,0,2,4,1,1,1,False,ddp,4,64,64,1.0,True,4,0,False
qwen2_7b_32k,common,completed,/opt/hbv/trainir-h20-experiments/20260927-v1/runs/qwen2_7b_32k/galvatron/common/02,/opt/hbv/trainir-h20-experiments/20260927-v1/runs/qwen2_7b_32k/galvatron/common/02/selected/galvatron_config_qwen2_1nodes_8gpus_per_node_85GB_bf16_bsz64_[fsdp_ckpt_off].json,6c36c14ea9ea2ad3c1dd648e5662d908832008ee86f80fddeaaa20cb981888b5,9,0,2,4,1,1,1,False,ddp,4,64,64,1.0,True,4,0,False
qwen2_7b_32k,common,completed,/opt/hbv/trainir-h20-experiments/20260927-v1/runs/qwen2_7b_32k/galvatron/common/02,/opt/hbv/trainir-h20-experiments/20260927-v1/runs/qwen2_7b_32k/galvatron/common/02/selected/galvatron_config_qwen2_1nodes_8gpus_per_node_85GB_bf16_bsz64_[fsdp_ckpt_off].json,6c36c14ea9ea2ad3c1dd648e5662d908832008ee86f80fddeaaa20cb981888b5,10,0,2,4,1,1,1,False,ddp,4,64,64,1.0,True,4,0,False
qwen2_7b_32k,common,completed,/opt/hbv/trainir-h20-experiments/20260927-v1/runs/qwen2_7b_32k/galvatron/common/02,/opt/hbv/trainir-h20-experiments/20260927-v1/runs/qwen2_7b_32k/galvatron/common/02/selected/galvatron_config_qwen2_1nodes_8gpus_per_node_85GB_bf16_bsz64_[fsdp_ckpt_off].json,6c36c14ea9ea2ad3c1dd648e5662d908832008ee86f80fddeaaa20cb981888b5,11,0,2,4,1,1,1,False,ddp,4,64,64,1.0,True,4,0,False
qwen2_7b_32k,common,completed,/opt/hbv/trainir-h20-experiments/20260927-v1/runs/qwen2_7b_32k/galvatron/common/02,/opt/hbv/trainir-h20-experiments/20260927-v1/runs/qwen2_7b_32k/galvatron/common/02/selected/galvatron_config_qwen2_1nodes_8gpus_per_node_85GB_bf16_bsz64_[fsdp_ckpt_off].json,6c36c14ea9ea2ad3c1dd648e5662d908832008ee86f80fddeaaa20cb981888b5,12,0,2,4,1,1,1,False,ddp,4,64,64,1.0,True,4,0,False
qwen2_7b_32k,common,completed,/opt/hbv/trainir-h20-experiments/20260927-v1/runs/qwen2_7b_32k/galvatron/common/02,/opt/hbv/trainir-h20-experiments/20260927-v1/runs/qwen2_7b_32k/galvatron/common/02/selected/galvatron_config_qwen2_1nodes_8gpus_per_node_85GB_bf16_bsz64_[fsdp_ckpt_off].json,6c36c14ea9ea2ad3c1dd648e5662d908832008ee86f80fddeaaa20cb981888b5,13,0,2,4,1,1,1,False,ddp,4,64,64,1.0,True,4,0,False
qwen2_7b_32k,common,completed,/opt/hbv/trainir-h20-experiments/20260927-v1/runs/qwen2_7b_32k/galvatron/common/02,/opt/hbv/trainir-h20-experiments/20260927-v1/runs/qwen2_7b_32k/galvatron/common/02/selected/galvatron_config_qwen2_1nodes_8gpus_per_node_85GB_bf16_bsz64_[fsdp_ckpt_off].json,6c36c14ea9ea2ad3c1dd648e5662d908832008ee86f80fddeaaa20cb981888b5,14,1,2,4,1,1,1,False,ddp,4,64,64,1.0,True,4,0,False
qwen2_7b_32k,common,completed,/opt/hbv/trainir-h20-experiments/20260927-v1/runs/qwen2_7b_32k/galvatron/common/02,/opt/hbv/trainir-h20-experiments/20260927-v1/runs/qwen2_7b_32k/galvatron/common/02/selected/galvatron_config_qwen2_1nodes_8gpus_per_node_85GB_bf16_bsz64_[fsdp_ckpt_off].json,6c36c14ea9ea2ad3c1dd648e5662d908832008ee86f80fddeaaa20cb981888b5,15,1,2,4,1,1,1,False,ddp,4,64,64,1.0,True,4,0,False
qwen2_7b_32k,common,completed,/opt/hbv/trainir-h20-experiments/20260927-v1/runs/qwen2_7b_32k/galvatron/common/02,/opt/hbv/trainir-h20-experiments/20260927-v1/runs/qwen2_7b_32k/galvatron/common/02/selected/galvatron_config_qwen2_1nodes_8gpus_per_node_85GB_bf16_bsz64_[fsdp_ckpt_off].json,6c36c14ea9ea2ad3c1dd648e5662d908832008ee86f80fddeaaa20cb981888b5,16,1,2,4,1,1,1,False,ddp,4,64,64,1.0,True,4,0,False
qwen2_7b_32k,common,completed,/opt/hbv/trainir-h20-experiments/20260927-v1/runs/qwen2_7b_32k/galvatron/common/02,/opt/hbv/trainir-h20-experiments/20260927-v1/runs/qwen2_7b_32k/galvatron/common/02/selected/galvatron_config_qwen2_1nodes_8gpus_per_node_85GB_bf16_bsz64_[fsdp_ckpt_off].json,6c36c14ea9ea2ad3c1dd648e5662d908832008ee86f80fddeaaa20cb981888b5,17,1,2,4,1,1,1,False,ddp,4,64,64,1.0,True,4,0,False
qwen2_7b_32k,common,completed,/opt/hbv/trainir-h20-experiments/20260927-v1/runs/qwen2_7b_32k/galvatron/common/02,/opt/hbv/trainir-h20-experiments/20260927-v1/runs/qwen2_7b_32k/galvatron/common/02/selected/galvatron_config_qwen2_1nodes_8gpus_per_node_85GB_bf16_bsz64_[fsdp_ckpt_off].json,6c36c14ea9ea2ad3c1dd648e5662d908832008ee86f80fddeaaa20cb981888b5,18,1,2,4,1,1,1,False,ddp,4,64,64,1.0,True,4,0,False
qwen2_7b_32k,common,completed,/opt/hbv/trainir-h20-experiments/20260927-v1/runs/qwen2_7b_32k/galvatron/common/02,/opt/hbv/trainir-h20-experiments/20260927-v1/runs/qwen2_7b_32k/galvatron/common/02/selected/galvatron_config_qwen2_1nodes_8gpus_per_node_85GB_bf16_bsz64_[fsdp_ckpt_off].json,6c36c14ea9ea2ad3c1dd648e5662d908832008ee86f80fddeaaa20cb981888b5,19,1,2,4,1,1,1,False,ddp,4,64,64,1.0,True,4,0,False
qwen2_7b_32k,common,completed,/opt/hbv/trainir-h20-experiments/20260927-v1/runs/qwen2_7b_32k/galvatron/common/02,/opt/hbv/trainir-h20-experiments/20260927-v1/runs/qwen2_7b_32k/galvatron/common/02/selected/galvatron_config_qwen2_1nodes_8gpus_per_node_85GB_bf16_bsz64_[fsdp_ckpt_off].json,6c36c14ea9ea2ad3c1dd648e5662d908832008ee86f80fddeaaa20cb981888b5,20,1,2,4,1,1,1,False,ddp,4,64,64,1.0,True,4,0,False
qwen2_7b_32k,common,completed,/opt/hbv/trainir-h20-experiments/20260927-v1/runs/qwen2_7b_32k/galvatron/common/02,/opt/hbv/trainir-h20-experiments/20260927-v1/runs/qwen2_7b_32k/galvatron/common/02/selected/galvatron_config_qwen2_1nodes_8gpus_per_node_85GB_bf16_bsz64_[fsdp_ckpt_off].json,6c36c14ea9ea2ad3c1dd648e5662d908832008ee86f80fddeaaa20cb981888b5,21,1,2,4,1,1,1,False,ddp,4,64,64,1.0,True,4,0,False
qwen2_7b_32k,common,completed,/opt/hbv/trainir-h20-experiments/20260927-v1/runs/qwen2_7b_32k/galvatron/common/02,/opt/hbv/trainir-h20-experiments/20260927-v1/runs/qwen2_7b_32k/galvatron/common/02/selected/galvatron_config_qwen2_1nodes_8gpus_per_node_85GB_bf16_bsz64_[fsdp_ckpt_off].json,6c36c14ea9ea2ad3c1dd648e5662d908832008ee86f80fddeaaa20cb981888b5,22,1,2,4,1,1,1,False,ddp,4,64,64,1.0,True,4,0,False
qwen2_7b_32k,common,completed,/opt/hbv/trainir-h20-experiments/20260927-v1/runs/qwen2_7b_32k/galvatron/common/02,/opt/hbv/trainir-h20-experiments/20260927-v1/runs/qwen2_7b_32k/galvatron/common/02/selected/galvatron_config_qwen2_1nodes_8gpus_per_node_85GB_bf16_bsz64_[fsdp_ckpt_off].json,6c36c14ea9ea2ad3c1dd648e5662d908832008ee86f80fddeaaa20cb981888b5,23,1,2,4,1,1,1,False,ddp,4,64,64,1.0,True,4,0,False
qwen2_7b_32k,common,completed,/opt/hbv/trainir-h20-experiments/20260927-v1/runs/qwen2_7b_32k/galvatron/common/02,/opt/hbv/trainir-h20-experiments/20260927-v1/runs/qwen2_7b_32k/galvatron/common/02/selected/galvatron_config_qwen2_1nodes_8gpus_per_node_85GB_bf16_bsz64_[fsdp_ckpt_off].json,6c36c14ea9ea2ad3c1dd648e5662d908832008ee86f80fddeaaa20cb981888b5,24,1,2,4,1,1,1,False,ddp,4,64,64,1.0,True,4,0,False
qwen2_7b_32k,common,completed,/opt/hbv/trainir-h20-experiments/20260927-v1/runs/qwen2_7b_32k/galvatron/common/02,/opt/hbv/trainir-h20-experiments/20260927-v1/runs/qwen2_7b_32k/galvatron/common/02/selected/galvatron_config_qwen2_1nodes_8gpus_per_node_85GB_bf16_bsz64_[fsdp_ckpt_off].json,6c36c14ea9ea2ad3c1dd648e5662d908832008ee86f80fddeaaa20cb981888b5,25,1,2,4,1,1,1,False,ddp,4,64,64,1.0,True,4,0,False
qwen2_7b_32k,common,completed,/opt/hbv/trainir-h20-experiments/20260927-v1/runs/qwen2_7b_32k/galvatron/common/02,/opt/hbv/trainir-h20-experiments/20260927-v1/runs/qwen2_7b_32k/galvatron/common/02/selected/galvatron_config_qwen2_1nodes_8gpus_per_node_85GB_bf16_bsz64_[fsdp_ckpt_off].json,6c36c14ea9ea2ad3c1dd648e5662d908832008ee86f80fddeaaa20cb981888b5,26,1,2,4,1,1,1,False,ddp,4,64,64,1.0,True,4,0,False
qwen2_7b_32k,common,completed,/opt/hbv/trainir-h20-experiments/20260927-v1/runs/qwen2_7b_32k/galvatron/common/02,/opt/hbv/trainir-h20-experiments/20260927-v1/runs/qwen2_7b_32k/galvatron/common/02/selected/galvatron_config_qwen2_1nodes_8gpus_per_node_85GB_bf16_bsz64_[fsdp_ckpt_off].json,6c36c14ea9ea2ad3c1dd648e5662d908832008ee86f80fddeaaa20cb981888b5,27,1,2,4,1,1,1,False,ddp,4,64,64,1.0,True,4,0,False
qwen2_7b_32k,full,completed,/opt/hbv/trainir-h20-experiments/20260927-v1/runs/qwen2_7b_32k/galvatron/full/01,/opt/hbv/trainir-h20-experiments/20260927-v1/runs/qwen2_7b_32k/galvatron/full/01/selected/galvatron_config_qwen2_1nodes_8gpus_per_node_85GB_bf16_bsz64.json,0572256476bbcfa9790d50d4f324834d0faad76957acaeca25ebd9eec2e9a97b,0,0,1,4,1,1,2,False,zero3,4,64,32,1.0,True,4,1,True
qwen2_7b_32k,full,completed,/opt/hbv/trainir-h20-experiments/20260927-v1/runs/qwen2_7b_32k/galvatron/full/01,/opt/hbv/trainir-h20-experiments/20260927-v1/runs/qwen2_7b_32k/galvatron/full/01/selected/galvatron_config_qwen2_1nodes_8gpus_per_node_85GB_bf16_bsz64.json,0572256476bbcfa9790d50d4f324834d0faad76957acaeca25ebd9eec2e9a97b,1,0,1,4,1,1,2,False,zero3,4,64,32,1.0,True,4,1,True
qwen2_7b_32k,full,completed,/opt/hbv/trainir-h20-experiments/20260927-v1/runs/qwen2_7b_32k/galvatron/full/01,/opt/hbv/trainir-h20-experiments/20260927-v1/runs/qwen2_7b_32k/galvatron/full/01/selected/galvatron_config_qwen2_1nodes_8gpus_per_node_85GB_bf16_bsz64.json,0572256476bbcfa9790d50d4f324834d0faad76957acaeca25ebd9eec2e9a97b,2,0,1,4,1,1,2,False,zero3,4,64,32,1.0,True,4,1,True
qwen2_7b_32k,full,completed,/opt/hbv/trainir-h20-experiments/20260927-v1/runs/qwen2_7b_32k/galvatron/full/01,/opt/hbv/trainir-h20-experiments/20260927-v1/runs/qwen2_7b_32k/galvatron/full/01/selected/galvatron_config_qwen2_1nodes_8gpus_per_node_85GB_bf16_bsz64.json,0572256476bbcfa9790d50d4f324834d0faad76957acaeca25ebd9eec2e9a97b,3,0,1,4,1,1,2,False,zero3,4,64,32,1.0,True,4,1,True
qwen2_7b_32k,full,completed,/opt/hbv/trainir-h20-experiments/20260927-v1/runs/qwen2_7b_32k/galvatron/full/01,/opt/hbv/trainir-h20-experiments/20260927-v1/runs/qwen2_7b_32k/galvatron/full/01/selected/galvatron_config_qwen2_1nodes_8gpus_per_node_85GB_bf16_bsz64.json,0572256476bbcfa9790d50d4f324834d0faad76957acaeca25ebd9eec2e9a97b,4,0,1,4,1,1,2,False,zero3,4,64,32,1.0,True,4,1,True
qwen2_7b_32k,full,completed,/opt/hbv/trainir-h20-experiments/20260927-v1/runs/qwen2_7b_32k/galvatron/full/01,/opt/hbv/trainir-h20-experiments/20260927-v1/runs/qwen2_7b_32k/galvatron/full/01/selected/galvatron_config_qwen2_1nodes_8gpus_per_node_85GB_bf16_bsz64.json,0572256476bbcfa9790d50d4f324834d0faad76957acaeca25ebd9eec2e9a97b,5,0,1,4,1,1,2,False,zero3,4,64,32,1.0,True,4,1,True
qwen2_7b_32k,full,completed,/opt/hbv/trainir-h20-experiments/20260927-v1/runs/qwen2_7b_32k/galvatron/full/01,/opt/hbv/trainir-h20-experiments/20260927-v1/runs/qwen2_7b_32k/galvatron/full/01/selected/galvatron_config_qwen2_1nodes_8gpus_per_node_85GB_bf16_bsz64.json,0572256476bbcfa9790d50d4f324834d0faad76957acaeca25ebd9eec2e9a97b,6,0,1,4,1,1,2,False,zero3,4,64,32,1.0,True,4,1,True
qwen2_7b_32k,full,completed,/opt/hbv/trainir-h20-experiments/20260927-v1/runs/qwen2_7b_32k/galvatron/full/01,/opt/hbv/trainir-h20-experiments/20260927-v1/runs/qwen2_7b_32k/galvatron/full/01/selected/galvatron_config_qwen2_1nodes_8gpus_per_node_85GB_bf16_bsz64.json,0572256476bbcfa9790d50d4f324834d0faad76957acaeca25ebd9eec2e9a97b,7,0,1,4,1,1,2,False,zero3,4,64,32,1.0,True,4,1,True
qwen2_7b_32k,full,completed,/opt/hbv/trainir-h20-experiments/20260927-v1/runs/qwen2_7b_32k/galvatron/full/01,/opt/hbv/trainir-h20-experiments/20260927-v1/runs/qwen2_7b_32k/galvatron/full/01/selected/galvatron_config_qwen2_1nodes_8gpus_per_node_85GB_bf16_bsz64.json,0572256476bbcfa9790d50d4f324834d0faad76957acaeca25ebd9eec2e9a97b,8,0,1,4,1,1,2,False,zero3,4,64,32,1.0,True,4,1,True
qwen2_7b_32k,full,completed,/opt/hbv/trainir-h20-experiments/20260927-v1/runs/qwen2_7b_32k/galvatron/full/01,/opt/hbv/trainir-h20-experiments/20260927-v1/runs/qwen2_7b_32k/galvatron/full/01/selected/galvatron_config_qwen2_1nodes_8gpus_per_node_85GB_bf16_bsz64.json,0572256476bbcfa9790d50d4f324834d0faad76957acaeca25ebd9eec2e9a97b,9,0,1,4,1,1,2,False,zero3,4,64,32,1.0,True,4,1,True
qwen2_7b_32k,full,completed,/opt/hbv/trainir-h20-experiments/20260927-v1/runs/qwen2_7b_32k/galvatron/full/01,/opt/hbv/trainir-h20-experiments/20260927-v1/runs/qwen2_7b_32k/galvatron/full/01/selected/galvatron_config_qwen2_1nodes_8gpus_per_node_85GB_bf16_bsz64.json,0572256476bbcfa9790d50d4f324834d0faad76957acaeca25ebd9eec2e9a97b,10,0,1,4,1,1,2,False,zero3,4,64,32,1.0,True,4,1,True
qwen2_7b_32k,full,completed,/opt/hbv/trainir-h20-experiments/20260927-v1/runs/qwen2_7b_32k/galvatron/full/01,/opt/hbv/trainir-h20-experiments/20260927-v1/runs/qwen2_7b_32k/galvatron/full/01/selected/galvatron_config_qwen2_1nodes_8gpus_per_node_85GB_bf16_bsz64.json,0572256476bbcfa9790d50d4f324834d0faad76957acaeca25ebd9eec2e9a97b,11,0,1,4,1,1,2,False,zero3,4,64,32,1.0,True,4,1,True
qwen2_7b_32k,full,completed,/opt/hbv/trainir-h20-experiments/20260927-v1/runs/qwen2_7b_32k/galvatron/full/01,/opt/hbv/trainir-h20-experiments/20260927-v1/runs/qwen2_7b_32k/galvatron/full/01/selected/galvatron_config_qwen2_1nodes_8gpus_per_node_85GB_bf16_bsz64.json,0572256476bbcfa9790d50d4f324834d0faad76957acaeca25ebd9eec2e9a97b,12,0,1,4,1,1,2,False,zero3,4,64,32,1.0,True,4,1,True
qwen2_7b_32k,full,completed,/opt/hbv/trainir-h20-experiments/20260927-v1/runs/qwen2_7b_32k/galvatron/full/01,/opt/hbv/trainir-h20-experiments/20260927-v1/runs/qwen2_7b_32k/galvatron/full/01/selected/galvatron_config_qwen2_1nodes_8gpus_per_node_85GB_bf16_bsz64.json,0572256476bbcfa9790d50d4f324834d0faad76957acaeca25ebd9eec2e9a97b,13,0,1,4,1,1,2,False,zero3,4,64,32,1.0,True,4,1,True
qwen2_7b_32k,full,completed,/opt/hbv/trainir-h20-experiments/20260927-v1/runs/qwen2_7b_32k/galvatron/full/01,/opt/hbv/trainir-h20-experiments/20260927-v1/runs/qwen2_7b_32k/galvatron/full/01/selected/galvatron_config_qwen2_1nodes_8gpus_per_node_85GB_bf16_bsz64.json,0572256476bbcfa9790d50d4f324834d0faad76957acaeca25ebd9eec2e9a97b,14,0,1,4,1,1,2,False,zero3,4,64,32,1.0,True,4,1,True
qwen2_7b_32k,full,completed,/opt/hbv/trainir-h20-experiments/20260927-v1/runs/qwen2_7b_32k/galvatron/full/01,/opt/hbv/trainir-h20-experiments/20260927-v1/runs/qwen2_7b_32k/galvatron/full/01/selected/galvatron_config_qwen2_1nodes_8gpus_per_node_85GB_bf16_bsz64.json,0572256476bbcfa9790d50d4f324834d0faad76957acaeca25ebd9eec2e9a97b,15,0,1,4,1,1,2,False,zero3,4,64,32,1.0,True,4,1,True
qwen2_7b_32k,full,completed,/opt/hbv/trainir-h20-experiments/20260927-v1/runs/qwen2_7b_32k/galvatron/full/01,/opt/hbv/trainir-h20-experiments/20260927-v1/runs/qwen2_7b_32k/galvatron/full/01/selected/galvatron_config_qwen2_1nodes_8gpus_per_node_85GB_bf16_bsz64.json,0572256476bbcfa9790d50d4f324834d0faad76957acaeca25ebd9eec2e9a97b,16,0,1,4,1,1,2,False,zero3,4,64,32,1.0,True,4,1,True
qwen2_7b_32k,full,completed,/opt/hbv/trainir-h20-experiments/20260927-v1/runs/qwen2_7b_32k/galvatron/full/01,/opt/hbv/trainir-h20-experiments/20260927-v1/runs/qwen2_7b_32k/galvatron/full/01/selected/galvatron_config_qwen2_1nodes_8gpus_per_node_85GB_bf16_bsz64.json,0572256476bbcfa9790d50d4f324834d0faad76957acaeca25ebd9eec2e9a97b,17,0,1,4,1,1,2,False,zero3,4,64,32,1.0,True,4,1,True
qwen2_7b_32k,full,completed,/opt/hbv/trainir-h20-experiments/20260927-v1/runs/qwen2_7b_32k/galvatron/full/01,/opt/hbv/trainir-h20-experiments/20260927-v1/runs/qwen2_7b_32k/galvatron/full/01/selected/galvatron_config_qwen2_1nodes_8gpus_per_node_85GB_bf16_bsz64.json,0572256476bbcfa9790d50d4f324834d0faad76957acaeca25ebd9eec2e9a97b,18,0,1,4,1,1,2,False,zero3,4,64,32,1.0,True,4,1,True
qwen2_7b_32k,full,completed,/opt/hbv/trainir-h20-experiments/20260927-v1/runs/qwen2_7b_32k/galvatron/full/01,/opt/hbv/trainir-h20-experiments/20260927-v1/runs/qwen2_7b_32k/galvatron/full/01/selected/galvatron_config_qwen2_1nodes_8gpus_per_node_85GB_bf16_bsz64.json,0572256476bbcfa9790d50d4f324834d0faad76957acaeca25ebd9eec2e9a97b,19,0,1,4,1,1,2,False,zero3,4,64,32,1.0,True,4,1,True
qwen2_7b_32k,full,completed,/opt/hbv/trainir-h20-experiments/20260927-v1/runs/qwen2_7b_32k/galvatron/full/01,/opt/hbv/trainir-h20-experiments/20260927-v1/runs/qwen2_7b_32k/galvatron/full/01/selected/galvatron_config_qwen2_1nodes_8gpus_per_node_85GB_bf16_bsz64.json,0572256476bbcfa9790d50d4f324834d0faad76957acaeca25ebd9eec2e9a97b,20,0,1,4,1,1,2,False,zero3,4,64,32,1.0,True,4,1,True
qwen2_7b_32k,full,completed,/opt/hbv/trainir-h20-experiments/20260927-v1/runs/qwen2_7b_32k/galvatron/full/01,/opt/hbv/trainir-h20-experiments/20260927-v1/runs/qwen2_7b_32k/galvatron/full/01/selected/galvatron_config_qwen2_1nodes_8gpus_per_node_85GB_bf16_bsz64.json,0572256476bbcfa9790d50d4f324834d0faad76957acaeca25ebd9eec2e9a97b,21,0,1,4,1,1,2,False,zero3,4,64,32,1.0,True,4,1,True
qwen2_7b_32k,full,completed,/opt/hbv/trainir-h20-experiments/20260927-v1/runs/qwen2_7b_32k/galvatron/full/01,/opt/hbv/trainir-h20-experiments/20260927-v1/runs/qwen2_7b_32k/galvatron/full/01/selected/galvatron_config_qwen2_1nodes_8gpus_per_node_85GB_bf16_bsz64.json,0572256476bbcfa9790d50d4f324834d0faad76957acaeca25ebd9eec2e9a97b,22,0,1,4,1,1,2,False,zero3,4,64,32,1.0,True,4,1,True
qwen2_7b_32k,full,completed,/opt/hbv/trainir-h20-experiments/20260927-v1/runs/qwen2_7b_32k/galvatron/full/01,/opt/hbv/trainir-h20-experiments/20260927-v1/runs/qwen2_7b_32k/galvatron/full/01/selected/galvatron_config_qwen2_1nodes_8gpus_per_node_85GB_bf16_bsz64.json,0572256476bbcfa9790d50d4f324834d0faad76957acaeca25ebd9eec2e9a97b,23,0,1,4,1,1,2,False,ddp,4,64,32,1.0,True,4,1,True
qwen2_7b_32k,full,completed,/opt/hbv/trainir-h20-experiments/20260927-v1/runs/qwen2_7b_32k/galvatron/full/01,/opt/hbv/trainir-h20-experiments/20260927-v1/runs/qwen2_7b_32k/galvatron/full/01/selected/galvatron_config_qwen2_1nodes_8gpus_per_node_85GB_bf16_bsz64.json,0572256476bbcfa9790d50d4f324834d0faad76957acaeca25ebd9eec2e9a97b,24,0,1,4,1,1,2,False,ddp,4,64,32,1.0,True,4,1,True
qwen2_7b_32k,full,completed,/opt/hbv/trainir-h20-experiments/20260927-v1/runs/qwen2_7b_32k/galvatron/full/01,/opt/hbv/trainir-h20-experiments/20260927-v1/runs/qwen2_7b_32k/galvatron/full/01/selected/galvatron_config_qwen2_1nodes_8gpus_per_node_85GB_bf16_bsz64.json,0572256476bbcfa9790d50d4f324834d0faad76957acaeca25ebd9eec2e9a97b,25,0,1,4,1,1,2,False,ddp,4,64,32,1.0,True,4,1,True
qwen2_7b_32k,full,completed,/opt/hbv/trainir-h20-experiments/20260927-v1/runs/qwen2_7b_32k/galvatron/full/01,/opt/hbv/trainir-h20-experiments/20260927-v1/runs/qwen2_7b_32k/galvatron/full/01/selected/galvatron_config_qwen2_1nodes_8gpus_per_node_85GB_bf16_bsz64.json,0572256476bbcfa9790d50d4f324834d0faad76957acaeca25ebd9eec2e9a97b,26,0,1,4,1,1,2,False,ddp,4,64,32,1.0,True,4,1,True
qwen2_7b_32k,full,completed,/opt/hbv/trainir-h20-experiments/20260927-v1/runs/qwen2_7b_32k/galvatron/full/01,/opt/hbv/trainir-h20-experiments/20260927-v1/runs/qwen2_7b_32k/galvatron/full/01/selected/galvatron_config_qwen2_1nodes_8gpus_per_node_85GB_bf16_bsz64.json,0572256476bbcfa9790d50d4f324834d0faad76957acaeca25ebd9eec2e9a97b,27,0,1,4,1,1,2,False,ddp,4,64,32,1.0,True,4,1,True
qwen25_14b_8k,common,completed,/opt/hbv/trainir-h20-experiments/20260927-v1/runs/qwen25_14b_8k/galvatron/common/01,/opt/hbv/trainir-h20-experiments/20260927-v1/runs/qwen25_14b_8k/galvatron/common/01/selected/galvatron_config_qwen2_1nodes_8gpus_per_node_85GB_bf16_bsz64_[fsdp_ckpt_off].json,bdfa5f31293422bd1c60e45ea6be16120d9eb8ffe113dcbd63dcdc331f00a054,0,0,2,4,1,1,1,False,ddp,8,64,64,1.0,True,4,0,False
qwen25_14b_8k,common,completed,/opt/hbv/trainir-h20-experiments/20260927-v1/runs/qwen25_14b_8k/galvatron/common/01,/opt/hbv/trainir-h20-experiments/20260927-v1/runs/qwen25_14b_8k/galvatron/common/01/selected/galvatron_config_qwen2_1nodes_8gpus_per_node_85GB_bf16_bsz64_[fsdp_ckpt_off].json,bdfa5f31293422bd1c60e45ea6be16120d9eb8ffe113dcbd63dcdc331f00a054,1,0,2,4,1,1,1,False,ddp,8,64,64,1.0,True,4,0,False
qwen25_14b_8k,common,completed,/opt/hbv/trainir-h20-experiments/20260927-v1/runs/qwen25_14b_8k/galvatron/common/01,/opt/hbv/trainir-h20-experiments/20260927-v1/runs/qwen25_14b_8k/galvatron/common/01/selected/galvatron_config_qwen2_1nodes_8gpus_per_node_85GB_bf16_bsz64_[fsdp_ckpt_off].json,bdfa5f31293422bd1c60e45ea6be16120d9eb8ffe113dcbd63dcdc331f00a054,2,0,2,4,1,1,1,False,ddp,8,64,64,1.0,True,4,0,False
qwen25_14b_8k,common,completed,/opt/hbv/trainir-h20-experiments/20260927-v1/runs/qwen25_14b_8k/galvatron/common/01,/opt/hbv/trainir-h20-experiments/20260927-v1/runs/qwen25_14b_8k/galvatron/common/01/selected/galvatron_config_qwen2_1nodes_8gpus_per_node_85GB_bf16_bsz64_[fsdp_ckpt_off].json,bdfa5f31293422bd1c60e45ea6be16120d9eb8ffe113dcbd63dcdc331f00a054,3,0,2,4,1,1,1,False,ddp,8,64,64,1.0,True,4,0,False
qwen25_14b_8k,common,completed,/opt/hbv/trainir-h20-experiments/20260927-v1/runs/qwen25_14b_8k/galvatron/common/01,/opt/hbv/trainir-h20-experiments/20260927-v1/runs/qwen25_14b_8k/galvatron/common/01/selected/galvatron_config_qwen2_1nodes_8gpus_per_node_85GB_bf16_bsz64_[fsdp_ckpt_off].json,bdfa5f31293422bd1c60e45ea6be16120d9eb8ffe113dcbd63dcdc331f00a054,4,0,2,4,1,1,1,False,ddp,8,64,64,1.0,True,4,0,False
qwen25_14b_8k,common,completed,/opt/hbv/trainir-h20-experiments/20260927-v1/runs/qwen25_14b_8k/galvatron/common/01,/opt/hbv/trainir-h20-experiments/20260927-v1/runs/qwen25_14b_8k/galvatron/common/01/selected/galvatron_config_qwen2_1nodes_8gpus_per_node_85GB_bf16_bsz64_[fsdp_ckpt_off].json,bdfa5f31293422bd1c60e45ea6be16120d9eb8ffe113dcbd63dcdc331f00a054,5,0,2,4,1,1,1,False,ddp,8,64,64,1.0,True,4,0,False
qwen25_14b_8k,common,completed,/opt/hbv/trainir-h20-experiments/20260927-v1/runs/qwen25_14b_8k/galvatron/common/01,/opt/hbv/trainir-h20-experiments/20260927-v1/runs/qwen25_14b_8k/galvatron/common/01/selected/galvatron_config_qwen2_1nodes_8gpus_per_node_85GB_bf16_bsz64_[fsdp_ckpt_off].json,bdfa5f31293422bd1c60e45ea6be16120d9eb8ffe113dcbd63dcdc331f00a054,6,0,2,4,1,1,1,False,ddp,8,64,64,1.0,True,4,0,False
qwen25_14b_8k,common,completed,/opt/hbv/trainir-h20-experiments/20260927-v1/runs/qwen25_14b_8k/galvatron/common/01,/opt/hbv/trainir-h20-experiments/20260927-v1/runs/qwen25_14b_8k/galvatron/common/01/selected/galvatron_config_qwen2_1nodes_8gpus_per_node_85GB_bf16_bsz64_[fsdp_ckpt_off].json,bdfa5f31293422bd1c60e45ea6be16120d9eb8ffe113dcbd63dcdc331f00a054,7,0,2,4,1,1,1,False,ddp,8,64,64,1.0,True,4,0,False
qwen25_14b_8k,common,completed,/opt/hbv/trainir-h20-experiments/20260927-v1/runs/qwen25_14b_8k/galvatron/common/01,/opt/hbv/trainir-h20-experiments/20260927-v1/runs/qwen25_14b_8k/galvatron/common/01/selected/galvatron_config_qwen2_1nodes_8gpus_per_node_85GB_bf16_bsz64_[fsdp_ckpt_off].json,bdfa5f31293422bd1c60e45ea6be16120d9eb8ffe113dcbd63dcdc331f00a054,8,0,2,4,1,1,1,False,ddp,8,64,64,1.0,True,4,0,False
qwen25_14b_8k,common,completed,/opt/hbv/trainir-h20-experiments/20260927-v1/runs/qwen25_14b_8k/galvatron/common/01,/opt/hbv/trainir-h20-experiments/20260927-v1/runs/qwen25_14b_8k/galvatron/common/01/selected/galvatron_config_qwen2_1nodes_8gpus_per_node_85GB_bf16_bsz64_[fsdp_ckpt_off].json,bdfa5f31293422bd1c60e45ea6be16120d9eb8ffe113dcbd63dcdc331f00a054,9,0,2,4,1,1,1,False,ddp,8,64,64,1.0,True,4,0,False
qwen25_14b_8k,common,completed,/opt/hbv/trainir-h20-experiments/20260927-v1/runs/qwen25_14b_8k/galvatron/common/01,/opt/hbv/trainir-h20-experiments/20260927-v1/runs/qwen25_14b_8k/galvatron/common/01/selected/galvatron_config_qwen2_1nodes_8gpus_per_node_85GB_bf16_bsz64_[fsdp_ckpt_off].json,bdfa5f31293422bd1c60e45ea6be16120d9eb8ffe113dcbd63dcdc331f00a054,10,0,2,4,1,1,1,False,ddp,8,64,64,1.0,True,4,0,False
qwen25_14b_8k,common,completed,/opt/hbv/trainir-h20-experiments/20260927-v1/runs/qwen25_14b_8k/galvatron/common/01,/opt/hbv/trainir-h20-experiments/20260927-v1/runs/qwen25_14b_8k/galvatron/common/01/selected/galvatron_config_qwen2_1nodes_8gpus_per_node_85GB_bf16_bsz64_[fsdp_ckpt_off].json,bdfa5f31293422bd1c60e45ea6be16120d9eb8ffe113dcbd63dcdc331f00a054,11,0,2,4,1,1,1,False,ddp,8,64,64,1.0,True,4,0,False
qwen25_14b_8k,common,completed,/opt/hbv/trainir-h20-experiments/20260927-v1/runs/qwen25_14b_8k/galvatron/common/01,/opt/hbv/trainir-h20-experiments/20260927-v1/runs/qwen25_14b_8k/galvatron/common/01/selected/galvatron_config_qwen2_1nodes_8gpus_per_node_85GB_bf16_bsz64_[fsdp_ckpt_off].json,bdfa5f31293422bd1c60e45ea6be16120d9eb8ffe113dcbd63dcdc331f00a054,12,0,2,4,1,1,1,False,ddp,8,64,64,1.0,True,4,0,False
qwen25_14b_8k,common,completed,/opt/hbv/trainir-h20-experiments/20260927-v1/runs/qwen25_14b_8k/galvatron/common/01,/opt/hbv/trainir-h20-experiments/20260927-v1/runs/qwen25_14b_8k/galvatron/common/01/selected/galvatron_config_qwen2_1nodes_8gpus_per_node_85GB_bf16_bsz64_[fsdp_ckpt_off].json,bdfa5f31293422bd1c60e45ea6be16120d9eb8ffe113dcbd63dcdc331f00a054,13,0,2,4,1,1,1,False,ddp,8,64,64,1.0,True,4,0,False
qwen25_14b_8k,common,completed,/opt/hbv/trainir-h20-experiments/20260927-v1/runs/qwen25_14b_8k/galvatron/common/01,/opt/hbv/trainir-h20-experiments/20260927-v1/runs/qwen25_14b_8k/galvatron/common/01/selected/galvatron_config_qwen2_1nodes_8gpus_per_node_85GB_bf16_bsz64_[fsdp_ckpt_off].json,bdfa5f31293422bd1c60e45ea6be16120d9eb8ffe113dcbd63dcdc331f00a054,14,0,2,4,1,1,1,False,ddp,8,64,64,1.0,True,4,0,False
qwen25_14b_8k,common,completed,/opt/hbv/trainir-h20-experiments/20260927-v1/runs/qwen25_14b_8k/galvatron/common/01,/opt/hbv/trainir-h20-experiments/20260927-v1/runs/qwen25_14b_8k/galvatron/common/01/selected/galvatron_config_qwen2_1nodes_8gpus_per_node_85GB_bf16_bsz64_[fsdp_ckpt_off].json,bdfa5f31293422bd1c60e45ea6be16120d9eb8ffe113dcbd63dcdc331f00a054,15,0,2,4,1,1,1,False,ddp,8,64,64,1.0,True,4,0,False
qwen25_14b_8k,common,completed,/opt/hbv/trainir-h20-experiments/20260927-v1/runs/qwen25_14b_8k/galvatron/common/01,/opt/hbv/trainir-h20-experiments/20260927-v1/runs/qwen25_14b_8k/galvatron/common/01/selected/galvatron_config_qwen2_1nodes_8gpus_per_node_85GB_bf16_bsz64_[fsdp_ckpt_off].json,bdfa5f31293422bd1c60e45ea6be16120d9eb8ffe113dcbd63dcdc331f00a054,16,0,2,4,1,1,1,False,ddp,8,64,64,1.0,True,4,0,False
qwen25_14b_8k,common,completed,/opt/hbv/trainir-h20-experiments/20260927-v1/runs/qwen25_14b_8k/galvatron/common/01,/opt/hbv/trainir-h20-experiments/20260927-v1/runs/qwen25_14b_8k/galvatron/common/01/selected/galvatron_config_qwen2_1nodes_8gpus_per_node_85GB_bf16_bsz64_[fsdp_ckpt_off].json,bdfa5f31293422bd1c60e45ea6be16120d9eb8ffe113dcbd63dcdc331f00a054,17,0,2,4,1,1,1,False,ddp,8,64,64,1.0,True,4,0,False
qwen25_14b_8k,common,completed,/opt/hbv/trainir-h20-experiments/20260927-v1/runs/qwen25_14b_8k/galvatron/common/01,/opt/hbv/trainir-h20-experiments/20260927-v1/runs/qwen25_14b_8k/galvatron/common/01/selected/galvatron_config_qwen2_1nodes_8gpus_per_node_85GB_bf16_bsz64_[fsdp_ckpt_off].json,bdfa5f31293422bd1c60e45ea6be16120d9eb8ffe113dcbd63dcdc331f00a054,18,0,2,4,1,1,1,False,ddp,8,64,64,1.0,True,4,0,False
qwen25_14b_8k,common,completed,/opt/hbv/trainir-h20-experiments/20260927-v1/runs/qwen25_14b_8k/galvatron/common/01,/opt/hbv/trainir-h20-experiments/20260927-v1/runs/qwen25_14b_8k/galvatron/common/01/selected/galvatron_config_qwen2_1nodes_8gpus_per_node_85GB_bf16_bsz64_[fsdp_ckpt_off].json,bdfa5f31293422bd1c60e45ea6be16120d9eb8ffe113dcbd63dcdc331f00a054,19,0,2,4,1,1,1,False,ddp,8,64,64,1.0,True,4,0,False
qwen25_14b_8k,common,completed,/opt/hbv/trainir-h20-experiments/20260927-v1/runs/qwen25_14b_8k/galvatron/common/01,/opt/hbv/trainir-h20-experiments/20260927-v1/runs/qwen25_14b_8k/galvatron/common/01/selected/galvatron_config_qwen2_1nodes_8gpus_per_node_85GB_bf16_bsz64_[fsdp_ckpt_off].json,bdfa5f31293422bd1c60e45ea6be16120d9eb8ffe113dcbd63dcdc331f00a054,20,0,2,4,1,1,1,False,ddp,8,64,64,1.0,True,4,0,False
qwen25_14b_8k,common,completed,/opt/hbv/trainir-h20-experiments/20260927-v1/runs/qwen25_14b_8k/galvatron/common/01,/opt/hbv/trainir-h20-experiments/20260927-v1/runs/qwen25_14b_8k/galvatron/common/01/selected/galvatron_config_qwen2_1nodes_8gpus_per_node_85GB_bf16_bsz64_[fsdp_ckpt_off].json,bdfa5f31293422bd1c60e45ea6be16120d9eb8ffe113dcbd63dcdc331f00a054,21,0,2,4,1,1,1,False,ddp,8,64,64,1.0,True,4,0,False
qwen25_14b_8k,common,completed,/opt/hbv/trainir-h20-experiments/20260927-v1/runs/qwen25_14b_8k/galvatron/common/01,/opt/hbv/trainir-h20-experiments/20260927-v1/runs/qwen25_14b_8k/galvatron/common/01/selected/galvatron_config_qwen2_1nodes_8gpus_per_node_85GB_bf16_bsz64_[fsdp_ckpt_off].json,bdfa5f31293422bd1c60e45ea6be16120d9eb8ffe113dcbd63dcdc331f00a054,22,0,2,4,1,1,1,False,ddp,8,64,64,1.0,True,4,0,False
qwen25_14b_8k,common,completed,/opt/hbv/trainir-h20-experiments/20260927-v1/runs/qwen25_14b_8k/galvatron/common/01,/opt/hbv/trainir-h20-experiments/20260927-v1/runs/qwen25_14b_8k/galvatron/common/01/selected/galvatron_config_qwen2_1nodes_8gpus_per_node_85GB_bf16_bsz64_[fsdp_ckpt_off].json,bdfa5f31293422bd1c60e45ea6be16120d9eb8ffe113dcbd63dcdc331f00a054,23,0,2,4,1,1,1,False,ddp,8,64,64,1.0,True,4,0,False
qwen25_14b_8k,common,completed,/opt/hbv/trainir-h20-experiments/20260927-v1/runs/qwen25_14b_8k/galvatron/common/01,/opt/hbv/trainir-h20-experiments/20260927-v1/runs/qwen25_14b_8k/galvatron/common/01/selected/galvatron_config_qwen2_1nodes_8gpus_per_node_85GB_bf16_bsz64_[fsdp_ckpt_off].json,bdfa5f31293422bd1c60e45ea6be16120d9eb8ffe113dcbd63dcdc331f00a054,24,1,2,4,1,1,1,False,ddp,8,64,64,1.0,True,4,0,False
qwen25_14b_8k,common,completed,/opt/hbv/trainir-h20-experiments/20260927-v1/runs/qwen25_14b_8k/galvatron/common/01,/opt/hbv/trainir-h20-experiments/20260927-v1/runs/qwen25_14b_8k/galvatron/common/01/selected/galvatron_config_qwen2_1nodes_8gpus_per_node_85GB_bf16_bsz64_[fsdp_ckpt_off].json,bdfa5f31293422bd1c60e45ea6be16120d9eb8ffe113dcbd63dcdc331f00a054,25,1,2,4,1,1,1,False,ddp,8,64,64,1.0,True,4,0,False
qwen25_14b_8k,common,completed,/opt/hbv/trainir-h20-experiments/20260927-v1/runs/qwen25_14b_8k/galvatron/common/01,/opt/hbv/trainir-h20-experiments/20260927-v1/runs/qwen25_14b_8k/galvatron/common/01/selected/galvatron_config_qwen2_1nodes_8gpus_per_node_85GB_bf16_bsz64_[fsdp_ckpt_off].json,bdfa5f31293422bd1c60e45ea6be16120d9eb8ffe113dcbd63dcdc331f00a054,26,1,2,4,1,1,1,False,ddp,8,64,64,1.0,True,4,0,False
qwen25_14b_8k,common,completed,/opt/hbv/trainir-h20-experiments/20260927-v1/runs/qwen25_14b_8k/galvatron/common/01,/opt/hbv/trainir-h20-experiments/20260927-v1/runs/qwen25_14b_8k/galvatron/common/01/selected/galvatron_config_qwen2_1nodes_8gpus_per_node_85GB_bf16_bsz64_[fsdp_ckpt_off].json,bdfa5f31293422bd1c60e45ea6be16120d9eb8ffe113dcbd63dcdc331f00a054,27,1,2,4,1,1,1,False,ddp,8,64,64,1.0,True,4,0,False
qwen25_14b_8k,common,completed,/opt/hbv/trainir-h20-experiments/20260927-v1/runs/qwen25_14b_8k/galvatron/common/01,/opt/hbv/trainir-h20-experiments/20260927-v1/runs/qwen25_14b_8k/galvatron/common/01/selected/galvatron_config_qwen2_1nodes_8gpus_per_node_85GB_bf16_bsz64_[fsdp_ckpt_off].json,bdfa5f31293422bd1c60e45ea6be16120d9eb8ffe113dcbd63dcdc331f00a054,28,1,2,4,1,1,1,False,ddp,8,64,64,1.0,True,4,0,False
qwen25_14b_8k,common,completed,/opt/hbv/trainir-h20-experiments/20260927-v1/runs/qwen25_14b_8k/galvatron/common/01,/opt/hbv/trainir-h20-experiments/20260927-v1/runs/qwen25_14b_8k/galvatron/common/01/selected/galvatron_config_qwen2_1nodes_8gpus_per_node_85GB_bf16_bsz64_[fsdp_ckpt_off].json,bdfa5f31293422bd1c60e45ea6be16120d9eb8ffe113dcbd63dcdc331f00a054,29,1,2,4,1,1,1,False,ddp,8,64,64,1.0,True,4,0,False
qwen25_14b_8k,common,completed,/opt/hbv/trainir-h20-experiments/20260927-v1/runs/qwen25_14b_8k/galvatron/common/01,/opt/hbv/trainir-h20-experiments/20260927-v1/runs/qwen25_14b_8k/galvatron/common/01/selected/galvatron_config_qwen2_1nodes_8gpus_per_node_85GB_bf16_bsz64_[fsdp_ckpt_off].json,bdfa5f31293422bd1c60e45ea6be16120d9eb8ffe113dcbd63dcdc331f00a054,30,1,2,4,1,1,1,False,ddp,8,64,64,1.0,True,4,0,False
qwen25_14b_8k,common,completed,/opt/hbv/trainir-h20-experiments/20260927-v1/runs/qwen25_14b_8k/galvatron/common/01,/opt/hbv/trainir-h20-experiments/20260927-v1/runs/qwen25_14b_8k/galvatron/common/01/selected/galvatron_config_qwen2_1nodes_8gpus_per_node_85GB_bf16_bsz64_[fsdp_ckpt_off].json,bdfa5f31293422bd1c60e45ea6be16120d9eb8ffe113dcbd63dcdc331f00a054,31,1,2,4,1,1,1,False,ddp,8,64,64,1.0,True,4,0,False
qwen25_14b_8k,common,completed,/opt/hbv/trainir-h20-experiments/20260927-v1/runs/qwen25_14b_8k/galvatron/common/01,/opt/hbv/trainir-h20-experiments/20260927-v1/runs/qwen25_14b_8k/galvatron/common/01/selected/galvatron_config_qwen2_1nodes_8gpus_per_node_85GB_bf16_bsz64_[fsdp_ckpt_off].json,bdfa5f31293422bd1c60e45ea6be16120d9eb8ffe113dcbd63dcdc331f00a054,32,1,2,4,1,1,1,False,ddp,8,64,64,1.0,True,4,0,False
qwen25_14b_8k,common,completed,/opt/hbv/trainir-h20-experiments/20260927-v1/runs/qwen25_14b_8k/galvatron/common/01,/opt/hbv/trainir-h20-experiments/20260927-v1/runs/qwen25_14b_8k/galvatron/common/01/selected/galvatron_config_qwen2_1nodes_8gpus_per_node_85GB_bf16_bsz64_[fsdp_ckpt_off].json,bdfa5f31293422bd1c60e45ea6be16120d9eb8ffe113dcbd63dcdc331f00a054,33,1,2,4,1,1,1,False,ddp,8,64,64,1.0,True,4,0,False
qwen25_14b_8k,common,completed,/opt/hbv/trainir-h20-experiments/20260927-v1/runs/qwen25_14b_8k/galvatron/common/01,/opt/hbv/trainir-h20-experiments/20260927-v1/runs/qwen25_14b_8k/galvatron/common/01/selected/galvatron_config_qwen2_1nodes_8gpus_per_node_85GB_bf16_bsz64_[fsdp_ckpt_off].json,bdfa5f31293422bd1c60e45ea6be16120d9eb8ffe113dcbd63dcdc331f00a054,34,1,2,4,1,1,1,False,ddp,8,64,64,1.0,True,4,0,False
qwen25_14b_8k,common,completed,/opt/hbv/trainir-h20-experiments/20260927-v1/runs/qwen25_14b_8k/galvatron/common/01,/opt/hbv/trainir-h20-experiments/20260927-v1/runs/qwen25_14b_8k/galvatron/common/01/selected/galvatron_config_qwen2_1nodes_8gpus_per_node_85GB_bf16_bsz64_[fsdp_ckpt_off].json,bdfa5f31293422bd1c60e45ea6be16120d9eb8ffe113dcbd63dcdc331f00a054,35,1,2,4,1,1,1,False,ddp,8,64,64,1.0,True,4,0,False
qwen25_14b_8k,common,completed,/opt/hbv/trainir-h20-experiments/20260927-v1/runs/qwen25_14b_8k/galvatron/common/01,/opt/hbv/trainir-h20-experiments/20260927-v1/runs/qwen25_14b_8k/galvatron/common/01/selected/galvatron_config_qwen2_1nodes_8gpus_per_node_85GB_bf16_bsz64_[fsdp_ckpt_off].json,bdfa5f31293422bd1c60e45ea6be16120d9eb8ffe113dcbd63dcdc331f00a054,36,1,2,4,1,1,1,False,ddp,8,64,64,1.0,True,4,0,False
qwen25_14b_8k,common,completed,/opt/hbv/trainir-h20-experiments/20260927-v1/runs/qwen25_14b_8k/galvatron/common/01,/opt/hbv/trainir-h20-experiments/20260927-v1/runs/qwen25_14b_8k/galvatron/common/01/selected/galvatron_config_qwen2_1nodes_8gpus_per_node_85GB_bf16_bsz64_[fsdp_ckpt_off].json,bdfa5f31293422bd1c60e45ea6be16120d9eb8ffe113dcbd63dcdc331f00a054,37,1,2,4,1,1,1,False,ddp,8,64,64,1.0,True,4,0,False
qwen25_14b_8k,common,completed,/opt/hbv/trainir-h20-experiments/20260927-v1/runs/qwen25_14b_8k/galvatron/common/01,/opt/hbv/trainir-h20-experiments/20260927-v1/runs/qwen25_14b_8k/galvatron/common/01/selected/galvatron_config_qwen2_1nodes_8gpus_per_node_85GB_bf16_bsz64_[fsdp_ckpt_off].json,bdfa5f31293422bd1c60e45ea6be16120d9eb8ffe113dcbd63dcdc331f00a054,38,1,2,4,1,1,1,False,ddp,8,64,64,1.0,True,4,0,False
qwen25_14b_8k,common,completed,/opt/hbv/trainir-h20-experiments/20260927-v1/runs/qwen25_14b_8k/galvatron/common/01,/opt/hbv/trainir-h20-experiments/20260927-v1/runs/qwen25_14b_8k/galvatron/common/01/selected/galvatron_config_qwen2_1nodes_8gpus_per_node_85GB_bf16_bsz64_[fsdp_ckpt_off].json,bdfa5f31293422bd1c60e45ea6be16120d9eb8ffe113dcbd63dcdc331f00a054,39,1,2,4,1,1,1,False,ddp,8,64,64,1.0,True,4,0,False
qwen25_14b_8k,common,completed,/opt/hbv/trainir-h20-experiments/20260927-v1/runs/qwen25_14b_8k/galvatron/common/01,/opt/hbv/trainir-h20-experiments/20260927-v1/runs/qwen25_14b_8k/galvatron/common/01/selected/galvatron_config_qwen2_1nodes_8gpus_per_node_85GB_bf16_bsz64_[fsdp_ckpt_off].json,bdfa5f31293422bd1c60e45ea6be16120d9eb8ffe113dcbd63dcdc331f00a054,40,1,2,4,1,1,1,False,ddp,8,64,64,1.0,True,4,0,False
qwen25_14b_8k,common,completed,/opt/hbv/trainir-h20-experiments/20260927-v1/runs/qwen25_14b_8k/galvatron/common/01,/opt/hbv/trainir-h20-experiments/20260927-v1/runs/qwen25_14b_8k/galvatron/common/01/selected/galvatron_config_qwen2_1nodes_8gpus_per_node_85GB_bf16_bsz64_[fsdp_ckpt_off].json,bdfa5f31293422bd1c60e45ea6be16120d9eb8ffe113dcbd63dcdc331f00a054,41,1,2,4,1,1,1,False,ddp,8,64,64,1.0,True,4,0,False
qwen25_14b_8k,common,completed,/opt/hbv/trainir-h20-experiments/20260927-v1/runs/qwen25_14b_8k/galvatron/common/01,/opt/hbv/trainir-h20-experiments/20260927-v1/runs/qwen25_14b_8k/galvatron/common/01/selected/galvatron_config_qwen2_1nodes_8gpus_per_node_85GB_bf16_bsz64_[fsdp_ckpt_off].json,bdfa5f31293422bd1c60e45ea6be16120d9eb8ffe113dcbd63dcdc331f00a054,42,1,2,4,1,1,1,False,ddp,8,64,64,1.0,True,4,0,False
qwen25_14b_8k,common,completed,/opt/hbv/trainir-h20-experiments/20260927-v1/runs/qwen25_14b_8k/galvatron/common/01,/opt/hbv/trainir-h20-experiments/20260927-v1/runs/qwen25_14b_8k/galvatron/common/01/selected/galvatron_config_qwen2_1nodes_8gpus_per_node_85GB_bf16_bsz64_[fsdp_ckpt_off].json,bdfa5f31293422bd1c60e45ea6be16120d9eb8ffe113dcbd63dcdc331f00a054,43,1,2,4,1,1,1,False,ddp,8,64,64,1.0,True,4,0,False
qwen25_14b_8k,common,completed,/opt/hbv/trainir-h20-experiments/20260927-v1/runs/qwen25_14b_8k/galvatron/common/01,/opt/hbv/trainir-h20-experiments/20260927-v1/runs/qwen25_14b_8k/galvatron/common/01/selected/galvatron_config_qwen2_1nodes_8gpus_per_node_85GB_bf16_bsz64_[fsdp_ckpt_off].json,bdfa5f31293422bd1c60e45ea6be16120d9eb8ffe113dcbd63dcdc331f00a054,44,1,2,4,1,1,1,False,ddp,8,64,64,1.0,True,4,0,False
qwen25_14b_8k,common,completed,/opt/hbv/trainir-h20-experiments/20260927-v1/runs/qwen25_14b_8k/galvatron/common/01,/opt/hbv/trainir-h20-experiments/20260927-v1/runs/qwen25_14b_8k/galvatron/common/01/selected/galvatron_config_qwen2_1nodes_8gpus_per_node_85GB_bf16_bsz64_[fsdp_ckpt_off].json,bdfa5f31293422bd1c60e45ea6be16120d9eb8ffe113dcbd63dcdc331f00a054,45,1,2,4,1,1,1,False,ddp,8,64,64,1.0,True,4,0,False
qwen25_14b_8k,common,completed,/opt/hbv/trainir-h20-experiments/20260927-v1/runs/qwen25_14b_8k/galvatron/common/01,/opt/hbv/trainir-h20-experiments/20260927-v1/runs/qwen25_14b_8k/galvatron/common/01/selected/galvatron_config_qwen2_1nodes_8gpus_per_node_85GB_bf16_bsz64_[fsdp_ckpt_off].json,bdfa5f31293422bd1c60e45ea6be16120d9eb8ffe113dcbd63dcdc331f00a054,46,1,2,4,1,1,1,False,ddp,8,64,64,1.0,True,4,0,False
qwen25_14b_8k,common,completed,/opt/hbv/trainir-h20-experiments/20260927-v1/runs/qwen25_14b_8k/galvatron/common/01,/opt/hbv/trainir-h20-experiments/20260927-v1/runs/qwen25_14b_8k/galvatron/common/01/selected/galvatron_config_qwen2_1nodes_8gpus_per_node_85GB_bf16_bsz64_[fsdp_ckpt_off].json,bdfa5f31293422bd1c60e45ea6be16120d9eb8ffe113dcbd63dcdc331f00a054,47,1,2,4,1,1,1,False,ddp,8,64,64,1.0,True,4,0,False
qwen25_14b_8k,full,completed,/opt/hbv/trainir-h20-experiments/20260927-v1/runs/qwen25_14b_8k/galvatron/full/01,/opt/hbv/trainir-h20-experiments/20260927-v1/runs/qwen25_14b_8k/galvatron/full/01/selected/galvatron_config_qwen2_1nodes_8gpus_per_node_85GB_bf16_bsz64.json,cdc57ca2ff67604d618796964c93d54df9096db1c179d334b71be8eecfe13150,0,0,1,4,1,1,2,False,zero3,8,64,32,1.0,True,4,0,True
qwen25_14b_8k,full,completed,/opt/hbv/trainir-h20-experiments/20260927-v1/runs/qwen25_14b_8k/galvatron/full/01,/opt/hbv/trainir-h20-experiments/20260927-v1/runs/qwen25_14b_8k/galvatron/full/01/selected/galvatron_config_qwen2_1nodes_8gpus_per_node_85GB_bf16_bsz64.json,cdc57ca2ff67604d618796964c93d54df9096db1c179d334b71be8eecfe13150,1,0,1,4,1,1,2,False,zero3,8,64,32,1.0,True,4,0,True
qwen25_14b_8k,full,completed,/opt/hbv/trainir-h20-experiments/20260927-v1/runs/qwen25_14b_8k/galvatron/full/01,/opt/hbv/trainir-h20-experiments/20260927-v1/runs/qwen25_14b_8k/galvatron/full/01/selected/galvatron_config_qwen2_1nodes_8gpus_per_node_85GB_bf16_bsz64.json,cdc57ca2ff67604d618796964c93d54df9096db1c179d334b71be8eecfe13150,2,0,1,4,1,1,2,False,zero3,8,64,32,1.0,True,4,0,True
qwen25_14b_8k,full,completed,/opt/hbv/trainir-h20-experiments/20260927-v1/runs/qwen25_14b_8k/galvatron/full/01,/opt/hbv/trainir-h20-experiments/20260927-v1/runs/qwen25_14b_8k/galvatron/full/01/selected/galvatron_config_qwen2_1nodes_8gpus_per_node_85GB_bf16_bsz64.json,cdc57ca2ff67604d618796964c93d54df9096db1c179d334b71be8eecfe13150,3,0,1,4,1,1,2,False,zero3,8,64,32,1.0,True,4,0,True
qwen25_14b_8k,full,completed,/opt/hbv/trainir-h20-experiments/20260927-v1/runs/qwen25_14b_8k/galvatron/full/01,/opt/hbv/trainir-h20-experiments/20260927-v1/runs/qwen25_14b_8k/galvatron/full/01/selected/galvatron_config_qwen2_1nodes_8gpus_per_node_85GB_bf16_bsz64.json,cdc57ca2ff67604d618796964c93d54df9096db1c179d334b71be8eecfe13150,4,0,1,4,1,1,2,False,zero3,8,64,32,1.0,True,4,0,True
qwen25_14b_8k,full,completed,/opt/hbv/trainir-h20-experiments/20260927-v1/runs/qwen25_14b_8k/galvatron/full/01,/opt/hbv/trainir-h20-experiments/20260927-v1/runs/qwen25_14b_8k/galvatron/full/01/selected/galvatron_config_qwen2_1nodes_8gpus_per_node_85GB_bf16_bsz64.json,cdc57ca2ff67604d618796964c93d54df9096db1c179d334b71be8eecfe13150,5,0,1,4,1,1,2,False,zero3,8,64,32,1.0,True,4,0,True
qwen25_14b_8k,full,completed,/opt/hbv/trainir-h20-experiments/20260927-v1/runs/qwen25_14b_8k/galvatron/full/01,/opt/hbv/trainir-h20-experiments/20260927-v1/runs/qwen25_14b_8k/galvatron/full/01/selected/galvatron_config_qwen2_1nodes_8gpus_per_node_85GB_bf16_bsz64.json,cdc57ca2ff67604d618796964c93d54df9096db1c179d334b71be8eecfe13150,6,0,1,4,1,1,2,False,zero3,8,64,32,1.0,True,4,0,True
qwen25_14b_8k,full,completed,/opt/hbv/trainir-h20-experiments/20260927-v1/runs/qwen25_14b_8k/galvatron/full/01,/opt/hbv/trainir-h20-experiments/20260927-v1/runs/qwen25_14b_8k/galvatron/full/01/selected/galvatron_config_qwen2_1nodes_8gpus_per_node_85GB_bf16_bsz64.json,cdc57ca2ff67604d618796964c93d54df9096db1c179d334b71be8eecfe13150,7,0,1,4,1,1,2,False,ddp,8,64,32,1.0,True,4,0,True
qwen25_14b_8k,full,completed,/opt/hbv/trainir-h20-experiments/20260927-v1/runs/qwen25_14b_8k/galvatron/full/01,/opt/hbv/trainir-h20-experiments/20260927-v1/runs/qwen25_14b_8k/galvatron/full/01/selected/galvatron_config_qwen2_1nodes_8gpus_per_node_85GB_bf16_bsz64.json,cdc57ca2ff67604d618796964c93d54df9096db1c179d334b71be8eecfe13150,8,0,1,4,1,1,2,False,ddp,8,64,32,1.0,True,4,0,True
qwen25_14b_8k,full,completed,/opt/hbv/trainir-h20-experiments/20260927-v1/runs/qwen25_14b_8k/galvatron/full/01,/opt/hbv/trainir-h20-experiments/20260927-v1/runs/qwen25_14b_8k/galvatron/full/01/selected/galvatron_config_qwen2_1nodes_8gpus_per_node_85GB_bf16_bsz64.json,cdc57ca2ff67604d618796964c93d54df9096db1c179d334b71be8eecfe13150,9,0,1,4,1,1,2,False,ddp,8,64,32,1.0,True,4,0,True
qwen25_14b_8k,full,completed,/opt/hbv/trainir-h20-experiments/20260927-v1/runs/qwen25_14b_8k/galvatron/full/01,/opt/hbv/trainir-h20-experiments/20260927-v1/runs/qwen25_14b_8k/galvatron/full/01/selected/galvatron_config_qwen2_1nodes_8gpus_per_node_85GB_bf16_bsz64.json,cdc57ca2ff67604d618796964c93d54df9096db1c179d334b71be8eecfe13150,10,0,1,4,1,1,2,False,ddp,8,64,32,1.0,True,4,0,True
qwen25_14b_8k,full,completed,/opt/hbv/trainir-h20-experiments/20260927-v1/runs/qwen25_14b_8k/galvatron/full/01,/opt/hbv/trainir-h20-experiments/20260927-v1/runs/qwen25_14b_8k/galvatron/full/01/selected/galvatron_config_qwen2_1nodes_8gpus_per_node_85GB_bf16_bsz64.json,cdc57ca2ff67604d618796964c93d54df9096db1c179d334b71be8eecfe13150,11,0,1,4,1,1,2,False,ddp,8,64,32,1.0,True,4,0,True
qwen25_14b_8k,full,completed,/opt/hbv/trainir-h20-experiments/20260927-v1/runs/qwen25_14b_8k/galvatron/full/01,/opt/hbv/trainir-h20-experiments/20260927-v1/runs/qwen25_14b_8k/galvatron/full/01/selected/galvatron_config_qwen2_1nodes_8gpus_per_node_85GB_bf16_bsz64.json,cdc57ca2ff67604d618796964c93d54df9096db1c179d334b71be8eecfe13150,12,0,1,4,1,1,2,False,ddp,8,64,32,1.0,True,4,0,True
qwen25_14b_8k,full,completed,/opt/hbv/trainir-h20-experiments/20260927-v1/runs/qwen25_14b_8k/galvatron/full/01,/opt/hbv/trainir-h20-experiments/20260927-v1/runs/qwen25_14b_8k/galvatron/full/01/selected/galvatron_config_qwen2_1nodes_8gpus_per_node_85GB_bf16_bsz64.json,cdc57ca2ff67604d618796964c93d54df9096db1c179d334b71be8eecfe13150,13,0,1,4,1,1,2,False,ddp,8,64,32,1.0,True,4,0,True
qwen25_14b_8k,full,completed,/opt/hbv/trainir-h20-experiments/20260927-v1/runs/qwen25_14b_8k/galvatron/full/01,/opt/hbv/trainir-h20-experiments/20260927-v1/runs/qwen25_14b_8k/galvatron/full/01/selected/galvatron_config_qwen2_1nodes_8gpus_per_node_85GB_bf16_bsz64.json,cdc57ca2ff67604d618796964c93d54df9096db1c179d334b71be8eecfe13150,14,0,1,4,1,1,2,False,ddp,8,64,32,1.0,True,4,0,True
qwen25_14b_8k,full,completed,/opt/hbv/trainir-h20-experiments/20260927-v1/runs/qwen25_14b_8k/galvatron/full/01,/opt/hbv/trainir-h20-experiments/20260927-v1/runs/qwen25_14b_8k/galvatron/full/01/selected/galvatron_config_qwen2_1nodes_8gpus_per_node_85GB_bf16_bsz64.json,cdc57ca2ff67604d618796964c93d54df9096db1c179d334b71be8eecfe13150,15,0,1,4,1,1,2,False,ddp,8,64,32,1.0,True,4,0,True
qwen25_14b_8k,full,completed,/opt/hbv/trainir-h20-experiments/20260927-v1/runs/qwen25_14b_8k/galvatron/full/01,/opt/hbv/trainir-h20-experiments/20260927-v1/runs/qwen25_14b_8k/galvatron/full/01/selected/galvatron_config_qwen2_1nodes_8gpus_per_node_85GB_bf16_bsz64.json,cdc57ca2ff67604d618796964c93d54df9096db1c179d334b71be8eecfe13150,16,0,1,4,1,1,2,False,ddp,8,64,32,1.0,True,4,0,True
qwen25_14b_8k,full,completed,/opt/hbv/trainir-h20-experiments/20260927-v1/runs/qwen25_14b_8k/galvatron/full/01,/opt/hbv/trainir-h20-experiments/20260927-v1/runs/qwen25_14b_8k/galvatron/full/01/selected/galvatron_config_qwen2_1nodes_8gpus_per_node_85GB_bf16_bsz64.json,cdc57ca2ff67604d618796964c93d54df9096db1c179d334b71be8eecfe13150,17,0,1,4,1,1,2,False,ddp,8,64,32,1.0,True,4,0,True
qwen25_14b_8k,full,completed,/opt/hbv/trainir-h20-experiments/20260927-v1/runs/qwen25_14b_8k/galvatron/full/01,/opt/hbv/trainir-h20-experiments/20260927-v1/runs/qwen25_14b_8k/galvatron/full/01/selected/galvatron_config_qwen2_1nodes_8gpus_per_node_85GB_bf16_bsz64.json,cdc57ca2ff67604d618796964c93d54df9096db1c179d334b71be8eecfe13150,18,0,1,4,1,1,2,False,ddp,8,64,32,1.0,True,4,0,True
qwen25_14b_8k,full,completed,/opt/hbv/trainir-h20-experiments/20260927-v1/runs/qwen25_14b_8k/galvatron/full/01,/opt/hbv/trainir-h20-experiments/20260927-v1/runs/qwen25_14b_8k/galvatron/full/01/selected/galvatron_config_qwen2_1nodes_8gpus_per_node_85GB_bf16_bsz64.json,cdc57ca2ff67604d618796964c93d54df9096db1c179d334b71be8eecfe13150,19,0,1,4,1,1,2,False,ddp,8,64,32,1.0,True,4,0,True
qwen25_14b_8k,full,completed,/opt/hbv/trainir-h20-experiments/20260927-v1/runs/qwen25_14b_8k/galvatron/full/01,/opt/hbv/trainir-h20-experiments/20260927-v1/runs/qwen25_14b_8k/galvatron/full/01/selected/galvatron_config_qwen2_1nodes_8gpus_per_node_85GB_bf16_bsz64.json,cdc57ca2ff67604d618796964c93d54df9096db1c179d334b71be8eecfe13150,20,0,1,4,1,1,2,False,ddp,8,64,32,1.0,True,4,0,True
qwen25_14b_8k,full,completed,/opt/hbv/trainir-h20-experiments/20260927-v1/runs/qwen25_14b_8k/galvatron/full/01,/opt/hbv/trainir-h20-experiments/20260927-v1/runs/qwen25_14b_8k/galvatron/full/01/selected/galvatron_config_qwen2_1nodes_8gpus_per_node_85GB_bf16_bsz64.json,cdc57ca2ff67604d618796964c93d54df9096db1c179d334b71be8eecfe13150,21,0,1,4,1,1,2,False,ddp,8,64,32,1.0,True,4,0,True
qwen25_14b_8k,full,completed,/opt/hbv/trainir-h20-experiments/20260927-v1/runs/qwen25_14b_8k/galvatron/full/01,/opt/hbv/trainir-h20-experiments/20260927-v1/runs/qwen25_14b_8k/galvatron/full/01/selected/galvatron_config_qwen2_1nodes_8gpus_per_node_85GB_bf16_bsz64.json,cdc57ca2ff67604d618796964c93d54df9096db1c179d334b71be8eecfe13150,22,0,1,4,1,1,2,False,ddp,8,64,32,1.0,True,4,0,True
qwen25_14b_8k,full,completed,/opt/hbv/trainir-h20-experiments/20260927-v1/runs/qwen25_14b_8k/galvatron/full/01,/opt/hbv/trainir-h20-experiments/20260927-v1/runs/qwen25_14b_8k/galvatron/full/01/selected/galvatron_config_qwen2_1nodes_8gpus_per_node_85GB_bf16_bsz64.json,cdc57ca2ff67604d618796964c93d54df9096db1c179d334b71be8eecfe13150,23,0,1,4,1,1,2,False,ddp,8,64,32,1.0,True,4,0,True
qwen25_14b_8k,full,completed,/opt/hbv/trainir-h20-experiments/20260927-v1/runs/qwen25_14b_8k/galvatron/full/01,/opt/hbv/trainir-h20-experiments/20260927-v1/runs/qwen25_14b_8k/galvatron/full/01/selected/galvatron_config_qwen2_1nodes_8gpus_per_node_85GB_bf16_bsz64.json,cdc57ca2ff67604d618796964c93d54df9096db1c179d334b71be8eecfe13150,24,0,1,4,1,1,2,False,ddp,8,64,32,1.0,True,4,0,True
qwen25_14b_8k,full,completed,/opt/hbv/trainir-h20-experiments/20260927-v1/runs/qwen25_14b_8k/galvatron/full/01,/opt/hbv/trainir-h20-experiments/20260927-v1/runs/qwen25_14b_8k/galvatron/full/01/selected/galvatron_config_qwen2_1nodes_8gpus_per_node_85GB_bf16_bsz64.json,cdc57ca2ff67604d618796964c93d54df9096db1c179d334b71be8eecfe13150,25,0,1,4,1,1,2,False,ddp,8,64,32,1.0,True,4,0,True
qwen25_14b_8k,full,completed,/opt/hbv/trainir-h20-experiments/20260927-v1/runs/qwen25_14b_8k/galvatron/full/01,/opt/hbv/trainir-h20-experiments/20260927-v1/runs/qwen25_14b_8k/galvatron/full/01/selected/galvatron_config_qwen2_1nodes_8gpus_per_node_85GB_bf16_bsz64.json,cdc57ca2ff67604d618796964c93d54df9096db1c179d334b71be8eecfe13150,26,0,1,4,1,1,2,False,ddp,8,64,32,1.0,True,4,0,True
qwen25_14b_8k,full,completed,/opt/hbv/trainir-h20-experiments/20260927-v1/runs/qwen25_14b_8k/galvatron/full/01,/opt/hbv/trainir-h20-experiments/20260927-v1/runs/qwen25_14b_8k/galvatron/full/01/selected/galvatron_config_qwen2_1nodes_8gpus_per_node_85GB_bf16_bsz64.json,cdc57ca2ff67604d618796964c93d54df9096db1c179d334b71be8eecfe13150,27,0,1,4,1,1,2,False,ddp,8,64,32,1.0,True,4,0,True
qwen25_14b_8k,full,completed,/opt/hbv/trainir-h20-experiments/20260927-v1/runs/qwen25_14b_8k/galvatron/full/01,/opt/hbv/trainir-h20-experiments/20260927-v1/runs/qwen25_14b_8k/galvatron/full/01/selected/galvatron_config_qwen2_1nodes_8gpus_per_node_85GB_bf16_bsz64.json,cdc57ca2ff67604d618796964c93d54df9096db1c179d334b71be8eecfe13150,28,0,1,4,1,1,2,False,ddp,8,64,32,1.0,True,4,0,True
qwen25_14b_8k,full,completed,/opt/hbv/trainir-h20-experiments/20260927-v1/runs/qwen25_14b_8k/galvatron/full/01,/opt/hbv/trainir-h20-experiments/20260927-v1/runs/qwen25_14b_8k/galvatron/full/01/selected/galvatron_config_qwen2_1nodes_8gpus_per_node_85GB_bf16_bsz64.json,cdc57ca2ff67604d618796964c93d54df9096db1c179d334b71be8eecfe13150,29,0,1,4,1,1,2,False,ddp,8,64,32,1.0,True,4,0,True
qwen25_14b_8k,full,completed,/opt/hbv/trainir-h20-experiments/20260927-v1/runs/qwen25_14b_8k/galvatron/full/01,/opt/hbv/trainir-h20-experiments/20260927-v1/runs/qwen25_14b_8k/galvatron/full/01/selected/galvatron_config_qwen2_1nodes_8gpus_per_node_85GB_bf16_bsz64.json,cdc57ca2ff67604d618796964c93d54df9096db1c179d334b71be8eecfe13150,30,0,1,4,1,1,2,False,ddp,8,64,32,1.0,True,4,0,True
qwen25_14b_8k,full,completed,/opt/hbv/trainir-h20-experiments/20260927-v1/runs/qwen25_14b_8k/galvatron/full/01,/opt/hbv/trainir-h20-experiments/20260927-v1/runs/qwen25_14b_8k/galvatron/full/01/selected/galvatron_config_qwen2_1nodes_8gpus_per_node_85GB_bf16_bsz64.json,cdc57ca2ff67604d618796964c93d54df9096db1c179d334b71be8eecfe13150,31,0,1,4,1,1,2,False,ddp,8,64,32,1.0,True,4,0,True
qwen25_14b_8k,full,completed,/opt/hbv/trainir-h20-experiments/20260927-v1/runs/qwen25_14b_8k/galvatron/full/01,/opt/hbv/trainir-h20-experiments/20260927-v1/runs/qwen25_14b_8k/galvatron/full/01/selected/galvatron_config_qwen2_1nodes_8gpus_per_node_85GB_bf16_bsz64.json,cdc57ca2ff67604d618796964c93d54df9096db1c179d334b71be8eecfe13150,32,0,1,4,1,1,2,False,ddp,8,64,32,1.0,True,4,0,True
qwen25_14b_8k,full,completed,/opt/hbv/trainir-h20-experiments/20260927-v1/runs/qwen25_14b_8k/galvatron/full/01,/opt/hbv/trainir-h20-experiments/20260927-v1/runs/qwen25_14b_8k/galvatron/full/01/selected/galvatron_config_qwen2_1nodes_8gpus_per_node_85GB_bf16_bsz64.json,cdc57ca2ff67604d618796964c93d54df9096db1c179d334b71be8eecfe13150,33,0,1,4,1,1,2,False,ddp,8,64,32,1.0,True,4,0,True
qwen25_14b_8k,full,completed,/opt/hbv/trainir-h20-experiments/20260927-v1/runs/qwen25_14b_8k/galvatron/full/01,/opt/hbv/trainir-h20-experiments/20260927-v1/runs/qwen25_14b_8k/galvatron/full/01/selected/galvatron_config_qwen2_1nodes_8gpus_per_node_85GB_bf16_bsz64.json,cdc57ca2ff67604d618796964c93d54df9096db1c179d334b71be8eecfe13150,34,0,1,4,1,1,2,False,ddp,8,64,32,1.0,True,4,0,True
qwen25_14b_8k,full,completed,/opt/hbv/trainir-h20-experiments/20260927-v1/runs/qwen25_14b_8k/galvatron/full/01,/opt/hbv/trainir-h20-experiments/20260927-v1/runs/qwen25_14b_8k/galvatron/full/01/selected/galvatron_config_qwen2_1nodes_8gpus_per_node_85GB_bf16_bsz64.json,cdc57ca2ff67604d618796964c93d54df9096db1c179d334b71be8eecfe13150,35,0,1,4,1,1,2,False,ddp,8,64,32,1.0,True,4,0,True
qwen25_14b_8k,full,completed,/opt/hbv/trainir-h20-experiments/20260927-v1/runs/qwen25_14b_8k/galvatron/full/01,/opt/hbv/trainir-h20-experiments/20260927-v1/runs/qwen25_14b_8k/galvatron/full/01/selected/galvatron_config_qwen2_1nodes_8gpus_per_node_85GB_bf16_bsz64.json,cdc57ca2ff67604d618796964c93d54df9096db1c179d334b71be8eecfe13150,36,0,1,4,1,1,2,False,ddp,8,64,32,1.0,True,4,0,True
qwen25_14b_8k,full,completed,/opt/hbv/trainir-h20-experiments/20260927-v1/runs/qwen25_14b_8k/galvatron/full/01,/opt/hbv/trainir-h20-experiments/20260927-v1/runs/qwen25_14b_8k/galvatron/full/01/selected/galvatron_config_qwen2_1nodes_8gpus_per_node_85GB_bf16_bsz64.json,cdc57ca2ff67604d618796964c93d54df9096db1c179d334b71be8eecfe13150,37,0,1,4,1,1,2,False,ddp,8,64,32,1.0,True,4,0,True
qwen25_14b_8k,full,completed,/opt/hbv/trainir-h20-experiments/20260927-v1/runs/qwen25_14b_8k/galvatron/full/01,/opt/hbv/trainir-h20-experiments/20260927-v1/runs/qwen25_14b_8k/galvatron/full/01/selected/galvatron_config_qwen2_1nodes_8gpus_per_node_85GB_bf16_bsz64.json,cdc57ca2ff67604d618796964c93d54df9096db1c179d334b71be8eecfe13150,38,0,1,4,1,1,2,False,ddp,8,64,32,1.0,True,4,0,True
qwen25_14b_8k,full,completed,/opt/hbv/trainir-h20-experiments/20260927-v1/runs/qwen25_14b_8k/galvatron/full/01,/opt/hbv/trainir-h20-experiments/20260927-v1/runs/qwen25_14b_8k/galvatron/full/01/selected/galvatron_config_qwen2_1nodes_8gpus_per_node_85GB_bf16_bsz64.json,cdc57ca2ff67604d618796964c93d54df9096db1c179d334b71be8eecfe13150,39,0,1,4,1,1,2,False,ddp,8,64,32,1.0,True,4,0,True
qwen25_14b_8k,full,completed,/opt/hbv/trainir-h20-experiments/20260927-v1/runs/qwen25_14b_8k/galvatron/full/01,/opt/hbv/trainir-h20-experiments/20260927-v1/runs/qwen25_14b_8k/galvatron/full/01/selected/galvatron_config_qwen2_1nodes_8gpus_per_node_85GB_bf16_bsz64.json,cdc57ca2ff67604d618796964c93d54df9096db1c179d334b71be8eecfe13150,40,0,1,4,1,1,2,False,ddp,8,64,32,1.0,True,4,0,True
qwen25_14b_8k,full,completed,/opt/hbv/trainir-h20-experiments/20260927-v1/runs/qwen25_14b_8k/galvatron/full/01,/opt/hbv/trainir-h20-experiments/20260927-v1/runs/qwen25_14b_8k/galvatron/full/01/selected/galvatron_config_qwen2_1nodes_8gpus_per_node_85GB_bf16_bsz64.json,cdc57ca2ff67604d618796964c93d54df9096db1c179d334b71be8eecfe13150,41,0,1,4,1,1,2,False,ddp,8,64,32,1.0,True,4,0,True
qwen25_14b_8k,full,completed,/opt/hbv/trainir-h20-experiments/20260927-v1/runs/qwen25_14b_8k/galvatron/full/01,/opt/hbv/trainir-h20-experiments/20260927-v1/runs/qwen25_14b_8k/galvatron/full/01/selected/galvatron_config_qwen2_1nodes_8gpus_per_node_85GB_bf16_bsz64.json,cdc57ca2ff67604d618796964c93d54df9096db1c179d334b71be8eecfe13150,42,0,1,4,1,1,2,False,ddp,8,64,32,1.0,True,4,0,True
qwen25_14b_8k,full,completed,/opt/hbv/trainir-h20-experiments/20260927-v1/runs/qwen25_14b_8k/galvatron/full/01,/opt/hbv/trainir-h20-experiments/20260927-v1/runs/qwen25_14b_8k/galvatron/full/01/selected/galvatron_config_qwen2_1nodes_8gpus_per_node_85GB_bf16_bsz64.json,cdc57ca2ff67604d618796964c93d54df9096db1c179d334b71be8eecfe13150,43,0,1,4,1,1,2,False,ddp,8,64,32,1.0,True,4,0,True
qwen25_14b_8k,full,completed,/opt/hbv/trainir-h20-experiments/20260927-v1/runs/qwen25_14b_8k/galvatron/full/01,/opt/hbv/trainir-h20-experiments/20260927-v1/runs/qwen25_14b_8k/galvatron/full/01/selected/galvatron_config_qwen2_1nodes_8gpus_per_node_85GB_bf16_bsz64.json,cdc57ca2ff67604d618796964c93d54df9096db1c179d334b71be8eecfe13150,44,0,1,4,1,1,2,False,ddp,8,64,32,1.0,True,4,0,True
qwen25_14b_8k,full,completed,/opt/hbv/trainir-h20-experiments/20260927-v1/runs/qwen25_14b_8k/galvatron/full/01,/opt/hbv/trainir-h20-experiments/20260927-v1/runs/qwen25_14b_8k/galvatron/full/01/selected/galvatron_config_qwen2_1nodes_8gpus_per_node_85GB_bf16_bsz64.json,cdc57ca2ff67604d618796964c93d54df9096db1c179d334b71be8eecfe13150,45,0,1,4,1,1,2,False,ddp,8,64,32,1.0,True,4,0,True
qwen25_14b_8k,full,completed,/opt/hbv/trainir-h20-experiments/20260927-v1/runs/qwen25_14b_8k/galvatron/full/01,/opt/hbv/trainir-h20-experiments/20260927-v1/runs/qwen25_14b_8k/galvatron/full/01/selected/galvatron_config_qwen2_1nodes_8gpus_per_node_85GB_bf16_bsz64.json,cdc57ca2ff67604d618796964c93d54df9096db1c179d334b71be8eecfe13150,46,0,1,4,1,1,2,False,ddp,8,64,32,1.0,True,4,0,True
qwen25_14b_8k,full,completed,/opt/hbv/trainir-h20-experiments/20260927-v1/runs/qwen25_14b_8k/galvatron/full/01,/opt/hbv/trainir-h20-experiments/20260927-v1/runs/qwen25_14b_8k/galvatron/full/01/selected/galvatron_config_qwen2_1nodes_8gpus_per_node_85GB_bf16_bsz64.json,cdc57ca2ff67604d618796964c93d54df9096db1c179d334b71be8eecfe13150,47,0,1,4,1,1,2,False,ddp,8,64,32,1.0,True,4,0,True
qwen3_14b_4k,common,completed,/opt/hbv/trainir-h20-experiments/20260927-v1/runs/qwen3_14b_4k/galvatron/common/01,/opt/hbv/trainir-h20-experiments/20260927-v1/runs/qwen3_14b_4k/galvatron/common/01/selected/galvatron_config_qwen2_1nodes_8gpus_per_node_85GB_bf16_bsz128_[fsdp_ckpt_off].json,0294c28f6d1e312e970c785c10f0511877496be7a103e87c4592cd2c1f587b37,0,0,1,4,1,1,2,False,ddp,8,128,64,1.0,True,4,0,False
qwen3_14b_4k,common,completed,/opt/hbv/trainir-h20-experiments/20260927-v1/runs/qwen3_14b_4k/galvatron/common/01,/opt/hbv/trainir-h20-experiments/20260927-v1/runs/qwen3_14b_4k/galvatron/common/01/selected/galvatron_config_qwen2_1nodes_8gpus_per_node_85GB_bf16_bsz128_[fsdp_ckpt_off].json,0294c28f6d1e312e970c785c10f0511877496be7a103e87c4592cd2c1f587b37,1,0,1,4,1,1,2,False,ddp,8,128,64,1.0,True,4,0,False
qwen3_14b_4k,common,completed,/opt/hbv/trainir-h20-experiments/20260927-v1/runs/qwen3_14b_4k/galvatron/common/01,/opt/hbv/trainir-h20-experiments/20260927-v1/runs/qwen3_14b_4k/galvatron/common/01/selected/galvatron_config_qwen2_1nodes_8gpus_per_node_85GB_bf16_bsz128_[fsdp_ckpt_off].json,0294c28f6d1e312e970c785c10f0511877496be7a103e87c4592cd2c1f587b37,2,0,1,4,1,1,2,False,ddp,8,128,64,1.0,True,4,0,False
qwen3_14b_4k,common,completed,/opt/hbv/trainir-h20-experiments/20260927-v1/runs/qwen3_14b_4k/galvatron/common/01,/opt/hbv/trainir-h20-experiments/20260927-v1/runs/qwen3_14b_4k/galvatron/common/01/selected/galvatron_config_qwen2_1nodes_8gpus_per_node_85GB_bf16_bsz128_[fsdp_ckpt_off].json,0294c28f6d1e312e970c785c10f0511877496be7a103e87c4592cd2c1f587b37,3,0,1,4,1,1,2,False,ddp,8,128,64,1.0,True,4,0,False
qwen3_14b_4k,common,completed,/opt/hbv/trainir-h20-experiments/20260927-v1/runs/qwen3_14b_4k/galvatron/common/01,/opt/hbv/trainir-h20-experiments/20260927-v1/runs/qwen3_14b_4k/galvatron/common/01/selected/galvatron_config_qwen2_1nodes_8gpus_per_node_85GB_bf16_bsz128_[fsdp_ckpt_off].json,0294c28f6d1e312e970c785c10f0511877496be7a103e87c4592cd2c1f587b37,4,0,1,4,1,1,2,False,ddp,8,128,64,1.0,True,4,0,False
qwen3_14b_4k,common,completed,/opt/hbv/trainir-h20-experiments/20260927-v1/runs/qwen3_14b_4k/galvatron/common/01,/opt/hbv/trainir-h20-experiments/20260927-v1/runs/qwen3_14b_4k/galvatron/common/01/selected/galvatron_config_qwen2_1nodes_8gpus_per_node_85GB_bf16_bsz128_[fsdp_ckpt_off].json,0294c28f6d1e312e970c785c10f0511877496be7a103e87c4592cd2c1f587b37,5,0,1,4,1,1,2,False,ddp,8,128,64,1.0,True,4,0,False
qwen3_14b_4k,common,completed,/opt/hbv/trainir-h20-experiments/20260927-v1/runs/qwen3_14b_4k/galvatron/common/01,/opt/hbv/trainir-h20-experiments/20260927-v1/runs/qwen3_14b_4k/galvatron/common/01/selected/galvatron_config_qwen2_1nodes_8gpus_per_node_85GB_bf16_bsz128_[fsdp_ckpt_off].json,0294c28f6d1e312e970c785c10f0511877496be7a103e87c4592cd2c1f587b37,6,0,1,4,1,1,2,False,ddp,8,128,64,1.0,True,4,0,False
qwen3_14b_4k,common,completed,/opt/hbv/trainir-h20-experiments/20260927-v1/runs/qwen3_14b_4k/galvatron/common/01,/opt/hbv/trainir-h20-experiments/20260927-v1/runs/qwen3_14b_4k/galvatron/common/01/selected/galvatron_config_qwen2_1nodes_8gpus_per_node_85GB_bf16_bsz128_[fsdp_ckpt_off].json,0294c28f6d1e312e970c785c10f0511877496be7a103e87c4592cd2c1f587b37,7,0,1,4,1,1,2,False,ddp,8,128,64,1.0,True,4,0,False
qwen3_14b_4k,common,completed,/opt/hbv/trainir-h20-experiments/20260927-v1/runs/qwen3_14b_4k/galvatron/common/01,/opt/hbv/trainir-h20-experiments/20260927-v1/runs/qwen3_14b_4k/galvatron/common/01/selected/galvatron_config_qwen2_1nodes_8gpus_per_node_85GB_bf16_bsz128_[fsdp_ckpt_off].json,0294c28f6d1e312e970c785c10f0511877496be7a103e87c4592cd2c1f587b37,8,0,1,4,1,1,2,False,ddp,8,128,64,1.0,True,4,0,False
qwen3_14b_4k,common,completed,/opt/hbv/trainir-h20-experiments/20260927-v1/runs/qwen3_14b_4k/galvatron/common/01,/opt/hbv/trainir-h20-experiments/20260927-v1/runs/qwen3_14b_4k/galvatron/common/01/selected/galvatron_config_qwen2_1nodes_8gpus_per_node_85GB_bf16_bsz128_[fsdp_ckpt_off].json,0294c28f6d1e312e970c785c10f0511877496be7a103e87c4592cd2c1f587b37,9,0,1,4,1,1,2,False,ddp,8,128,64,1.0,True,4,0,False
qwen3_14b_4k,common,completed,/opt/hbv/trainir-h20-experiments/20260927-v1/runs/qwen3_14b_4k/galvatron/common/01,/opt/hbv/trainir-h20-experiments/20260927-v1/runs/qwen3_14b_4k/galvatron/common/01/selected/galvatron_config_qwen2_1nodes_8gpus_per_node_85GB_bf16_bsz128_[fsdp_ckpt_off].json,0294c28f6d1e312e970c785c10f0511877496be7a103e87c4592cd2c1f587b37,10,0,1,4,1,1,2,False,ddp,8,128,64,1.0,True,4,0,False
qwen3_14b_4k,common,completed,/opt/hbv/trainir-h20-experiments/20260927-v1/runs/qwen3_14b_4k/galvatron/common/01,/opt/hbv/trainir-h20-experiments/20260927-v1/runs/qwen3_14b_4k/galvatron/common/01/selected/galvatron_config_qwen2_1nodes_8gpus_per_node_85GB_bf16_bsz128_[fsdp_ckpt_off].json,0294c28f6d1e312e970c785c10f0511877496be7a103e87c4592cd2c1f587b37,11,0,1,4,1,1,2,False,ddp,8,128,64,1.0,True,4,0,False
qwen3_14b_4k,common,completed,/opt/hbv/trainir-h20-experiments/20260927-v1/runs/qwen3_14b_4k/galvatron/common/01,/opt/hbv/trainir-h20-experiments/20260927-v1/runs/qwen3_14b_4k/galvatron/common/01/selected/galvatron_config_qwen2_1nodes_8gpus_per_node_85GB_bf16_bsz128_[fsdp_ckpt_off].json,0294c28f6d1e312e970c785c10f0511877496be7a103e87c4592cd2c1f587b37,12,0,1,4,1,1,2,False,ddp,8,128,64,1.0,True,4,0,False
qwen3_14b_4k,common,completed,/opt/hbv/trainir-h20-experiments/20260927-v1/runs/qwen3_14b_4k/galvatron/common/01,/opt/hbv/trainir-h20-experiments/20260927-v1/runs/qwen3_14b_4k/galvatron/common/01/selected/galvatron_config_qwen2_1nodes_8gpus_per_node_85GB_bf16_bsz128_[fsdp_ckpt_off].json,0294c28f6d1e312e970c785c10f0511877496be7a103e87c4592cd2c1f587b37,13,0,1,4,1,1,2,False,ddp,8,128,64,1.0,True,4,0,False
qwen3_14b_4k,common,completed,/opt/hbv/trainir-h20-experiments/20260927-v1/runs/qwen3_14b_4k/galvatron/common/01,/opt/hbv/trainir-h20-experiments/20260927-v1/runs/qwen3_14b_4k/galvatron/common/01/selected/galvatron_config_qwen2_1nodes_8gpus_per_node_85GB_bf16_bsz128_[fsdp_ckpt_off].json,0294c28f6d1e312e970c785c10f0511877496be7a103e87c4592cd2c1f587b37,14,0,1,4,1,1,2,False,ddp,8,128,64,1.0,True,4,0,False
qwen3_14b_4k,common,completed,/opt/hbv/trainir-h20-experiments/20260927-v1/runs/qwen3_14b_4k/galvatron/common/01,/opt/hbv/trainir-h20-experiments/20260927-v1/runs/qwen3_14b_4k/galvatron/common/01/selected/galvatron_config_qwen2_1nodes_8gpus_per_node_85GB_bf16_bsz128_[fsdp_ckpt_off].json,0294c28f6d1e312e970c785c10f0511877496be7a103e87c4592cd2c1f587b37,15,0,1,4,1,1,2,False,ddp,8,128,64,1.0,True,4,0,False
qwen3_14b_4k,common,completed,/opt/hbv/trainir-h20-experiments/20260927-v1/runs/qwen3_14b_4k/galvatron/common/01,/opt/hbv/trainir-h20-experiments/20260927-v1/runs/qwen3_14b_4k/galvatron/common/01/selected/galvatron_config_qwen2_1nodes_8gpus_per_node_85GB_bf16_bsz128_[fsdp_ckpt_off].json,0294c28f6d1e312e970c785c10f0511877496be7a103e87c4592cd2c1f587b37,16,0,1,4,1,1,2,False,ddp,8,128,64,1.0,True,4,0,False
qwen3_14b_4k,common,completed,/opt/hbv/trainir-h20-experiments/20260927-v1/runs/qwen3_14b_4k/galvatron/common/01,/opt/hbv/trainir-h20-experiments/20260927-v1/runs/qwen3_14b_4k/galvatron/common/01/selected/galvatron_config_qwen2_1nodes_8gpus_per_node_85GB_bf16_bsz128_[fsdp_ckpt_off].json,0294c28f6d1e312e970c785c10f0511877496be7a103e87c4592cd2c1f587b37,17,0,1,4,1,1,2,False,ddp,8,128,64,1.0,True,4,0,False
qwen3_14b_4k,common,completed,/opt/hbv/trainir-h20-experiments/20260927-v1/runs/qwen3_14b_4k/galvatron/common/01,/opt/hbv/trainir-h20-experiments/20260927-v1/runs/qwen3_14b_4k/galvatron/common/01/selected/galvatron_config_qwen2_1nodes_8gpus_per_node_85GB_bf16_bsz128_[fsdp_ckpt_off].json,0294c28f6d1e312e970c785c10f0511877496be7a103e87c4592cd2c1f587b37,18,0,1,4,1,1,2,False,ddp,8,128,64,1.0,True,4,0,False
qwen3_14b_4k,common,completed,/opt/hbv/trainir-h20-experiments/20260927-v1/runs/qwen3_14b_4k/galvatron/common/01,/opt/hbv/trainir-h20-experiments/20260927-v1/runs/qwen3_14b_4k/galvatron/common/01/selected/galvatron_config_qwen2_1nodes_8gpus_per_node_85GB_bf16_bsz128_[fsdp_ckpt_off].json,0294c28f6d1e312e970c785c10f0511877496be7a103e87c4592cd2c1f587b37,19,0,1,4,1,1,2,False,ddp,8,128,64,1.0,True,4,0,False
qwen3_14b_4k,common,completed,/opt/hbv/trainir-h20-experiments/20260927-v1/runs/qwen3_14b_4k/galvatron/common/01,/opt/hbv/trainir-h20-experiments/20260927-v1/runs/qwen3_14b_4k/galvatron/common/01/selected/galvatron_config_qwen2_1nodes_8gpus_per_node_85GB_bf16_bsz128_[fsdp_ckpt_off].json,0294c28f6d1e312e970c785c10f0511877496be7a103e87c4592cd2c1f587b37,20,0,1,4,1,1,2,False,ddp,8,128,64,1.0,True,4,0,False
qwen3_14b_4k,common,completed,/opt/hbv/trainir-h20-experiments/20260927-v1/runs/qwen3_14b_4k/galvatron/common/01,/opt/hbv/trainir-h20-experiments/20260927-v1/runs/qwen3_14b_4k/galvatron/common/01/selected/galvatron_config_qwen2_1nodes_8gpus_per_node_85GB_bf16_bsz128_[fsdp_ckpt_off].json,0294c28f6d1e312e970c785c10f0511877496be7a103e87c4592cd2c1f587b37,21,0,1,4,1,1,2,False,ddp,8,128,64,1.0,True,4,0,False
qwen3_14b_4k,common,completed,/opt/hbv/trainir-h20-experiments/20260927-v1/runs/qwen3_14b_4k/galvatron/common/01,/opt/hbv/trainir-h20-experiments/20260927-v1/runs/qwen3_14b_4k/galvatron/common/01/selected/galvatron_config_qwen2_1nodes_8gpus_per_node_85GB_bf16_bsz128_[fsdp_ckpt_off].json,0294c28f6d1e312e970c785c10f0511877496be7a103e87c4592cd2c1f587b37,22,0,1,4,1,1,2,False,ddp,8,128,64,1.0,True,4,0,False
qwen3_14b_4k,common,completed,/opt/hbv/trainir-h20-experiments/20260927-v1/runs/qwen3_14b_4k/galvatron/common/01,/opt/hbv/trainir-h20-experiments/20260927-v1/runs/qwen3_14b_4k/galvatron/common/01/selected/galvatron_config_qwen2_1nodes_8gpus_per_node_85GB_bf16_bsz128_[fsdp_ckpt_off].json,0294c28f6d1e312e970c785c10f0511877496be7a103e87c4592cd2c1f587b37,23,0,1,4,1,1,2,False,ddp,8,128,64,1.0,True,4,0,False
qwen3_14b_4k,common,completed,/opt/hbv/trainir-h20-experiments/20260927-v1/runs/qwen3_14b_4k/galvatron/common/01,/opt/hbv/trainir-h20-experiments/20260927-v1/runs/qwen3_14b_4k/galvatron/common/01/selected/galvatron_config_qwen2_1nodes_8gpus_per_node_85GB_bf16_bsz128_[fsdp_ckpt_off].json,0294c28f6d1e312e970c785c10f0511877496be7a103e87c4592cd2c1f587b37,24,0,1,4,1,1,2,False,ddp,8,128,64,1.0,True,4,0,False
qwen3_14b_4k,common,completed,/opt/hbv/trainir-h20-experiments/20260927-v1/runs/qwen3_14b_4k/galvatron/common/01,/opt/hbv/trainir-h20-experiments/20260927-v1/runs/qwen3_14b_4k/galvatron/common/01/selected/galvatron_config_qwen2_1nodes_8gpus_per_node_85GB_bf16_bsz128_[fsdp_ckpt_off].json,0294c28f6d1e312e970c785c10f0511877496be7a103e87c4592cd2c1f587b37,25,0,1,4,1,1,2,False,ddp,8,128,64,1.0,True,4,0,False
qwen3_14b_4k,common,completed,/opt/hbv/trainir-h20-experiments/20260927-v1/runs/qwen3_14b_4k/galvatron/common/01,/opt/hbv/trainir-h20-experiments/20260927-v1/runs/qwen3_14b_4k/galvatron/common/01/selected/galvatron_config_qwen2_1nodes_8gpus_per_node_85GB_bf16_bsz128_[fsdp_ckpt_off].json,0294c28f6d1e312e970c785c10f0511877496be7a103e87c4592cd2c1f587b37,26,0,1,4,1,1,2,False,ddp,8,128,64,1.0,True,4,0,False
qwen3_14b_4k,common,completed,/opt/hbv/trainir-h20-experiments/20260927-v1/runs/qwen3_14b_4k/galvatron/common/01,/opt/hbv/trainir-h20-experiments/20260927-v1/runs/qwen3_14b_4k/galvatron/common/01/selected/galvatron_config_qwen2_1nodes_8gpus_per_node_85GB_bf16_bsz128_[fsdp_ckpt_off].json,0294c28f6d1e312e970c785c10f0511877496be7a103e87c4592cd2c1f587b37,27,0,1,4,1,1,2,False,ddp,8,128,64,1.0,True,4,0,False
qwen3_14b_4k,common,completed,/opt/hbv/trainir-h20-experiments/20260927-v1/runs/qwen3_14b_4k/galvatron/common/01,/opt/hbv/trainir-h20-experiments/20260927-v1/runs/qwen3_14b_4k/galvatron/common/01/selected/galvatron_config_qwen2_1nodes_8gpus_per_node_85GB_bf16_bsz128_[fsdp_ckpt_off].json,0294c28f6d1e312e970c785c10f0511877496be7a103e87c4592cd2c1f587b37,28,0,1,4,1,1,2,False,ddp,8,128,64,1.0,True,4,0,False
qwen3_14b_4k,common,completed,/opt/hbv/trainir-h20-experiments/20260927-v1/runs/qwen3_14b_4k/galvatron/common/01,/opt/hbv/trainir-h20-experiments/20260927-v1/runs/qwen3_14b_4k/galvatron/common/01/selected/galvatron_config_qwen2_1nodes_8gpus_per_node_85GB_bf16_bsz128_[fsdp_ckpt_off].json,0294c28f6d1e312e970c785c10f0511877496be7a103e87c4592cd2c1f587b37,29,0,1,4,1,1,2,False,ddp,8,128,64,1.0,True,4,0,False
qwen3_14b_4k,common,completed,/opt/hbv/trainir-h20-experiments/20260927-v1/runs/qwen3_14b_4k/galvatron/common/01,/opt/hbv/trainir-h20-experiments/20260927-v1/runs/qwen3_14b_4k/galvatron/common/01/selected/galvatron_config_qwen2_1nodes_8gpus_per_node_85GB_bf16_bsz128_[fsdp_ckpt_off].json,0294c28f6d1e312e970c785c10f0511877496be7a103e87c4592cd2c1f587b37,30,0,1,4,1,1,2,False,ddp,8,128,64,1.0,True,4,0,False
qwen3_14b_4k,common,completed,/opt/hbv/trainir-h20-experiments/20260927-v1/runs/qwen3_14b_4k/galvatron/common/01,/opt/hbv/trainir-h20-experiments/20260927-v1/runs/qwen3_14b_4k/galvatron/common/01/selected/galvatron_config_qwen2_1nodes_8gpus_per_node_85GB_bf16_bsz128_[fsdp_ckpt_off].json,0294c28f6d1e312e970c785c10f0511877496be7a103e87c4592cd2c1f587b37,31,0,1,4,1,1,2,False,ddp,8,128,64,1.0,True,4,0,False
qwen3_14b_4k,common,completed,/opt/hbv/trainir-h20-experiments/20260927-v1/runs/qwen3_14b_4k/galvatron/common/01,/opt/hbv/trainir-h20-experiments/20260927-v1/runs/qwen3_14b_4k/galvatron/common/01/selected/galvatron_config_qwen2_1nodes_8gpus_per_node_85GB_bf16_bsz128_[fsdp_ckpt_off].json,0294c28f6d1e312e970c785c10f0511877496be7a103e87c4592cd2c1f587b37,32,0,1,4,1,1,2,False,ddp,8,128,64,1.0,True,4,0,False
qwen3_14b_4k,common,completed,/opt/hbv/trainir-h20-experiments/20260927-v1/runs/qwen3_14b_4k/galvatron/common/01,/opt/hbv/trainir-h20-experiments/20260927-v1/runs/qwen3_14b_4k/galvatron/common/01/selected/galvatron_config_qwen2_1nodes_8gpus_per_node_85GB_bf16_bsz128_[fsdp_ckpt_off].json,0294c28f6d1e312e970c785c10f0511877496be7a103e87c4592cd2c1f587b37,33,0,1,4,1,1,2,False,ddp,8,128,64,1.0,True,4,0,False
qwen3_14b_4k,common,completed,/opt/hbv/trainir-h20-experiments/20260927-v1/runs/qwen3_14b_4k/galvatron/common/01,/opt/hbv/trainir-h20-experiments/20260927-v1/runs/qwen3_14b_4k/galvatron/common/01/selected/galvatron_config_qwen2_1nodes_8gpus_per_node_85GB_bf16_bsz128_[fsdp_ckpt_off].json,0294c28f6d1e312e970c785c10f0511877496be7a103e87c4592cd2c1f587b37,34,0,1,4,1,1,2,False,ddp,8,128,64,1.0,True,4,0,False
qwen3_14b_4k,common,completed,/opt/hbv/trainir-h20-experiments/20260927-v1/runs/qwen3_14b_4k/galvatron/common/01,/opt/hbv/trainir-h20-experiments/20260927-v1/runs/qwen3_14b_4k/galvatron/common/01/selected/galvatron_config_qwen2_1nodes_8gpus_per_node_85GB_bf16_bsz128_[fsdp_ckpt_off].json,0294c28f6d1e312e970c785c10f0511877496be7a103e87c4592cd2c1f587b37,35,0,1,4,1,1,2,False,ddp,8,128,64,1.0,True,4,0,False
qwen3_14b_4k,common,completed,/opt/hbv/trainir-h20-experiments/20260927-v1/runs/qwen3_14b_4k/galvatron/common/01,/opt/hbv/trainir-h20-experiments/20260927-v1/runs/qwen3_14b_4k/galvatron/common/01/selected/galvatron_config_qwen2_1nodes_8gpus_per_node_85GB_bf16_bsz128_[fsdp_ckpt_off].json,0294c28f6d1e312e970c785c10f0511877496be7a103e87c4592cd2c1f587b37,36,0,1,4,1,1,2,False,ddp,8,128,64,1.0,True,4,0,False
qwen3_14b_4k,common,completed,/opt/hbv/trainir-h20-experiments/20260927-v1/runs/qwen3_14b_4k/galvatron/common/01,/opt/hbv/trainir-h20-experiments/20260927-v1/runs/qwen3_14b_4k/galvatron/common/01/selected/galvatron_config_qwen2_1nodes_8gpus_per_node_85GB_bf16_bsz128_[fsdp_ckpt_off].json,0294c28f6d1e312e970c785c10f0511877496be7a103e87c4592cd2c1f587b37,37,0,1,4,1,1,2,False,ddp,8,128,64,1.0,True,4,0,False
qwen3_14b_4k,common,completed,/opt/hbv/trainir-h20-experiments/20260927-v1/runs/qwen3_14b_4k/galvatron/common/01,/opt/hbv/trainir-h20-experiments/20260927-v1/runs/qwen3_14b_4k/galvatron/common/01/selected/galvatron_config_qwen2_1nodes_8gpus_per_node_85GB_bf16_bsz128_[fsdp_ckpt_off].json,0294c28f6d1e312e970c785c10f0511877496be7a103e87c4592cd2c1f587b37,38,0,1,4,1,1,2,False,ddp,8,128,64,1.0,True,4,0,False
qwen3_14b_4k,common,completed,/opt/hbv/trainir-h20-experiments/20260927-v1/runs/qwen3_14b_4k/galvatron/common/01,/opt/hbv/trainir-h20-experiments/20260927-v1/runs/qwen3_14b_4k/galvatron/common/01/selected/galvatron_config_qwen2_1nodes_8gpus_per_node_85GB_bf16_bsz128_[fsdp_ckpt_off].json,0294c28f6d1e312e970c785c10f0511877496be7a103e87c4592cd2c1f587b37,39,0,1,4,1,1,2,False,ddp,8,128,64,1.0,True,4,0,False
qwen3_14b_4k,full,completed,/opt/hbv/trainir-h20-experiments/20260927-v1/runs/qwen3_14b_4k/galvatron/full/01,/opt/hbv/trainir-h20-experiments/20260927-v1/runs/qwen3_14b_4k/galvatron/full/01/selected/galvatron_config_qwen2_1nodes_8gpus_per_node_85GB_bf16_bsz128.json,dca3f097d25f6b864c0a9185a7053c1621454215b54b84e9ea877b0b842fea90,0,0,2,2,1,1,2,False,zero3,8,128,64,1.0,True,2,1,True
qwen3_14b_4k,full,completed,/opt/hbv/trainir-h20-experiments/20260927-v1/runs/qwen3_14b_4k/galvatron/full/01,/opt/hbv/trainir-h20-experiments/20260927-v1/runs/qwen3_14b_4k/galvatron/full/01/selected/galvatron_config_qwen2_1nodes_8gpus_per_node_85GB_bf16_bsz128.json,dca3f097d25f6b864c0a9185a7053c1621454215b54b84e9ea877b0b842fea90,1,0,2,2,1,1,2,False,zero3,8,128,64,1.0,True,2,1,True
qwen3_14b_4k,full,completed,/opt/hbv/trainir-h20-experiments/20260927-v1/runs/qwen3_14b_4k/galvatron/full/01,/opt/hbv/trainir-h20-experiments/20260927-v1/runs/qwen3_14b_4k/galvatron/full/01/selected/galvatron_config_qwen2_1nodes_8gpus_per_node_85GB_bf16_bsz128.json,dca3f097d25f6b864c0a9185a7053c1621454215b54b84e9ea877b0b842fea90,2,0,2,2,1,1,2,False,zero3,8,128,64,1.0,True,2,1,True
qwen3_14b_4k,full,completed,/opt/hbv/trainir-h20-experiments/20260927-v1/runs/qwen3_14b_4k/galvatron/full/01,/opt/hbv/trainir-h20-experiments/20260927-v1/runs/qwen3_14b_4k/galvatron/full/01/selected/galvatron_config_qwen2_1nodes_8gpus_per_node_85GB_bf16_bsz128.json,dca3f097d25f6b864c0a9185a7053c1621454215b54b84e9ea877b0b842fea90,3,0,2,2,1,1,2,False,zero3,8,128,64,1.0,True,2,1,True
qwen3_14b_4k,full,completed,/opt/hbv/trainir-h20-experiments/20260927-v1/runs/qwen3_14b_4k/galvatron/full/01,/opt/hbv/trainir-h20-experiments/20260927-v1/runs/qwen3_14b_4k/galvatron/full/01/selected/galvatron_config_qwen2_1nodes_8gpus_per_node_85GB_bf16_bsz128.json,dca3f097d25f6b864c0a9185a7053c1621454215b54b84e9ea877b0b842fea90,4,0,2,2,1,1,2,False,ddp,8,128,64,1.0,True,2,1,True
qwen3_14b_4k,full,completed,/opt/hbv/trainir-h20-experiments/20260927-v1/runs/qwen3_14b_4k/galvatron/full/01,/opt/hbv/trainir-h20-experiments/20260927-v1/runs/qwen3_14b_4k/galvatron/full/01/selected/galvatron_config_qwen2_1nodes_8gpus_per_node_85GB_bf16_bsz128.json,dca3f097d25f6b864c0a9185a7053c1621454215b54b84e9ea877b0b842fea90,5,0,2,2,1,1,2,False,ddp,8,128,64,1.0,True,2,1,True
qwen3_14b_4k,full,completed,/opt/hbv/trainir-h20-experiments/20260927-v1/runs/qwen3_14b_4k/galvatron/full/01,/opt/hbv/trainir-h20-experiments/20260927-v1/runs/qwen3_14b_4k/galvatron/full/01/selected/galvatron_config_qwen2_1nodes_8gpus_per_node_85GB_bf16_bsz128.json,dca3f097d25f6b864c0a9185a7053c1621454215b54b84e9ea877b0b842fea90,6,0,2,2,1,1,2,False,ddp,8,128,64,1.0,True,2,1,True
qwen3_14b_4k,full,completed,/opt/hbv/trainir-h20-experiments/20260927-v1/runs/qwen3_14b_4k/galvatron/full/01,/opt/hbv/trainir-h20-experiments/20260927-v1/runs/qwen3_14b_4k/galvatron/full/01/selected/galvatron_config_qwen2_1nodes_8gpus_per_node_85GB_bf16_bsz128.json,dca3f097d25f6b864c0a9185a7053c1621454215b54b84e9ea877b0b842fea90,7,0,2,2,1,1,2,False,ddp,8,128,64,1.0,True,2,1,True
qwen3_14b_4k,full,completed,/opt/hbv/trainir-h20-experiments/20260927-v1/runs/qwen3_14b_4k/galvatron/full/01,/opt/hbv/trainir-h20-experiments/20260927-v1/runs/qwen3_14b_4k/galvatron/full/01/selected/galvatron_config_qwen2_1nodes_8gpus_per_node_85GB_bf16_bsz128.json,dca3f097d25f6b864c0a9185a7053c1621454215b54b84e9ea877b0b842fea90,8,0,2,2,1,1,2,False,ddp,8,128,64,1.0,True,2,1,True
qwen3_14b_4k,full,completed,/opt/hbv/trainir-h20-experiments/20260927-v1/runs/qwen3_14b_4k/galvatron/full/01,/opt/hbv/trainir-h20-experiments/20260927-v1/runs/qwen3_14b_4k/galvatron/full/01/selected/galvatron_config_qwen2_1nodes_8gpus_per_node_85GB_bf16_bsz128.json,dca3f097d25f6b864c0a9185a7053c1621454215b54b84e9ea877b0b842fea90,9,0,2,2,1,1,2,False,ddp,8,128,64,1.0,True,2,1,True
qwen3_14b_4k,full,completed,/opt/hbv/trainir-h20-experiments/20260927-v1/runs/qwen3_14b_4k/galvatron/full/01,/opt/hbv/trainir-h20-experiments/20260927-v1/runs/qwen3_14b_4k/galvatron/full/01/selected/galvatron_config_qwen2_1nodes_8gpus_per_node_85GB_bf16_bsz128.json,dca3f097d25f6b864c0a9185a7053c1621454215b54b84e9ea877b0b842fea90,10,0,2,2,1,1,2,False,ddp,8,128,64,1.0,True,2,1,True
qwen3_14b_4k,full,completed,/opt/hbv/trainir-h20-experiments/20260927-v1/runs/qwen3_14b_4k/galvatron/full/01,/opt/hbv/trainir-h20-experiments/20260927-v1/runs/qwen3_14b_4k/galvatron/full/01/selected/galvatron_config_qwen2_1nodes_8gpus_per_node_85GB_bf16_bsz128.json,dca3f097d25f6b864c0a9185a7053c1621454215b54b84e9ea877b0b842fea90,11,0,2,2,1,1,2,False,ddp,8,128,64,1.0,True,2,1,True
qwen3_14b_4k,full,completed,/opt/hbv/trainir-h20-experiments/20260927-v1/runs/qwen3_14b_4k/galvatron/full/01,/opt/hbv/trainir-h20-experiments/20260927-v1/runs/qwen3_14b_4k/galvatron/full/01/selected/galvatron_config_qwen2_1nodes_8gpus_per_node_85GB_bf16_bsz128.json,dca3f097d25f6b864c0a9185a7053c1621454215b54b84e9ea877b0b842fea90,12,0,2,2,1,1,2,False,ddp,8,128,64,1.0,True,2,1,True
qwen3_14b_4k,full,completed,/opt/hbv/trainir-h20-experiments/20260927-v1/runs/qwen3_14b_4k/galvatron/full/01,/opt/hbv/trainir-h20-experiments/20260927-v1/runs/qwen3_14b_4k/galvatron/full/01/selected/galvatron_config_qwen2_1nodes_8gpus_per_node_85GB_bf16_bsz128.json,dca3f097d25f6b864c0a9185a7053c1621454215b54b84e9ea877b0b842fea90,13,0,2,2,1,1,2,False,ddp,8,128,64,1.0,True,2,1,True
qwen3_14b_4k,full,completed,/opt/hbv/trainir-h20-experiments/20260927-v1/runs/qwen3_14b_4k/galvatron/full/01,/opt/hbv/trainir-h20-experiments/20260927-v1/runs/qwen3_14b_4k/galvatron/full/01/selected/galvatron_config_qwen2_1nodes_8gpus_per_node_85GB_bf16_bsz128.json,dca3f097d25f6b864c0a9185a7053c1621454215b54b84e9ea877b0b842fea90,14,0,2,2,1,1,2,False,ddp,8,128,64,1.0,True,2,1,True
qwen3_14b_4k,full,completed,/opt/hbv/trainir-h20-experiments/20260927-v1/runs/qwen3_14b_4k/galvatron/full/01,/opt/hbv/trainir-h20-experiments/20260927-v1/runs/qwen3_14b_4k/galvatron/full/01/selected/galvatron_config_qwen2_1nodes_8gpus_per_node_85GB_bf16_bsz128.json,dca3f097d25f6b864c0a9185a7053c1621454215b54b84e9ea877b0b842fea90,15,0,2,2,1,1,2,False,ddp,8,128,64,1.0,True,2,1,True
qwen3_14b_4k,full,completed,/opt/hbv/trainir-h20-experiments/20260927-v1/runs/qwen3_14b_4k/galvatron/full/01,/opt/hbv/trainir-h20-experiments/20260927-v1/runs/qwen3_14b_4k/galvatron/full/01/selected/galvatron_config_qwen2_1nodes_8gpus_per_node_85GB_bf16_bsz128.json,dca3f097d25f6b864c0a9185a7053c1621454215b54b84e9ea877b0b842fea90,16,0,2,2,1,1,2,False,ddp,8,128,64,1.0,True,2,1,True
qwen3_14b_4k,full,completed,/opt/hbv/trainir-h20-experiments/20260927-v1/runs/qwen3_14b_4k/galvatron/full/01,/opt/hbv/trainir-h20-experiments/20260927-v1/runs/qwen3_14b_4k/galvatron/full/01/selected/galvatron_config_qwen2_1nodes_8gpus_per_node_85GB_bf16_bsz128.json,dca3f097d25f6b864c0a9185a7053c1621454215b54b84e9ea877b0b842fea90,17,0,2,2,1,1,2,False,ddp,8,128,64,1.0,True,2,1,True
qwen3_14b_4k,full,completed,/opt/hbv/trainir-h20-experiments/20260927-v1/runs/qwen3_14b_4k/galvatron/full/01,/opt/hbv/trainir-h20-experiments/20260927-v1/runs/qwen3_14b_4k/galvatron/full/01/selected/galvatron_config_qwen2_1nodes_8gpus_per_node_85GB_bf16_bsz128.json,dca3f097d25f6b864c0a9185a7053c1621454215b54b84e9ea877b0b842fea90,18,0,2,2,1,1,2,False,ddp,8,128,64,1.0,True,2,1,True
qwen3_14b_4k,full,completed,/opt/hbv/trainir-h20-experiments/20260927-v1/runs/qwen3_14b_4k/galvatron/full/01,/opt/hbv/trainir-h20-experiments/20260927-v1/runs/qwen3_14b_4k/galvatron/full/01/selected/galvatron_config_qwen2_1nodes_8gpus_per_node_85GB_bf16_bsz128.json,dca3f097d25f6b864c0a9185a7053c1621454215b54b84e9ea877b0b842fea90,19,0,2,2,1,1,2,False,ddp,8,128,64,1.0,True,2,1,True
qwen3_14b_4k,full,completed,/opt/hbv/trainir-h20-experiments/20260927-v1/runs/qwen3_14b_4k/galvatron/full/01,/opt/hbv/trainir-h20-experiments/20260927-v1/runs/qwen3_14b_4k/galvatron/full/01/selected/galvatron_config_qwen2_1nodes_8gpus_per_node_85GB_bf16_bsz128.json,dca3f097d25f6b864c0a9185a7053c1621454215b54b84e9ea877b0b842fea90,20,1,2,2,1,1,2,False,ddp,8,128,64,1.0,True,2,1,True
qwen3_14b_4k,full,completed,/opt/hbv/trainir-h20-experiments/20260927-v1/runs/qwen3_14b_4k/galvatron/full/01,/opt/hbv/trainir-h20-experiments/20260927-v1/runs/qwen3_14b_4k/galvatron/full/01/selected/galvatron_config_qwen2_1nodes_8gpus_per_node_85GB_bf16_bsz128.json,dca3f097d25f6b864c0a9185a7053c1621454215b54b84e9ea877b0b842fea90,21,1,2,2,1,1,2,False,ddp,8,128,64,1.0,True,2,1,True
qwen3_14b_4k,full,completed,/opt/hbv/trainir-h20-experiments/20260927-v1/runs/qwen3_14b_4k/galvatron/full/01,/opt/hbv/trainir-h20-experiments/20260927-v1/runs/qwen3_14b_4k/galvatron/full/01/selected/galvatron_config_qwen2_1nodes_8gpus_per_node_85GB_bf16_bsz128.json,dca3f097d25f6b864c0a9185a7053c1621454215b54b84e9ea877b0b842fea90,22,1,2,2,1,1,2,False,ddp,8,128,64,1.0,True,2,1,True
qwen3_14b_4k,full,completed,/opt/hbv/trainir-h20-experiments/20260927-v1/runs/qwen3_14b_4k/galvatron/full/01,/opt/hbv/trainir-h20-experiments/20260927-v1/runs/qwen3_14b_4k/galvatron/full/01/selected/galvatron_config_qwen2_1nodes_8gpus_per_node_85GB_bf16_bsz128.json,dca3f097d25f6b864c0a9185a7053c1621454215b54b84e9ea877b0b842fea90,23,1,2,2,1,1,2,False,ddp,8,128,64,1.0,True,2,1,True
qwen3_14b_4k,full,completed,/opt/hbv/trainir-h20-experiments/20260927-v1/runs/qwen3_14b_4k/galvatron/full/01,/opt/hbv/trainir-h20-experiments/20260927-v1/runs/qwen3_14b_4k/galvatron/full/01/selected/galvatron_config_qwen2_1nodes_8gpus_per_node_85GB_bf16_bsz128.json,dca3f097d25f6b864c0a9185a7053c1621454215b54b84e9ea877b0b842fea90,24,1,2,2,1,1,2,False,ddp,8,128,64,1.0,True,2,1,True
qwen3_14b_4k,full,completed,/opt/hbv/trainir-h20-experiments/20260927-v1/runs/qwen3_14b_4k/galvatron/full/01,/opt/hbv/trainir-h20-experiments/20260927-v1/runs/qwen3_14b_4k/galvatron/full/01/selected/galvatron_config_qwen2_1nodes_8gpus_per_node_85GB_bf16_bsz128.json,dca3f097d25f6b864c0a9185a7053c1621454215b54b84e9ea877b0b842fea90,25,1,2,2,1,1,2,False,ddp,8,128,64,1.0,True,2,1,True
qwen3_14b_4k,full,completed,/opt/hbv/trainir-h20-experiments/20260927-v1/runs/qwen3_14b_4k/galvatron/full/01,/opt/hbv/trainir-h20-experiments/20260927-v1/runs/qwen3_14b_4k/galvatron/full/01/selected/galvatron_config_qwen2_1nodes_8gpus_per_node_85GB_bf16_bsz128.json,dca3f097d25f6b864c0a9185a7053c1621454215b54b84e9ea877b0b842fea90,26,1,2,2,1,1,2,False,ddp,8,128,64,1.0,True,2,1,True
qwen3_14b_4k,full,completed,/opt/hbv/trainir-h20-experiments/20260927-v1/runs/qwen3_14b_4k/galvatron/full/01,/opt/hbv/trainir-h20-experiments/20260927-v1/runs/qwen3_14b_4k/galvatron/full/01/selected/galvatron_config_qwen2_1nodes_8gpus_per_node_85GB_bf16_bsz128.json,dca3f097d25f6b864c0a9185a7053c1621454215b54b84e9ea877b0b842fea90,27,1,2,2,1,1,2,False,ddp,8,128,64,1.0,True,2,1,True
qwen3_14b_4k,full,completed,/opt/hbv/trainir-h20-experiments/20260927-v1/runs/qwen3_14b_4k/galvatron/full/01,/opt/hbv/trainir-h20-experiments/20260927-v1/runs/qwen3_14b_4k/galvatron/full/01/selected/galvatron_config_qwen2_1nodes_8gpus_per_node_85GB_bf16_bsz128.json,dca3f097d25f6b864c0a9185a7053c1621454215b54b84e9ea877b0b842fea90,28,1,2,2,1,1,2,False,ddp,8,128,64,1.0,True,2,1,True
qwen3_14b_4k,full,completed,/opt/hbv/trainir-h20-experiments/20260927-v1/runs/qwen3_14b_4k/galvatron/full/01,/opt/hbv/trainir-h20-experiments/20260927-v1/runs/qwen3_14b_4k/galvatron/full/01/selected/galvatron_config_qwen2_1nodes_8gpus_per_node_85GB_bf16_bsz128.json,dca3f097d25f6b864c0a9185a7053c1621454215b54b84e9ea877b0b842fea90,29,1,2,2,1,1,2,False,ddp,8,128,64,1.0,True,2,1,True
qwen3_14b_4k,full,completed,/opt/hbv/trainir-h20-experiments/20260927-v1/runs/qwen3_14b_4k/galvatron/full/01,/opt/hbv/trainir-h20-experiments/20260927-v1/runs/qwen3_14b_4k/galvatron/full/01/selected/galvatron_config_qwen2_1nodes_8gpus_per_node_85GB_bf16_bsz128.json,dca3f097d25f6b864c0a9185a7053c1621454215b54b84e9ea877b0b842fea90,30,1,2,2,1,1,2,False,ddp,8,128,64,1.0,True,2,1,True
qwen3_14b_4k,full,completed,/opt/hbv/trainir-h20-experiments/20260927-v1/runs/qwen3_14b_4k/galvatron/full/01,/opt/hbv/trainir-h20-experiments/20260927-v1/runs/qwen3_14b_4k/galvatron/full/01/selected/galvatron_config_qwen2_1nodes_8gpus_per_node_85GB_bf16_bsz128.json,dca3f097d25f6b864c0a9185a7053c1621454215b54b84e9ea877b0b842fea90,31,1,2,2,1,1,2,False,ddp,8,128,64,1.0,True,2,1,True
qwen3_14b_4k,full,completed,/opt/hbv/trainir-h20-experiments/20260927-v1/runs/qwen3_14b_4k/galvatron/full/01,/opt/hbv/trainir-h20-experiments/20260927-v1/runs/qwen3_14b_4k/galvatron/full/01/selected/galvatron_config_qwen2_1nodes_8gpus_per_node_85GB_bf16_bsz128.json,dca3f097d25f6b864c0a9185a7053c1621454215b54b84e9ea877b0b842fea90,32,1,2,2,1,1,2,False,ddp,8,128,64,1.0,True,2,1,True
qwen3_14b_4k,full,completed,/opt/hbv/trainir-h20-experiments/20260927-v1/runs/qwen3_14b_4k/galvatron/full/01,/opt/hbv/trainir-h20-experiments/20260927-v1/runs/qwen3_14b_4k/galvatron/full/01/selected/galvatron_config_qwen2_1nodes_8gpus_per_node_85GB_bf16_bsz128.json,dca3f097d25f6b864c0a9185a7053c1621454215b54b84e9ea877b0b842fea90,33,1,2,2,1,1,2,False,ddp,8,128,64,1.0,True,2,1,True
qwen3_14b_4k,full,completed,/opt/hbv/trainir-h20-experiments/20260927-v1/runs/qwen3_14b_4k/galvatron/full/01,/opt/hbv/trainir-h20-experiments/20260927-v1/runs/qwen3_14b_4k/galvatron/full/01/selected/galvatron_config_qwen2_1nodes_8gpus_per_node_85GB_bf16_bsz128.json,dca3f097d25f6b864c0a9185a7053c1621454215b54b84e9ea877b0b842fea90,34,1,2,2,1,1,2,False,ddp,8,128,64,1.0,True,2,1,True
qwen3_14b_4k,full,completed,/opt/hbv/trainir-h20-experiments/20260927-v1/runs/qwen3_14b_4k/galvatron/full/01,/opt/hbv/trainir-h20-experiments/20260927-v1/runs/qwen3_14b_4k/galvatron/full/01/selected/galvatron_config_qwen2_1nodes_8gpus_per_node_85GB_bf16_bsz128.json,dca3f097d25f6b864c0a9185a7053c1621454215b54b84e9ea877b0b842fea90,35,1,2,2,1,1,2,False,ddp,8,128,64,1.0,True,2,1,True
qwen3_14b_4k,full,completed,/opt/hbv/trainir-h20-experiments/20260927-v1/runs/qwen3_14b_4k/galvatron/full/01,/opt/hbv/trainir-h20-experiments/20260927-v1/runs/qwen3_14b_4k/galvatron/full/01/selected/galvatron_config_qwen2_1nodes_8gpus_per_node_85GB_bf16_bsz128.json,dca3f097d25f6b864c0a9185a7053c1621454215b54b84e9ea877b0b842fea90,36,1,2,2,1,1,2,False,ddp,8,128,64,1.0,True,2,1,True
qwen3_14b_4k,full,completed,/opt/hbv/trainir-h20-experiments/20260927-v1/runs/qwen3_14b_4k/galvatron/full/01,/opt/hbv/trainir-h20-experiments/20260927-v1/runs/qwen3_14b_4k/galvatron/full/01/selected/galvatron_config_qwen2_1nodes_8gpus_per_node_85GB_bf16_bsz128.json,dca3f097d25f6b864c0a9185a7053c1621454215b54b84e9ea877b0b842fea90,37,1,2,2,1,1,2,False,ddp,8,128,64,1.0,True,2,1,True
qwen3_14b_4k,full,completed,/opt/hbv/trainir-h20-experiments/20260927-v1/runs/qwen3_14b_4k/galvatron/full/01,/opt/hbv/trainir-h20-experiments/20260927-v1/runs/qwen3_14b_4k/galvatron/full/01/selected/galvatron_config_qwen2_1nodes_8gpus_per_node_85GB_bf16_bsz128.json,dca3f097d25f6b864c0a9185a7053c1621454215b54b84e9ea877b0b842fea90,38,1,2,2,1,1,2,False,ddp,8,128,64,1.0,True,2,1,True
qwen3_14b_4k,full,completed,/opt/hbv/trainir-h20-experiments/20260927-v1/runs/qwen3_14b_4k/galvatron/full/01,/opt/hbv/trainir-h20-experiments/20260927-v1/runs/qwen3_14b_4k/galvatron/full/01/selected/galvatron_config_qwen2_1nodes_8gpus_per_node_85GB_bf16_bsz128.json,dca3f097d25f6b864c0a9185a7053c1621454215b54b84e9ea877b0b842fea90,39,1,2,2,1,1,2,False,ddp,8,128,64,1.0,True,2,1,True
