case,system,space,attempt,run,kind,strategy_candidates,strategy_changed_facts,strategy_affected_analysis_types,analysis_structural_space_requests,analysis_structural_space,analysis_total,structural_candidates,analysis_memory_template_requests,analysis_memory_template,analysis_memory_feasibility_requests,analysis_memory_feasibility,candidates_rejected_memory,memory_template_cache_hits,feasible_candidates,candidate_pool_before_limit,candidate_pool_after_limit,analysis_local_event_requests,analysis_local_event,communication_queries,profile_queries,profile_misses,profile_measurements,profile_hits,analysis_schedule_cost_requests,analysis_schedule_cost,candidates_evaluated,analysis_structural_space_seconds,analysis_memory_template_seconds,analysis_memory_feasibility_seconds,analysis_local_event_seconds,profile_measure_seconds,analysis_schedule_cost_seconds,analysis_structural_space_cache_hit,candidates_rejected_legality,analysis_local_event_cache_hit,analysis_schedule_cost_cache_hit,status,wall_seconds,log_sha256
llama2_13b_4k,devastator,common,01,/opt/hbv/trainir-h20-experiments/20260927-v1/runs/llama2_13b_4k/devastator/common/01,native_operator_profile,1,4,6,1,1,8841,40,4,4,40,40,28,36,12,12,12,8784,8784,7246,4380,75,75,4305,12,12,12,0.0009935218840837479,0.000634518451988697,0.10865790210664272,20.390070183202624,19.711403680965304,20.915610239841044,,,,,,,
llama2_13b_4k,devastator,full,01,/opt/hbv/trainir-h20-experiments/20260927-v1/runs/llama2_13b_4k/devastator/full/01,native_operator_profile,128,156,272,128,4,156576,5760,208,208,5760,5760,3998,5552,1762,1762,1762,745176,149586,130212,68255,272,272,67983,1762,1018,1762,0.08938732463866472,0.03868305590003729,13.83065228909254,127.80601016338915,116.41141705401242,188.6042777420953,124,9984,595590,744,,,
llama2_13b_4k,galvatron,common,01,/opt/hbv/trainir-h20-experiments/20260927-v1/runs/llama2_13b_4k/galvatron/common/01,computation_000,,,,,,,,,,,,,,,,,,,,,,,,,,,,,,,,,,,,,completed,14.806977988220751,d319c3df16b2913f0d9556442a0c97a45be9fbf2e74707e169832bea57d08bbd
llama2_13b_4k,galvatron,common,01,/opt/hbv/trainir-h20-experiments/20260927-v1/runs/llama2_13b_4k/galvatron/common/01,computation_001,,,,,,,,,,,,,,,,,,,,,,,,,,,,,,,,,,,,,completed,16.56369576882571,2f2b1e9027044489ab93c033e52d9983c3e65bed0ff950b305f1618a82f45a77
llama2_13b_4k,galvatron,common,01,/opt/hbv/trainir-h20-experiments/20260927-v1/runs/llama2_13b_4k/galvatron/common/01,memory_000,,,,,,,,,,,,,,,,,,,,,,,,,,,,,,,,,,,,,completed,25.753116264007986,6f7956d285999d7de23ee64e18fe0bf85f89de3210d2bc728a3387bbb5e4bcad
llama2_13b_4k,galvatron,common,01,/opt/hbv/trainir-h20-experiments/20260927-v1/runs/llama2_13b_4k/galvatron/common/01,memory_001,,,,,,,,,,,,,,,,,,,,,,,,,,,,,,,,,,,,,completed,26.425711458548903,7e9650ca9b109682f3f4c03e6fdd450ff99a7bcfb5a66d37eea156e01be511f6
llama2_13b_4k,galvatron,common,01,/opt/hbv/trainir-h20-experiments/20260927-v1/runs/llama2_13b_4k/galvatron/common/01,memory_002,,,,,,,,,,,,,,,,,,,,,,,,,,,,,,,,,,,,,completed,31.38730197120458,03f520d893776c7c8ec203cbe902688635386eb918e75dd4101ab4e7d99b071f
llama2_13b_4k,galvatron,common,01,/opt/hbv/trainir-h20-experiments/20260927-v1/runs/llama2_13b_4k/galvatron/common/01,memory_003,,,,,,,,,,,,,,,,,,,,,,,,,,,,,,,,,,,,,completed,32.648024446330965,5f5ef3837b658b956c05507aaedd6e938e4d4db6f6c98dabbfb679de543b2f30
llama2_13b_4k,galvatron,common,01,/opt/hbv/trainir-h20-experiments/20260927-v1/runs/llama2_13b_4k/galvatron/common/01,memory_004,,,,,,,,,,,,,,,,,,,,,,,,,,,,,,,,,,,,,completed,26.35393779631704,9d20c55b05340ff1bc4d8e1045d42785632b72ab8ccb7cb47b1c06225e0bedba
llama2_13b_4k,galvatron,common,01,/opt/hbv/trainir-h20-experiments/20260927-v1/runs/llama2_13b_4k/galvatron/common/01,memory_005,,,,,,,,,,,,,,,,,,,,,,,,,,,,,,,,,,,,,completed,26.62040077894926,a0c113bd729d3207ce87a36b8f8f87ec8c76200b043d08d6ab97aa0edfe32ab0
llama2_13b_4k,galvatron,common,01,/opt/hbv/trainir-h20-experiments/20260927-v1/runs/llama2_13b_4k/galvatron/common/01,memory_006,,,,,,,,,,,,,,,,,,,,,,,,,,,,,,,,,,,,,completed,32.42124169599265,9fccdcff6cffbfdb91a90bd57c49bdcc9d2bdf619308e042be5d12a1dadf780a
llama2_13b_4k,galvatron,common,01,/opt/hbv/trainir-h20-experiments/20260927-v1/runs/llama2_13b_4k/galvatron/common/01,memory_007,,,,,,,,,,,,,,,,,,,,,,,,,,,,,,,,,,,,,completed,32.31671531125903,fca1c34f7b5045d254cd31286c734c8f89bdd979965824dd303de47161bcc9a8
llama2_13b_4k,galvatron,common,01,/opt/hbv/trainir-h20-experiments/20260927-v1/runs/llama2_13b_4k/galvatron/common/01,memory_008,,,,,,,,,,,,,,,,,,,,,,,,,,,,,,,,,,,,,completed,25.68631157744676,43e8c6a9cb0cf02e043859c2bba58587dc0abcb40711608635b3ed84fc4c95e0
llama2_13b_4k,galvatron,common,01,/opt/hbv/trainir-h20-experiments/20260927-v1/runs/llama2_13b_4k/galvatron/common/01,memory_009,,,,,,,,,,,,,,,,,,,,,,,,,,,,,,,,,,,,,completed,26.091559091582894,1840da3dac0cbe4507458dceb8e9677cabf643cba6c36a8a7cef03eb46b2c1e0
llama2_13b_4k,galvatron,common,01,/opt/hbv/trainir-h20-experiments/20260927-v1/runs/llama2_13b_4k/galvatron/common/01,memory_010,,,,,,,,,,,,,,,,,,,,,,,,,,,,,,,,,,,,,completed,31.77944427356124,9312e430cfe03aace70266e232c11770f82138b429178c82adecc4413d76ea75
llama2_13b_4k,galvatron,common,01,/opt/hbv/trainir-h20-experiments/20260927-v1/runs/llama2_13b_4k/galvatron/common/01,memory_011,,,,,,,,,,,,,,,,,,,,,,,,,,,,,,,,,,,,,completed,32.69233030080795,2e0ba8d695af62fbf422b52605d752772f469e2bc93df4083cd8ec032175f3d2
llama2_13b_4k,galvatron,common,01,/opt/hbv/trainir-h20-experiments/20260927-v1/runs/llama2_13b_4k/galvatron/common/01,memory_012,,,,,,,,,,,,,,,,,,,,,,,,,,,,,,,,,,,,,completed,24.012687505222857,5a6cf913cbf2c7313b89b5e821ad803edce6d8d1f20cb8f2b0bf7b5de6860134
llama2_13b_4k,galvatron,common,01,/opt/hbv/trainir-h20-experiments/20260927-v1/runs/llama2_13b_4k/galvatron/common/01,memory_013,,,,,,,,,,,,,,,,,,,,,,,,,,,,,,,,,,,,,completed,25.20734572596848,a4725f73e3305befbb2ff38cd613ed46ecff09a24651aa4ac9b854ddd220a9b4
llama2_13b_4k,galvatron,common,01,/opt/hbv/trainir-h20-experiments/20260927-v1/runs/llama2_13b_4k/galvatron/common/01,memory_014,,,,,,,,,,,,,,,,,,,,,,,,,,,,,,,,,,,,,completed,25.47924990672618,2c3763a17bb461cae79dc53a9fb33e5127bc97eb134d0410b5990c4396f09df4
llama2_13b_4k,galvatron,common,01,/opt/hbv/trainir-h20-experiments/20260927-v1/runs/llama2_13b_4k/galvatron/common/01,memory_015,,,,,,,,,,,,,,,,,,,,,,,,,,,,,,,,,,,,,completed,27.091461560688913,c74cc2e434d79a06ada6d80c8e7d37168b5f2806a9c4f9b7409442c810feae79
llama2_13b_4k,galvatron,common,01,/opt/hbv/trainir-h20-experiments/20260927-v1/runs/llama2_13b_4k/galvatron/common/01,memory_016,,,,,,,,,,,,,,,,,,,,,,,,,,,,,,,,,,,,,completed,29.0366667592898,d8741ece6c586b9153be193c307d093e4c982b894596278ba060e483ebbd6a47
llama2_13b_4k,galvatron,common,01,/opt/hbv/trainir-h20-experiments/20260927-v1/runs/llama2_13b_4k/galvatron/common/01,memory_017,,,,,,,,,,,,,,,,,,,,,,,,,,,,,,,,,,,,,completed,33.89196117129177,100bd6c70d1806d815ef4306d3fca14998907c8b37e9c4b9ac3ecfc8b319240f
llama2_13b_4k,galvatron,common,01,/opt/hbv/trainir-h20-experiments/20260927-v1/runs/llama2_13b_4k/galvatron/common/01,memory_018,,,,,,,,,,,,,,,,,,,,,,,,,,,,,,,,,,,,,completed,29.009819944389164,7105b091c26217a86541cb86370011aa69b393cd461d32e8f9dfa0b11e5a3fd3
llama2_13b_4k,galvatron,common,01,/opt/hbv/trainir-h20-experiments/20260927-v1/runs/llama2_13b_4k/galvatron/common/01,memory_019,,,,,,,,,,,,,,,,,,,,,,,,,,,,,,,,,,,,,completed,33.85542740672827,0bda6be1edd403c8c6055e1b94eeff960b6c6fe4ebd4945c6895fed5f9dec1ad
llama2_13b_4k,galvatron,common,01,/opt/hbv/trainir-h20-experiments/20260927-v1/runs/llama2_13b_4k/galvatron/common/01,memory_020,,,,,,,,,,,,,,,,,,,,,,,,,,,,,,,,,,,,,completed,29.02101052366197,d7e586f658c5bd52107f03d56bd24d53542a039a8606b49167b1dabb9e048971
llama2_13b_4k,galvatron,common,01,/opt/hbv/trainir-h20-experiments/20260927-v1/runs/llama2_13b_4k/galvatron/common/01,memory_021,,,,,,,,,,,,,,,,,,,,,,,,,,,,,,,,,,,,,completed,37.71906518004835,528d3427f83bac3b5406cc57a2d299dba3c9f6a6ac8aecf50c8c7a9f462705a5
llama2_13b_4k,galvatron,common,01,/opt/hbv/trainir-h20-experiments/20260927-v1/runs/llama2_13b_4k/galvatron/common/01,memory_022,,,,,,,,,,,,,,,,,,,,,,,,,,,,,,,,,,,,,completed,41.3105855807662,7b1bd5929027e71850dded5987e4ea1b14bde7093f40fab152c667df21169eed
llama2_13b_4k,galvatron,common,01,/opt/hbv/trainir-h20-experiments/20260927-v1/runs/llama2_13b_4k/galvatron/common/01,memory_023,,,,,,,,,,,,,,,,,,,,,,,,,,,,,,,,,,,,,completed,37.91264970507473,f38c2d42a23098cd6bf984d23cd8aac13de740136d8e6329b0a09a03e877c1e7
llama2_13b_4k,galvatron,full,01,/opt/hbv/trainir-h20-experiments/20260927-v1/runs/llama2_13b_4k/galvatron/full/01,computation_000,,,,,,,,,,,,,,,,,,,,,,,,,,,,,,,,,,,,,completed,16.663530725054443,c0b610de53cf69ac10b70fe24688d66cae1597755efad274fab620b10eaba2b3
llama2_13b_4k,galvatron,full,01,/opt/hbv/trainir-h20-experiments/20260927-v1/runs/llama2_13b_4k/galvatron/full/01,computation_001,,,,,,,,,,,,,,,,,,,,,,,,,,,,,,,,,,,,,completed,17.110606553032994,ffdf4655cfab9159258e00073010457398d911244d115688fcfa24fad8b00162
llama2_13b_4k,galvatron,full,01,/opt/hbv/trainir-h20-experiments/20260927-v1/runs/llama2_13b_4k/galvatron/full/01,memory_000,,,,,,,,,,,,,,,,,,,,,,,,,,,,,,,,,,,,,completed,26.141653368249536,00b267cca5708da2f80de78f074d3f35833d8e4e2828c5f80d79b5f291d93a69
llama2_13b_4k,galvatron,full,01,/opt/hbv/trainir-h20-experiments/20260927-v1/runs/llama2_13b_4k/galvatron/full/01,memory_001,,,,,,,,,,,,,,,,,,,,,,,,,,,,,,,,,,,,,completed,26.305245383642614,1ae4edb18cf8cabbc78319c4cf277d89cc69c30897d5abd194f46162543d536f
llama2_13b_4k,galvatron,full,01,/opt/hbv/trainir-h20-experiments/20260927-v1/runs/llama2_13b_4k/galvatron/full/01,memory_002,,,,,,,,,,,,,,,,,,,,,,,,,,,,,,,,,,,,,completed,32.28302823100239,0a7e5881d339af6d06dcfc49ea9ad076613045f8bdf7da32631942b13af9baf6
llama2_13b_4k,galvatron,full,01,/opt/hbv/trainir-h20-experiments/20260927-v1/runs/llama2_13b_4k/galvatron/full/01,memory_003,,,,,,,,,,,,,,,,,,,,,,,,,,,,,,,,,,,,,completed,32.11693388968706,9157c60b394afb3b337f152a2dd89fd91f8aa503f497591aacd2a5c32fb819d4
llama2_13b_4k,galvatron,full,01,/opt/hbv/trainir-h20-experiments/20260927-v1/runs/llama2_13b_4k/galvatron/full/01,memory_004,,,,,,,,,,,,,,,,,,,,,,,,,,,,,,,,,,,,,completed,27.33460000436753,8d85d9b85c4a201a6439fc3066fd00ded6328ecc405887e557dbf41d09b4af9f
llama2_13b_4k,galvatron,full,01,/opt/hbv/trainir-h20-experiments/20260927-v1/runs/llama2_13b_4k/galvatron/full/01,memory_005,,,,,,,,,,,,,,,,,,,,,,,,,,,,,,,,,,,,,completed,27.87173500470817,5e753d57f590ded0a89bb4fef8183b1b66eb3b32ed0138b3f5d48d663f246564
llama2_13b_4k,galvatron,full,01,/opt/hbv/trainir-h20-experiments/20260927-v1/runs/llama2_13b_4k/galvatron/full/01,memory_006,,,,,,,,,,,,,,,,,,,,,,,,,,,,,,,,,,,,,completed,32.31153889093548,3d8562262621feaeee90e5f6cb1843da2dafc1fa7eccc3e2eea8ce0f21ef2361
llama2_13b_4k,galvatron,full,01,/opt/hbv/trainir-h20-experiments/20260927-v1/runs/llama2_13b_4k/galvatron/full/01,memory_007,,,,,,,,,,,,,,,,,,,,,,,,,,,,,,,,,,,,,completed,33.688553283922374,13c4200fdd9f3463a36c12cf78293766a2799d952ab8c789ac80a7c28e5e1ed8
llama2_13b_4k,galvatron,full,01,/opt/hbv/trainir-h20-experiments/20260927-v1/runs/llama2_13b_4k/galvatron/full/01,memory_008,,,,,,,,,,,,,,,,,,,,,,,,,,,,,,,,,,,,,completed,26.513926470652223,f8619829c9a123a9ea85db37f07253e7f1805821ee318094c2a2cb061e256f04
llama2_13b_4k,galvatron,full,01,/opt/hbv/trainir-h20-experiments/20260927-v1/runs/llama2_13b_4k/galvatron/full/01,memory_009,,,,,,,,,,,,,,,,,,,,,,,,,,,,,,,,,,,,,completed,26.21498008724302,502c4f8908916ca754d26e355ab5644199d4b485bad0047eb5dd108992928e86
llama2_13b_4k,galvatron,full,01,/opt/hbv/trainir-h20-experiments/20260927-v1/runs/llama2_13b_4k/galvatron/full/01,memory_010,,,,,,,,,,,,,,,,,,,,,,,,,,,,,,,,,,,,,completed,34.60645976476371,8fc3546da9afde083e67bc88f3a39542f3c9353c56fbae62f77bd6854b29f01d
llama2_13b_4k,galvatron,full,01,/opt/hbv/trainir-h20-experiments/20260927-v1/runs/llama2_13b_4k/galvatron/full/01,memory_011,,,,,,,,,,,,,,,,,,,,,,,,,,,,,,,,,,,,,completed,33.0817183572799,5b553b1feec5d077da3b4b4e78d464d36e6622f0172c64a95d65865c547c4e56
llama2_13b_4k,galvatron,full,01,/opt/hbv/trainir-h20-experiments/20260927-v1/runs/llama2_13b_4k/galvatron/full/01,memory_012,,,,,,,,,,,,,,,,,,,,,,,,,,,,,,,,,,,,,completed,25.25967695284635,5c31767cbf748df16db390712a0235782323c0f0f494c331169512ebc01f4dba
llama2_13b_4k,galvatron,full,01,/opt/hbv/trainir-h20-experiments/20260927-v1/runs/llama2_13b_4k/galvatron/full/01,memory_013,,,,,,,,,,,,,,,,,,,,,,,,,,,,,,,,,,,,,completed,25.02939890138805,635c99516ff2bcc771b9b07baf2a91e1ac166e25bb0d38dd76e6a6da85764fe3
llama2_13b_4k,galvatron,full,01,/opt/hbv/trainir-h20-experiments/20260927-v1/runs/llama2_13b_4k/galvatron/full/01,memory_014,,,,,,,,,,,,,,,,,,,,,,,,,,,,,,,,,,,,,completed,26.046561940573156,4d025f60ccec668874ad797e2a4edd94814d1427b63180bb1204dadb6be6c59a
llama2_13b_4k,galvatron,full,01,/opt/hbv/trainir-h20-experiments/20260927-v1/runs/llama2_13b_4k/galvatron/full/01,memory_015,,,,,,,,,,,,,,,,,,,,,,,,,,,,,,,,,,,,,completed,27.018100799061358,4f4486555de941babf7d34d5912c64c4b648119adf2804ea8b5c48531edb3b5f
llama2_13b_4k,galvatron,full,01,/opt/hbv/trainir-h20-experiments/20260927-v1/runs/llama2_13b_4k/galvatron/full/01,memory_016,,,,,,,,,,,,,,,,,,,,,,,,,,,,,,,,,,,,,completed,30.00428498815745,fcea9a4124189a8bfe18ca7bc81a90e76f522c67eb78b617b0dc90bf49bfeda4
llama2_13b_4k,galvatron,full,01,/opt/hbv/trainir-h20-experiments/20260927-v1/runs/llama2_13b_4k/galvatron/full/01,memory_017,,,,,,,,,,,,,,,,,,,,,,,,,,,,,,,,,,,,,completed,35.30347731523216,9c7a85c85daa433345319408dacb2d6a9f697bb5e68e76d7dd67ade270058546
llama2_13b_4k,galvatron,full,01,/opt/hbv/trainir-h20-experiments/20260927-v1/runs/llama2_13b_4k/galvatron/full/01,memory_018,,,,,,,,,,,,,,,,,,,,,,,,,,,,,,,,,,,,,completed,29.655451168306172,fce67590ce8a5527972786ad74cdb90449a5bc7cf60ab91203abba756f7c46a9
llama2_13b_4k,galvatron,full,01,/opt/hbv/trainir-h20-experiments/20260927-v1/runs/llama2_13b_4k/galvatron/full/01,memory_019,,,,,,,,,,,,,,,,,,,,,,,,,,,,,,,,,,,,,completed,34.39487671293318,548694d23a46b2298e1b602485c8bd73ca1b30818d2589c929c199bef7d1ca2d
llama2_13b_4k,galvatron,full,01,/opt/hbv/trainir-h20-experiments/20260927-v1/runs/llama2_13b_4k/galvatron/full/01,memory_020,,,,,,,,,,,,,,,,,,,,,,,,,,,,,,,,,,,,,completed,29.658685829490423,6d14f8b0be606eac30ea5331ca88639f48bed3ea7cfef1e45f4f58cc05c8541b
llama2_13b_4k,galvatron,full,01,/opt/hbv/trainir-h20-experiments/20260927-v1/runs/llama2_13b_4k/galvatron/full/01,memory_021,,,,,,,,,,,,,,,,,,,,,,,,,,,,,,,,,,,,,completed,38.312524668872356,f40c6418e565ec1b815113826c92a28a9375f4f2da74b6b35a88e3dd9ae7fb7d
llama2_13b_4k,galvatron,full,01,/opt/hbv/trainir-h20-experiments/20260927-v1/runs/llama2_13b_4k/galvatron/full/01,memory_022,,,,,,,,,,,,,,,,,,,,,,,,,,,,,,,,,,,,,completed,41.53265502490103,0a1a2f54a5458dbc0d000a74453f7ac2b3b35225bbf95a7336db6eb88d3d2586
llama2_13b_4k,galvatron,full,01,/opt/hbv/trainir-h20-experiments/20260927-v1/runs/llama2_13b_4k/galvatron/full/01,memory_023,,,,,,,,,,,,,,,,,,,,,,,,,,,,,,,,,,,,,completed,38.77154219523072,42e6f5eeed9c50e9ae8364a605c7ca254a690879d240d61e104babe061bc83d2
llama2_7b_4k,devastator,common,01,/opt/hbv/trainir-h20-experiments/20260927-v1/runs/llama2_7b_4k/devastator/common/01,native_operator_profile,1,4,6,1,1,14181,40,4,4,40,40,16,36,24,24,24,14112,14112,10126,7032,107,107,6925,24,24,24,0.0007164394482970238,0.0006227176636457443,0.08352125622332096,34.050118771381676,32.981598996557295,35.092074224725366,,,,,,,
llama2_7b_4k,devastator,full,01,/opt/hbv/trainir-h20-experiments/20260927-v1/runs/llama2_7b_4k/devastator/full/01,native_operator_profile,72,93,156,72,3,223331,4272,156,156,4272,4272,1044,4116,3228,3228,3228,1004892,217191,166310,100792,390,390,100402,3228,1709,3228,0.05664852820336819,0.026497927494347095,8.195911285467446,160.98355164472014,144.54451655130833,221.69474034942687,69,5808,787701,1519,,,
llama2_7b_4k,galvatron,common,01,/opt/hbv/trainir-h20-experiments/20260927-v1/runs/llama2_7b_4k/galvatron/common/01,computation_000,,,,,,,,,,,,,,,,,,,,,,,,,,,,,,,,,,,,,completed,15.408052436076105,33ab54a81a08a30ae039a027c9d0fea2e5a17426ec2848c7c7f9d6dc158e0b0f
llama2_7b_4k,galvatron,common,01,/opt/hbv/trainir-h20-experiments/20260927-v1/runs/llama2_7b_4k/galvatron/common/01,computation_001,,,,,,,,,,,,,,,,,,,,,,,,,,,,,,,,,,,,,completed,15.421656115911901,6256f5ce27a940409b27f3e0e3f6097672bc7b1d6ca6219b00ee2b71d54a0ad4
llama2_7b_4k,galvatron,common,01,/opt/hbv/trainir-h20-experiments/20260927-v1/runs/llama2_7b_4k/galvatron/common/01,memory_000,,,,,,,,,,,,,,,,,,,,,,,,,,,,,,,,,,,,,completed,26.14351889770478,583ac9f36830dfd70fc74405e48976afb7f61b3c5d4d07539ab6e71252f76fee
llama2_7b_4k,galvatron,common,01,/opt/hbv/trainir-h20-experiments/20260927-v1/runs/llama2_7b_4k/galvatron/common/01,memory_001,,,,,,,,,,,,,,,,,,,,,,,,,,,,,,,,,,,,,completed,26.654819667339325,2effc3dbe741d731c7c8037bdb7d3ba3b98a64f22ce7d2773a4eae5c1ce6ab38
llama2_7b_4k,galvatron,common,01,/opt/hbv/trainir-h20-experiments/20260927-v1/runs/llama2_7b_4k/galvatron/common/01,memory_002,,,,,,,,,,,,,,,,,,,,,,,,,,,,,,,,,,,,,completed,32.60043721552938,3a7e475063099d69ec52c5c01cc0481cd0366dc55f0920cac7931087577f08a7
llama2_7b_4k,galvatron,common,01,/opt/hbv/trainir-h20-experiments/20260927-v1/runs/llama2_7b_4k/galvatron/common/01,memory_003,,,,,,,,,,,,,,,,,,,,,,,,,,,,,,,,,,,,,completed,32.23543725349009,ee529f999f7315d82a0fde8febdea287bbd83480f99ba0dde340b655e290cf84
llama2_7b_4k,galvatron,common,01,/opt/hbv/trainir-h20-experiments/20260927-v1/runs/llama2_7b_4k/galvatron/common/01,memory_004,,,,,,,,,,,,,,,,,,,,,,,,,,,,,,,,,,,,,completed,26.464905564673245,3217e9d7db2bd4e0a8518e6a3bd68dc22b613b0a573e24047a9d8db505a5245d
llama2_7b_4k,galvatron,common,01,/opt/hbv/trainir-h20-experiments/20260927-v1/runs/llama2_7b_4k/galvatron/common/01,memory_005,,,,,,,,,,,,,,,,,,,,,,,,,,,,,,,,,,,,,completed,26.915102133527398,d260a5c7e62d8f5f5f48d07d0b1c8548ef03f0daf3341244efe5b502e4988a88
llama2_7b_4k,galvatron,common,01,/opt/hbv/trainir-h20-experiments/20260927-v1/runs/llama2_7b_4k/galvatron/common/01,memory_006,,,,,,,,,,,,,,,,,,,,,,,,,,,,,,,,,,,,,completed,32.21056848950684,d8fc5b3ff900ce232bbe54a56cc7139ea2bb9eef2f015f9d923324d3265813c8
llama2_7b_4k,galvatron,common,01,/opt/hbv/trainir-h20-experiments/20260927-v1/runs/llama2_7b_4k/galvatron/common/01,memory_007,,,,,,,,,,,,,,,,,,,,,,,,,,,,,,,,,,,,,completed,32.4960311204195,ed11cd160ed5077400958bfdb16b61ed8971fe28065a78617fd5d4506b396e97
llama2_7b_4k,galvatron,common,01,/opt/hbv/trainir-h20-experiments/20260927-v1/runs/llama2_7b_4k/galvatron/common/01,memory_008,,,,,,,,,,,,,,,,,,,,,,,,,,,,,,,,,,,,,completed,26.208900316618383,1763cbccca4eaddbdb18fa9705444d75a2d897e705c0a0a5919a94e8fb230489
llama2_7b_4k,galvatron,common,01,/opt/hbv/trainir-h20-experiments/20260927-v1/runs/llama2_7b_4k/galvatron/common/01,memory_009,,,,,,,,,,,,,,,,,,,,,,,,,,,,,,,,,,,,,completed,26.1512932786718,011a32a7211d13cd616f4bd52566ed3f6dd4eb1956067eb513a29cf0cbab6eef
llama2_7b_4k,galvatron,common,01,/opt/hbv/trainir-h20-experiments/20260927-v1/runs/llama2_7b_4k/galvatron/common/01,memory_010,,,,,,,,,,,,,,,,,,,,,,,,,,,,,,,,,,,,,completed,31.496765734627843,25aa259b46773511bbd00754a1995bc40bd84036b48683b17ca27284f0373082
llama2_7b_4k,galvatron,common,01,/opt/hbv/trainir-h20-experiments/20260927-v1/runs/llama2_7b_4k/galvatron/common/01,memory_011,,,,,,,,,,,,,,,,,,,,,,,,,,,,,,,,,,,,,completed,31.4551708009094,221e04c9dc42f03a9092e6278c7acec66fe2188927231a80b13363092b59de6a
llama2_7b_4k,galvatron,common,01,/opt/hbv/trainir-h20-experiments/20260927-v1/runs/llama2_7b_4k/galvatron/common/01,memory_012,,,,,,,,,,,,,,,,,,,,,,,,,,,,,,,,,,,,,completed,24.610524466261268,8bf5b4792d39f71d1fa6940d2298d6898769b8e147e1e78e11f1c6e258422e53
llama2_7b_4k,galvatron,common,01,/opt/hbv/trainir-h20-experiments/20260927-v1/runs/llama2_7b_4k/galvatron/common/01,memory_013,,,,,,,,,,,,,,,,,,,,,,,,,,,,,,,,,,,,,completed,25.07285366859287,adfb9699a4acfba632197ed1f005f0906bda89bf7018ec81bc65c0f577f87e84
llama2_7b_4k,galvatron,common,01,/opt/hbv/trainir-h20-experiments/20260927-v1/runs/llama2_7b_4k/galvatron/common/01,memory_014,,,,,,,,,,,,,,,,,,,,,,,,,,,,,,,,,,,,,completed,25.161166035570204,221201bceb1a9de3f5291063241462c5fd2f1b752ca771643d77d04795484d14
llama2_7b_4k,galvatron,common,01,/opt/hbv/trainir-h20-experiments/20260927-v1/runs/llama2_7b_4k/galvatron/common/01,memory_015,,,,,,,,,,,,,,,,,,,,,,,,,,,,,,,,,,,,,completed,25.6985102891922,70be363e77866383ce124604ccd2f0d8d5d290a1c1ac071839f7e058907114a4
llama2_7b_4k,galvatron,common,01,/opt/hbv/trainir-h20-experiments/20260927-v1/runs/llama2_7b_4k/galvatron/common/01,memory_016,,,,,,,,,,,,,,,,,,,,,,,,,,,,,,,,,,,,,completed,28.421775709837675,59a99794ec8a3dc2d62d41fcefed3ba6b76a673c13b5f12eac84c85cc35ccb81
llama2_7b_4k,galvatron,common,01,/opt/hbv/trainir-h20-experiments/20260927-v1/runs/llama2_7b_4k/galvatron/common/01,memory_017,,,,,,,,,,,,,,,,,,,,,,,,,,,,,,,,,,,,,completed,33.16941639315337,03756127c0b6e59263877e08a31e2011e4bc3923de8eb01d11915eb63cf9e567
llama2_7b_4k,galvatron,common,01,/opt/hbv/trainir-h20-experiments/20260927-v1/runs/llama2_7b_4k/galvatron/common/01,memory_018,,,,,,,,,,,,,,,,,,,,,,,,,,,,,,,,,,,,,completed,28.488207693211734,775c4d3f74f034f76097489cf4c4e0e33efd0211cfd1e2b43e5df45a4475747a
llama2_7b_4k,galvatron,common,01,/opt/hbv/trainir-h20-experiments/20260927-v1/runs/llama2_7b_4k/galvatron/common/01,memory_019,,,,,,,,,,,,,,,,,,,,,,,,,,,,,,,,,,,,,completed,32.84776485245675,50fa08bfa14e7264442f16253cdc3ab9e9f0c8e39f6a5be88a51d7722b727940
llama2_7b_4k,galvatron,common,01,/opt/hbv/trainir-h20-experiments/20260927-v1/runs/llama2_7b_4k/galvatron/common/01,memory_020,,,,,,,,,,,,,,,,,,,,,,,,,,,,,,,,,,,,,completed,28.329664668999612,925140ffcbed7eee3636018c8104140b81d784995b2188407a23fdaca98e88e3
llama2_7b_4k,galvatron,common,01,/opt/hbv/trainir-h20-experiments/20260927-v1/runs/llama2_7b_4k/galvatron/common/01,memory_021,,,,,,,,,,,,,,,,,,,,,,,,,,,,,,,,,,,,,completed,35.304015533067286,d8adde5cd9cb9b4f00976c878a88b56aba09deef92c5f70e7c18c6b0e8baa5e1
llama2_7b_4k,galvatron,common,01,/opt/hbv/trainir-h20-experiments/20260927-v1/runs/llama2_7b_4k/galvatron/common/01,memory_022,,,,,,,,,,,,,,,,,,,,,,,,,,,,,,,,,,,,,completed,37.70065810531378,06548df0b7a5520cdc2ddfbeb5018b46f8c77823012e8c6c96cec1b8574bfa6c
llama2_7b_4k,galvatron,common,01,/opt/hbv/trainir-h20-experiments/20260927-v1/runs/llama2_7b_4k/galvatron/common/01,memory_023,,,,,,,,,,,,,,,,,,,,,,,,,,,,,,,,,,,,,completed,34.97633206471801,fc0d4bf4ad68c99df86741a93aa53f803aef25b7a316583157c41f3e6d807496
llama2_7b_4k,galvatron,full,01,/opt/hbv/trainir-h20-experiments/20260927-v1/runs/llama2_7b_4k/galvatron/full/01,computation_000,,,,,,,,,,,,,,,,,,,,,,,,,,,,,,,,,,,,,completed,15.878004983067513,e6c832e25525910753792c72f133576dde70a159fb94a367f344d247ce5f4b83
llama2_7b_4k,galvatron,full,01,/opt/hbv/trainir-h20-experiments/20260927-v1/runs/llama2_7b_4k/galvatron/full/01,computation_001,,,,,,,,,,,,,,,,,,,,,,,,,,,,,,,,,,,,,completed,16.550272190012038,1c754c0f876d2b1aa64903e048f1a5f112a4db94ef5d526bb2d7630c8b656c62
llama2_7b_4k,galvatron,full,01,/opt/hbv/trainir-h20-experiments/20260927-v1/runs/llama2_7b_4k/galvatron/full/01,memory_000,,,,,,,,,,,,,,,,,,,,,,,,,,,,,,,,,,,,,completed,26.148207428865135,98de1b204d0173d7b2fcdd304f27fcd3134d11275eef04a277ee8c101a9b6112
llama2_7b_4k,galvatron,full,01,/opt/hbv/trainir-h20-experiments/20260927-v1/runs/llama2_7b_4k/galvatron/full/01,memory_001,,,,,,,,,,,,,,,,,,,,,,,,,,,,,,,,,,,,,completed,26.354596422053874,17d54a1604c4333bb13897261e0c27133e93eff34b7db33bda204798664ec54d
llama2_7b_4k,galvatron,full,01,/opt/hbv/trainir-h20-experiments/20260927-v1/runs/llama2_7b_4k/galvatron/full/01,memory_002,,,,,,,,,,,,,,,,,,,,,,,,,,,,,,,,,,,,,completed,31.285520755685866,57bd6d101ac3e94d75b190564e666a8be09a0313b046cd755d9c63e04e17af73
llama2_7b_4k,galvatron,full,01,/opt/hbv/trainir-h20-experiments/20260927-v1/runs/llama2_7b_4k/galvatron/full/01,memory_003,,,,,,,,,,,,,,,,,,,,,,,,,,,,,,,,,,,,,completed,32.519640418700874,c8e606152962d3d5f508f8ab11c40203824542212c5a0baa26186b9a1ca54725
llama2_7b_4k,galvatron,full,01,/opt/hbv/trainir-h20-experiments/20260927-v1/runs/llama2_7b_4k/galvatron/full/01,memory_004,,,,,,,,,,,,,,,,,,,,,,,,,,,,,,,,,,,,,completed,26.551802310161293,ebf2e066f62d1a071b26db4ec1fa8088ef660dd14ca676192dfffb83d795b6ee
llama2_7b_4k,galvatron,full,01,/opt/hbv/trainir-h20-experiments/20260927-v1/runs/llama2_7b_4k/galvatron/full/01,memory_005,,,,,,,,,,,,,,,,,,,,,,,,,,,,,,,,,,,,,completed,27.007514976896346,1920045b97cde85c6273d62b709ec519500a75750d7228d8da16ec5ae36f0075
llama2_7b_4k,galvatron,full,01,/opt/hbv/trainir-h20-experiments/20260927-v1/runs/llama2_7b_4k/galvatron/full/01,memory_006,,,,,,,,,,,,,,,,,,,,,,,,,,,,,,,,,,,,,completed,32.17658441700041,03e1cc5e2192e63de1e9de90fb8bacc8106367b69017f1546406e6fa6878e024
llama2_7b_4k,galvatron,full,01,/opt/hbv/trainir-h20-experiments/20260927-v1/runs/llama2_7b_4k/galvatron/full/01,memory_007,,,,,,,,,,,,,,,,,,,,,,,,,,,,,,,,,,,,,completed,31.637501490302384,63a2d7c41561f5159c1ca37e2facb3cad993cb1e97117a201957b2a002b7d304
llama2_7b_4k,galvatron,full,01,/opt/hbv/trainir-h20-experiments/20260927-v1/runs/llama2_7b_4k/galvatron/full/01,memory_008,,,,,,,,,,,,,,,,,,,,,,,,,,,,,,,,,,,,,completed,26.214338464662433,a924fcc21d84dbf404f94dd8b306951e6ef02b7103efbcc933b8a43b3504c7bd
llama2_7b_4k,galvatron,full,01,/opt/hbv/trainir-h20-experiments/20260927-v1/runs/llama2_7b_4k/galvatron/full/01,memory_009,,,,,,,,,,,,,,,,,,,,,,,,,,,,,,,,,,,,,completed,26.67042926326394,eca817e899957bd09a9692fd10bd493c948a0b2d8078defa6b709827c126c1c7
llama2_7b_4k,galvatron,full,01,/opt/hbv/trainir-h20-experiments/20260927-v1/runs/llama2_7b_4k/galvatron/full/01,memory_010,,,,,,,,,,,,,,,,,,,,,,,,,,,,,,,,,,,,,completed,31.996542773209512,7b9f7eb9670a759bb35c61f2ea6216fe8adf3fbea7cd8255cccfef7e68eee709
llama2_7b_4k,galvatron,full,01,/opt/hbv/trainir-h20-experiments/20260927-v1/runs/llama2_7b_4k/galvatron/full/01,memory_011,,,,,,,,,,,,,,,,,,,,,,,,,,,,,,,,,,,,,completed,31.88957704231143,2fb780a1b88abcf1e928c9926459d513f9eff5a4e54c6f4b83b58e342aa69a76
llama2_7b_4k,galvatron,full,01,/opt/hbv/trainir-h20-experiments/20260927-v1/runs/llama2_7b_4k/galvatron/full/01,memory_012,,,,,,,,,,,,,,,,,,,,,,,,,,,,,,,,,,,,,completed,25.273651905357838,0e3ea1cfb79990a9bb0b254e48c6d1cd9358514606fac923d9464e9805ff00d8
llama2_7b_4k,galvatron,full,01,/opt/hbv/trainir-h20-experiments/20260927-v1/runs/llama2_7b_4k/galvatron/full/01,memory_013,,,,,,,,,,,,,,,,,,,,,,,,,,,,,,,,,,,,,completed,25.244618016295135,61bbe2edf03d0d6d64ed85d54164a88ab1b823b700a2ba8b54ab75cbda32ff5a
llama2_7b_4k,galvatron,full,01,/opt/hbv/trainir-h20-experiments/20260927-v1/runs/llama2_7b_4k/galvatron/full/01,memory_014,,,,,,,,,,,,,,,,,,,,,,,,,,,,,,,,,,,,,completed,26.040785073302686,4ecd98641e5d8657fbfae77d160cd7491b843909f4cc81320affafa045376195
llama2_7b_4k,galvatron,full,01,/opt/hbv/trainir-h20-experiments/20260927-v1/runs/llama2_7b_4k/galvatron/full/01,memory_015,,,,,,,,,,,,,,,,,,,,,,,,,,,,,,,,,,,,,completed,26.418513673357666,4c30dd0dbba03bd4c2ac02d448be29542ea661ec8c5c39dcb941b07520b349cb
llama2_7b_4k,galvatron,full,01,/opt/hbv/trainir-h20-experiments/20260927-v1/runs/llama2_7b_4k/galvatron/full/01,memory_016,,,,,,,,,,,,,,,,,,,,,,,,,,,,,,,,,,,,,completed,28.736130273900926,7c7653e5d99083d93f596391c99ad04a26dfa9a6bcf204d836d0e77d399b1e7c
llama2_7b_4k,galvatron,full,01,/opt/hbv/trainir-h20-experiments/20260927-v1/runs/llama2_7b_4k/galvatron/full/01,memory_017,,,,,,,,,,,,,,,,,,,,,,,,,,,,,,,,,,,,,completed,33.53855414316058,6562cda0c4af1e6cf9cc3e8e8b03d2585ea36017220d0dd68f4154e46e84a51a
llama2_7b_4k,galvatron,full,01,/opt/hbv/trainir-h20-experiments/20260927-v1/runs/llama2_7b_4k/galvatron/full/01,memory_018,,,,,,,,,,,,,,,,,,,,,,,,,,,,,,,,,,,,,completed,29.248839184641838,fcf0e149e3da77a7a28a5f236b744e96205411c8bb448418c6e56f7a33a0d642
llama2_7b_4k,galvatron,full,01,/opt/hbv/trainir-h20-experiments/20260927-v1/runs/llama2_7b_4k/galvatron/full/01,memory_019,,,,,,,,,,,,,,,,,,,,,,,,,,,,,,,,,,,,,completed,34.12382464017719,675cf0f44af8c03f4db6a3bbbdf1c86faf88ee427f8be7af5eb054de097835a0
llama2_7b_4k,galvatron,full,01,/opt/hbv/trainir-h20-experiments/20260927-v1/runs/llama2_7b_4k/galvatron/full/01,memory_020,,,,,,,,,,,,,,,,,,,,,,,,,,,,,,,,,,,,,completed,29.06477248482406,79169999130d2c7a7c29b57afbb94afaeb5796d1923eda9dcd9e95cf3f048e51
llama2_7b_4k,galvatron,full,01,/opt/hbv/trainir-h20-experiments/20260927-v1/runs/llama2_7b_4k/galvatron/full/01,memory_021,,,,,,,,,,,,,,,,,,,,,,,,,,,,,,,,,,,,,completed,36.03630781080574,610dc9ab60edf977e1f49eafe42ff18599e4e2044d347831b6af94f4214372df
llama2_7b_4k,galvatron,full,01,/opt/hbv/trainir-h20-experiments/20260927-v1/runs/llama2_7b_4k/galvatron/full/01,memory_022,,,,,,,,,,,,,,,,,,,,,,,,,,,,,,,,,,,,,completed,38.44759661145508,017abd612d03342094735eb00b5bcc97c38fc4689443a35c8fa1a18519ef5f29
llama2_7b_4k,galvatron,full,01,/opt/hbv/trainir-h20-experiments/20260927-v1/runs/llama2_7b_4k/galvatron/full/01,memory_023,,,,,,,,,,,,,,,,,,,,,,,,,,,,,,,,,,,,,completed,36.44533667806536,72ad07dbbfd03f97d514756a43214783f22d0bde5d23954d8e446dd0e041ca3d
llama3_8b_8k,devastator,common,01,/opt/hbv/trainir-h20-experiments/20260927-v1/runs/llama3_8b_8k/devastator/common/01,native_operator_profile,1,4,6,1,1,7702,40,4,4,40,40,27,36,13,13,13,7644,7644,5862,3809,68,68,3741,13,13,13,0.00046545639634132385,0.0005311593413352966,0.0829527210444212,64.390536387451,63.79703527968377,64.80314195714891,,,,,,,
llama3_8b_8k,devastator,full,01,/opt/hbv/trainir-h20-experiments/20260927-v1/runs/llama3_8b_8k/devastator/full/01,native_operator_profile,72,93,156,72,3,123237,4272,156,156,4272,4272,2760,4116,1512,1512,1512,486864,117978,97948,54791,266,266,54525,1512,828,1512,0.056587488390505314,0.026440835557878017,8.178533307276666,247.7426364151761,238.51723966840655,274.0686264075339,69,5808,368886,684,,,
llama3_8b_8k,galvatron,common,01,/opt/hbv/trainir-h20-experiments/20260927-v1/runs/llama3_8b_8k/galvatron/common/01,computation_000,,,,,,,,,,,,,,,,,,,,,,,,,,,,,,,,,,,,,completed,18.943142616190016,e7283b1cf9f0bde11205d5d8921b5a2b8419332519ea5519f42a2b222f27f5d5
llama3_8b_8k,galvatron,common,01,/opt/hbv/trainir-h20-experiments/20260927-v1/runs/llama3_8b_8k/galvatron/common/01,computation_001,,,,,,,,,,,,,,,,,,,,,,,,,,,,,,,,,,,,,completed,19.924422007985413,0f2f4d4ec6720a2754e1101d6ecffa515424be9382b629019733576cdfe5aa1e
llama3_8b_8k,galvatron,common,01,/opt/hbv/trainir-h20-experiments/20260927-v1/runs/llama3_8b_8k/galvatron/common/01,memory_000,,,,,,,,,,,,,,,,,,,,,,,,,,,,,,,,,,,,,completed,38.46713999658823,3d122ee8be40d94588939b4134e3949e44ac714e869492148c3fe0acb2a8eb06
llama3_8b_8k,galvatron,common,01,/opt/hbv/trainir-h20-experiments/20260927-v1/runs/llama3_8b_8k/galvatron/common/01,memory_001,,,,,,,,,,,,,,,,,,,,,,,,,,,,,,,,,,,,,completed,38.80626835953444,145b9fb534cfd153c601e4bffc199dd146a8646b3f1b98c6afdf420616939cad
llama3_8b_8k,galvatron,common,01,/opt/hbv/trainir-h20-experiments/20260927-v1/runs/llama3_8b_8k/galvatron/common/01,memory_002,,,,,,,,,,,,,,,,,,,,,,,,,,,,,,,,,,,,,completed,44.599171644076705,04cd2729892e52a51e0eacb8777cf7c5240f7815ff6ed19a91ea75eef94b1a64
llama3_8b_8k,galvatron,common,01,/opt/hbv/trainir-h20-experiments/20260927-v1/runs/llama3_8b_8k/galvatron/common/01,memory_003,,,,,,,,,,,,,,,,,,,,,,,,,,,,,,,,,,,,,completed,44.49822114594281,ca5a33e0e343fd18641ecc5fe1a32bff59f02880263c81e875d5d08a93cd0472
llama3_8b_8k,galvatron,common,01,/opt/hbv/trainir-h20-experiments/20260927-v1/runs/llama3_8b_8k/galvatron/common/01,memory_004,,,,,,,,,,,,,,,,,,,,,,,,,,,,,,,,,,,,,completed,36.94607177749276,1db03d1a75c326810707ed787b23f8fc4c8cc2c6b42d0c0eb6e5764c24820075
llama3_8b_8k,galvatron,common,01,/opt/hbv/trainir-h20-experiments/20260927-v1/runs/llama3_8b_8k/galvatron/common/01,memory_005,,,,,,,,,,,,,,,,,,,,,,,,,,,,,,,,,,,,,completed,39.83808636944741,bad6df30fa51553e5e9c6a81372371cf0d182ebabe3fecb2bcca265c82b624a9
llama3_8b_8k,galvatron,common,01,/opt/hbv/trainir-h20-experiments/20260927-v1/runs/llama3_8b_8k/galvatron/common/01,memory_006,,,,,,,,,,,,,,,,,,,,,,,,,,,,,,,,,,,,,completed,44.20015110820532,467e532636c6778bc1cd1e3e1e6ad951bcab0b24cc71dd2ab5b62380454bec6a
llama3_8b_8k,galvatron,common,01,/opt/hbv/trainir-h20-experiments/20260927-v1/runs/llama3_8b_8k/galvatron/common/01,memory_007,,,,,,,,,,,,,,,,,,,,,,,,,,,,,,,,,,,,,completed,45.66418346390128,d885d270316ccafd70dfb8af7cb0132a27942203746bb635dc43c663d5cdd4f3
llama3_8b_8k,galvatron,common,01,/opt/hbv/trainir-h20-experiments/20260927-v1/runs/llama3_8b_8k/galvatron/common/01,memory_008,,,,,,,,,,,,,,,,,,,,,,,,,,,,,,,,,,,,,completed,52.05184495728463,84cde32a98e62272a37e959e452ca3307fa804fa5de9728c8e6fb99cce1f6202
llama3_8b_8k,galvatron,common,01,/opt/hbv/trainir-h20-experiments/20260927-v1/runs/llama3_8b_8k/galvatron/common/01,memory_009,,,,,,,,,,,,,,,,,,,,,,,,,,,,,,,,,,,,,completed,50.828823884017766,9faf62c4b0a4d05fdeb1002ae341febd3058d4f01ae767b8e3d486bb195772f7
llama3_8b_8k,galvatron,common,01,/opt/hbv/trainir-h20-experiments/20260927-v1/runs/llama3_8b_8k/galvatron/common/01,memory_010,,,,,,,,,,,,,,,,,,,,,,,,,,,,,,,,,,,,,completed,45.45523623377085,fa34a4a6f5e072870a3ce80978893f47482d37e70dad59dc93ae0255e15bbfb4
llama3_8b_8k,galvatron,common,01,/opt/hbv/trainir-h20-experiments/20260927-v1/runs/llama3_8b_8k/galvatron/common/01,memory_011,,,,,,,,,,,,,,,,,,,,,,,,,,,,,,,,,,,,,completed,43.170876890420914,76d0fd27064479a48a5c1963eec81336c7006297def76a5eab9131ad5a0bec44
llama3_8b_8k,galvatron,common,01,/opt/hbv/trainir-h20-experiments/20260927-v1/runs/llama3_8b_8k/galvatron/common/01,memory_012,,,,,,,,,,,,,,,,,,,,,,,,,,,,,,,,,,,,,completed,51.97300457209349,0c7180e253d2a44ac804a15ecf325e7b81a55e5826f7cf563e8230b62b0cf8b1
llama3_8b_8k,galvatron,common,01,/opt/hbv/trainir-h20-experiments/20260927-v1/runs/llama3_8b_8k/galvatron/common/01,memory_013,,,,,,,,,,,,,,,,,,,,,,,,,,,,,,,,,,,,,completed,52.33737712725997,67d471c26a02325611ea6a0e13684cd7add8cc7575d53f0728572560800dc1f3
llama3_8b_8k,galvatron,common,01,/opt/hbv/trainir-h20-experiments/20260927-v1/runs/llama3_8b_8k/galvatron/common/01,memory_014,,,,,,,,,,,,,,,,,,,,,,,,,,,,,,,,,,,,,completed,38.24806653894484,85b5e371d95ad540831d38e6dbfd2f7cbb8dbc281901cba64832bf945db1c677
llama3_8b_8k,galvatron,common,01,/opt/hbv/trainir-h20-experiments/20260927-v1/runs/llama3_8b_8k/galvatron/common/01,memory_015,,,,,,,,,,,,,,,,,,,,,,,,,,,,,,,,,,,,,completed,38.94664369057864,bca7cd497caab76ebd92e3d71fb88aefaebd8165d473e03152b59b1b62791ffc
llama3_8b_8k,galvatron,common,01,/opt/hbv/trainir-h20-experiments/20260927-v1/runs/llama3_8b_8k/galvatron/common/01,memory_016,,,,,,,,,,,,,,,,,,,,,,,,,,,,,,,,,,,,,completed,43.27211667224765,182bcbfad269b97a8215662839eeeb519e7fa549f07290eeb5e29caff40a3566
llama3_8b_8k,galvatron,common,01,/opt/hbv/trainir-h20-experiments/20260927-v1/runs/llama3_8b_8k/galvatron/common/01,memory_017,,,,,,,,,,,,,,,,,,,,,,,,,,,,,,,,,,,,,completed,46.793828000314534,17873876c3efc1c332bf31115af1a1569943ef63a749f72ccce93508f429a561
llama3_8b_8k,galvatron,common,01,/opt/hbv/trainir-h20-experiments/20260927-v1/runs/llama3_8b_8k/galvatron/common/01,memory_018,,,,,,,,,,,,,,,,,,,,,,,,,,,,,,,,,,,,,completed,43.02910374477506,8bd769d617f416ec31f3a3dcfdac29f8fcc9ef00a33265a07fc31f79e6aaddda
llama3_8b_8k,galvatron,common,01,/opt/hbv/trainir-h20-experiments/20260927-v1/runs/llama3_8b_8k/galvatron/common/01,memory_019,,,,,,,,,,,,,,,,,,,,,,,,,,,,,,,,,,,,,completed,47.77917391154915,4f2b13ecb938771af45b8204fdae97c840a065a2bce1a26f84351aae4785d951
llama3_8b_8k,galvatron,common,01,/opt/hbv/trainir-h20-experiments/20260927-v1/runs/llama3_8b_8k/galvatron/common/01,memory_020,,,,,,,,,,,,,,,,,,,,,,,,,,,,,,,,,,,,,completed,56.6175193246454,44790c93d5f27af492a523bdef3033c3df858590f5698cc4e99b62bc28f40044
llama3_8b_8k,galvatron,common,01,/opt/hbv/trainir-h20-experiments/20260927-v1/runs/llama3_8b_8k/galvatron/common/01,memory_021,,,,,,,,,,,,,,,,,,,,,,,,,,,,,,,,,,,,,completed,63.5491289915517,b4c7210d490f33df47100e864964c5a79b786c4cb2f04f99ee915f51e8e2d95f
llama3_8b_8k,galvatron,common,01,/opt/hbv/trainir-h20-experiments/20260927-v1/runs/llama3_8b_8k/galvatron/common/01,memory_022,,,,,,,,,,,,,,,,,,,,,,,,,,,,,,,,,,,,,completed,65.94517525844276,d8c50c15a564ca21a0b8e704255fadd7a8965ae61c05d5581a4041fd67d3f0a3
llama3_8b_8k,galvatron,common,01,/opt/hbv/trainir-h20-experiments/20260927-v1/runs/llama3_8b_8k/galvatron/common/01,memory_023,,,,,,,,,,,,,,,,,,,,,,,,,,,,,,,,,,,,,completed,63.40906379837543,1a60d346f832017254a3ea7cdec279577ea8e202f2cba4f7e71d0d52d3968ee2
llama3_8b_8k,galvatron,full,01,/opt/hbv/trainir-h20-experiments/20260927-v1/runs/llama3_8b_8k/galvatron/full/01,computation_000,,,,,,,,,,,,,,,,,,,,,,,,,,,,,,,,,,,,,completed,20.5226609101519,910bb4ef7efc3d24f4db70ea37626726eb98f759a222f323bb24bfbdec8915df
llama3_8b_8k,galvatron,full,01,/opt/hbv/trainir-h20-experiments/20260927-v1/runs/llama3_8b_8k/galvatron/full/01,computation_001,,,,,,,,,,,,,,,,,,,,,,,,,,,,,,,,,,,,,completed,20.81841941922903,ac7f31b849692858c89625d6bc4940922a5287d6762656ec6212bac0baa5442f
llama3_8b_8k,galvatron,full,01,/opt/hbv/trainir-h20-experiments/20260927-v1/runs/llama3_8b_8k/galvatron/full/01,memory_000,,,,,,,,,,,,,,,,,,,,,,,,,,,,,,,,,,,,,completed,37.707440125755966,cec3bb3d0263b7453482426955c161a7ca7b53d5cfd8a3eaff70facc86f42822
llama3_8b_8k,galvatron,full,01,/opt/hbv/trainir-h20-experiments/20260927-v1/runs/llama3_8b_8k/galvatron/full/01,memory_001,,,,,,,,,,,,,,,,,,,,,,,,,,,,,,,,,,,,,completed,40.758082550019026,dd9ec1e8b96530952beaa66a39ad9ae31d1ce5c1a6c78bcfc114cbd5833611a0
llama3_8b_8k,galvatron,full,01,/opt/hbv/trainir-h20-experiments/20260927-v1/runs/llama3_8b_8k/galvatron/full/01,memory_002,,,,,,,,,,,,,,,,,,,,,,,,,,,,,,,,,,,,,completed,46.13867512438446,dd22845e15ef3979e8bb135c12c13f26caa3f92d40a58869bfde44ff06dc38ea
llama3_8b_8k,galvatron,full,01,/opt/hbv/trainir-h20-experiments/20260927-v1/runs/llama3_8b_8k/galvatron/full/01,memory_003,,,,,,,,,,,,,,,,,,,,,,,,,,,,,,,,,,,,,completed,44.785041716881096,d5bc97c18cfcd2678e99237d204dde993a96c8f36a80fed3c6a20328e72168e2
llama3_8b_8k,galvatron,full,01,/opt/hbv/trainir-h20-experiments/20260927-v1/runs/llama3_8b_8k/galvatron/full/01,memory_004,,,,,,,,,,,,,,,,,,,,,,,,,,,,,,,,,,,,,completed,39.48341234494001,8d46e4c9f4f69b5d2ff183180ec7ec474fec686eac2e144d8b8298abb8ed630f
llama3_8b_8k,galvatron,full,01,/opt/hbv/trainir-h20-experiments/20260927-v1/runs/llama3_8b_8k/galvatron/full/01,memory_005,,,,,,,,,,,,,,,,,,,,,,,,,,,,,,,,,,,,,completed,40.26448689959943,049a762a0f387712cd2e49affbdb4911118d6503c0d681e728e4dda975bc9c58
llama3_8b_8k,galvatron,full,01,/opt/hbv/trainir-h20-experiments/20260927-v1/runs/llama3_8b_8k/galvatron/full/01,memory_006,,,,,,,,,,,,,,,,,,,,,,,,,,,,,,,,,,,,,completed,42.687001255340874,c34ee422276a095347f817dac6e858c73b790b6812a65eb751b6b8c8cc452f16
llama3_8b_8k,galvatron,full,01,/opt/hbv/trainir-h20-experiments/20260927-v1/runs/llama3_8b_8k/galvatron/full/01,memory_007,,,,,,,,,,,,,,,,,,,,,,,,,,,,,,,,,,,,,completed,48.749336070381105,9aa92840cf3ae694856e76aa2b90ec13f61b3ff3031e6490027ebb9fc182a432
llama3_8b_8k,galvatron,full,01,/opt/hbv/trainir-h20-experiments/20260927-v1/runs/llama3_8b_8k/galvatron/full/01,memory_008,,,,,,,,,,,,,,,,,,,,,,,,,,,,,,,,,,,,,completed,51.647607299499214,afacf6686f8283667f35a968d6320b6d98978337e8634af3e3ae6861510e9bc5
llama3_8b_8k,galvatron,full,01,/opt/hbv/trainir-h20-experiments/20260927-v1/runs/llama3_8b_8k/galvatron/full/01,memory_009,,,,,,,,,,,,,,,,,,,,,,,,,,,,,,,,,,,,,completed,56.842573444359004,586ab3799fcb5bdd57bf9deaf689cbfa7f4d858fb4fd4f8f2f707070ea736cb4
llama3_8b_8k,galvatron,full,01,/opt/hbv/trainir-h20-experiments/20260927-v1/runs/llama3_8b_8k/galvatron/full/01,memory_010,,,,,,,,,,,,,,,,,,,,,,,,,,,,,,,,,,,,,completed,46.38055598549545,735fa59e6bc7f9b2737b1dcd03635c4750bbfa408bf0da13be8360935e20d7c7
llama3_8b_8k,galvatron,full,01,/opt/hbv/trainir-h20-experiments/20260927-v1/runs/llama3_8b_8k/galvatron/full/01,memory_011,,,,,,,,,,,,,,,,,,,,,,,,,,,,,,,,,,,,,completed,45.62911100778729,062f99516cade98e47d839269718e06d0b3cecf05d3df17de19f2c7e22a94109
llama3_8b_8k,galvatron,full,01,/opt/hbv/trainir-h20-experiments/20260927-v1/runs/llama3_8b_8k/galvatron/full/01,memory_012,,,,,,,,,,,,,,,,,,,,,,,,,,,,,,,,,,,,,completed,50.520772273652256,53666ed471e357e302bc2eb82e2929c6cd9ed08284b8b9a2ae68462a08795f90
llama3_8b_8k,galvatron,full,01,/opt/hbv/trainir-h20-experiments/20260927-v1/runs/llama3_8b_8k/galvatron/full/01,memory_013,,,,,,,,,,,,,,,,,,,,,,,,,,,,,,,,,,,,,completed,54.73369290307164,26e821494574fe816bcc495aff427dfdb36bc1e8f692a4065373d0b245329ab7
llama3_8b_8k,galvatron,full,01,/opt/hbv/trainir-h20-experiments/20260927-v1/runs/llama3_8b_8k/galvatron/full/01,memory_014,,,,,,,,,,,,,,,,,,,,,,,,,,,,,,,,,,,,,completed,38.080542175099254,0f4da10ea09bef2f9fe8160c78a9a0eb3d79605059780405234f42e834f2b50d
llama3_8b_8k,galvatron,full,01,/opt/hbv/trainir-h20-experiments/20260927-v1/runs/llama3_8b_8k/galvatron/full/01,memory_015,,,,,,,,,,,,,,,,,,,,,,,,,,,,,,,,,,,,,completed,40.932280687615275,eebaa20a533c00e41e6dff41587381fce65ff5b7d628ea9530f6e27cd490d0e7
llama3_8b_8k,galvatron,full,01,/opt/hbv/trainir-h20-experiments/20260927-v1/runs/llama3_8b_8k/galvatron/full/01,memory_016,,,,,,,,,,,,,,,,,,,,,,,,,,,,,,,,,,,,,completed,46.12676255684346,16d655dd99a7ace4f355e1438b7e4b3f3d6bab5f3e5710dba5274ee15a2e8a85
llama3_8b_8k,galvatron,full,01,/opt/hbv/trainir-h20-experiments/20260927-v1/runs/llama3_8b_8k/galvatron/full/01,memory_017,,,,,,,,,,,,,,,,,,,,,,,,,,,,,,,,,,,,,completed,50.09810099285096,b0f4e0bf24fe47e631eb989e34bd8fad0625b17c76d8c19b9b86259a2e85c59c
llama3_8b_8k,galvatron,full,01,/opt/hbv/trainir-h20-experiments/20260927-v1/runs/llama3_8b_8k/galvatron/full/01,memory_018,,,,,,,,,,,,,,,,,,,,,,,,,,,,,,,,,,,,,completed,45.94692902080715,7e0d21a8957d51119eb78e4e1522473680806c3129c941e18eb9889e5b8ed87e
llama3_8b_8k,galvatron,full,01,/opt/hbv/trainir-h20-experiments/20260927-v1/runs/llama3_8b_8k/galvatron/full/01,memory_019,,,,,,,,,,,,,,,,,,,,,,,,,,,,,,,,,,,,,completed,50.9582068733871,ec33d3ab55374ef92c80e865a8565dab35d4101b231804537dd359c6fbde5c62
llama3_8b_8k,galvatron,full,01,/opt/hbv/trainir-h20-experiments/20260927-v1/runs/llama3_8b_8k/galvatron/full/01,memory_020,,,,,,,,,,,,,,,,,,,,,,,,,,,,,,,,,,,,,completed,58.95598318427801,34082e51038b7d1bc30e8eee1430a78e5866f837f954f075d2105d01e5085ca0
llama3_8b_8k,galvatron,full,01,/opt/hbv/trainir-h20-experiments/20260927-v1/runs/llama3_8b_8k/galvatron/full/01,memory_021,,,,,,,,,,,,,,,,,,,,,,,,,,,,,,,,,,,,,completed,67.05283382628113,c45982c6bf9984658b62778d974848d1ed142ee281047935e51ed3546d40325e
llama3_8b_8k,galvatron,full,01,/opt/hbv/trainir-h20-experiments/20260927-v1/runs/llama3_8b_8k/galvatron/full/01,memory_022,,,,,,,,,,,,,,,,,,,,,,,,,,,,,,,,,,,,,completed,68.88016931153834,0bf46c6019ddec0d5bca59ab99a83e4357c87d788a3a66fa34ef4d7d6c69a259
llama3_8b_8k,galvatron,full,01,/opt/hbv/trainir-h20-experiments/20260927-v1/runs/llama3_8b_8k/galvatron/full/01,memory_023,,,,,,,,,,,,,,,,,,,,,,,,,,,,,,,,,,,,,completed,67.21789753995836,35df5bbdea7fad0d9a8b6c07580d724ba22252fcec12a93417b72c3a7ffbf020
llama7b_2k,devastator,common,01,/opt/hbv/trainir-h20-experiments/20260927-v1/runs/llama7b_2k/devastator/common/01,native_operator_profile,1,4,6,1,1,18304,40,4,4,40,40,9,36,31,31,31,18228,18228,12294,9083,121,121,8962,31,31,31,0.0006966851651668549,0.0005793049931526184,0.0835938062518835,26.17665398027748,24.80223584640771,27.45734520908445,,,,,,,
llama7b_2k,devastator,full,01,/opt/hbv/trainir-h20-experiments/20260927-v1/runs/llama7b_2k/devastator/full/01,native_operator_profile,72,93,156,72,3,240163,4272,156,156,4272,4272,499,4116,3773,3773,3773,1166592,233748,171736,108410,392,392,108018,3773,1984,3773,0.057347776368260384,0.02652839757502079,8.174279484897852,91.78193529415876,74.5055088866502,160.79594438616186,69,5808,932844,1789,,,
llama7b_2k,galvatron,common,01,/opt/hbv/trainir-h20-experiments/20260927-v1/runs/llama7b_2k/galvatron/common/01,computation_000,,,,,,,,,,,,,,,,,,,,,,,,,,,,,,,,,,,,,completed,14.729982268065214,4f6a17940209b2f5311127f7c522b103a8ad0470b6548af8b19d55a90ac99e27
llama7b_2k,galvatron,common,01,/opt/hbv/trainir-h20-experiments/20260927-v1/runs/llama7b_2k/galvatron/common/01,computation_001,,,,,,,,,,,,,,,,,,,,,,,,,,,,,,,,,,,,,completed,15.517716952599585,c32c9f133e09456d54ee9794ee60e7673c32174eca71c7d58c64664aad618c37
llama7b_2k,galvatron,common,01,/opt/hbv/trainir-h20-experiments/20260927-v1/runs/llama7b_2k/galvatron/common/01,memory_000,,,,,,,,,,,,,,,,,,,,,,,,,,,,,,,,,,,,,completed,23.46712231170386,ab1608630c108e1cce7a8361d0aaa2d117fc4ac784f56fd765622e77a458a176
llama7b_2k,galvatron,common,01,/opt/hbv/trainir-h20-experiments/20260927-v1/runs/llama7b_2k/galvatron/common/01,memory_001,,,,,,,,,,,,,,,,,,,,,,,,,,,,,,,,,,,,,completed,24.12075088918209,1a2d038ff61d540ae33abece3862e07d530f8fa4d22b5d9a07e11fd85c35679c
llama7b_2k,galvatron,common,01,/opt/hbv/trainir-h20-experiments/20260927-v1/runs/llama7b_2k/galvatron/common/01,memory_002,,,,,,,,,,,,,,,,,,,,,,,,,,,,,,,,,,,,,completed,28.785447816364467,b49d54bf7a0fa5c82dc3546f6237df24bdb42bf2443ba65f178951d436f2edee
llama7b_2k,galvatron,common,01,/opt/hbv/trainir-h20-experiments/20260927-v1/runs/llama7b_2k/galvatron/common/01,memory_003,,,,,,,,,,,,,,,,,,,,,,,,,,,,,,,,,,,,,completed,29.140591636300087,56db22dadab811b9c0956fb1d53ddf860bb6fa0db5fe987488d7401d50e904d1
llama7b_2k,galvatron,common,01,/opt/hbv/trainir-h20-experiments/20260927-v1/runs/llama7b_2k/galvatron/common/01,memory_004,,,,,,,,,,,,,,,,,,,,,,,,,,,,,,,,,,,,,completed,23.73574808705598,b440222a944e2af1f49e07544c28c09ca45779dded5501fbc82527b2950c9c67
llama7b_2k,galvatron,common,01,/opt/hbv/trainir-h20-experiments/20260927-v1/runs/llama7b_2k/galvatron/common/01,memory_005,,,,,,,,,,,,,,,,,,,,,,,,,,,,,,,,,,,,,completed,24.75714252050966,2837d61a1523c8139421d72ed866f958bc2988830b3cbd3e7aca891fa2186edc
llama7b_2k,galvatron,common,01,/opt/hbv/trainir-h20-experiments/20260927-v1/runs/llama7b_2k/galvatron/common/01,memory_006,,,,,,,,,,,,,,,,,,,,,,,,,,,,,,,,,,,,,completed,29.128407320939004,1388d30ed440da36f7b8995d327ffa5523278c7359ca506adcea84bc9a969a3f
llama7b_2k,galvatron,common,01,/opt/hbv/trainir-h20-experiments/20260927-v1/runs/llama7b_2k/galvatron/common/01,memory_007,,,,,,,,,,,,,,,,,,,,,,,,,,,,,,,,,,,,,completed,29.081903127022088,13cab76a795852b5fe93fab07803525806226ab5f3854f4fe71dcc94f6afd877
llama7b_2k,galvatron,common,01,/opt/hbv/trainir-h20-experiments/20260927-v1/runs/llama7b_2k/galvatron/common/01,memory_008,,,,,,,,,,,,,,,,,,,,,,,,,,,,,,,,,,,,,completed,24.00956405326724,af22226299b2315aa6d51c5e8816316b4350d57fa16503a45c2158fe5d5c2d2d
llama7b_2k,galvatron,common,01,/opt/hbv/trainir-h20-experiments/20260927-v1/runs/llama7b_2k/galvatron/common/01,memory_009,,,,,,,,,,,,,,,,,,,,,,,,,,,,,,,,,,,,,completed,23.52321365568787,3ccc15cfae83f39a8baab7ad75d44ea5494a606b143b0a28fbe6f8f49cb79ddc
llama7b_2k,galvatron,common,01,/opt/hbv/trainir-h20-experiments/20260927-v1/runs/llama7b_2k/galvatron/common/01,memory_010,,,,,,,,,,,,,,,,,,,,,,,,,,,,,,,,,,,,,completed,29.341581688262522,bdda7789d5d2f4f7fed5b4dd81ed2443e9bb77e34846949a36c1ae1b267b8b25
llama7b_2k,galvatron,common,01,/opt/hbv/trainir-h20-experiments/20260927-v1/runs/llama7b_2k/galvatron/common/01,memory_011,,,,,,,,,,,,,,,,,,,,,,,,,,,,,,,,,,,,,completed,29.103484323248267,e28afc492c64ed982dea4726ea5eeaeae6682010fe656df4097c34558b607f8a
llama7b_2k,galvatron,common,01,/opt/hbv/trainir-h20-experiments/20260927-v1/runs/llama7b_2k/galvatron/common/01,memory_012,,,,,,,,,,,,,,,,,,,,,,,,,,,,,,,,,,,,,completed,23.037420981563628,4d48b51b0be382c40a342e08239dfb69f9589920c2af4f61ace73160c0d1cb60
llama7b_2k,galvatron,common,01,/opt/hbv/trainir-h20-experiments/20260927-v1/runs/llama7b_2k/galvatron/common/01,memory_013,,,,,,,,,,,,,,,,,,,,,,,,,,,,,,,,,,,,,completed,23.105246995575726,cf5dae43ff4f22488f5a2cd41ce3311c173fa46e36958ef5c09f947bd77693b7
llama7b_2k,galvatron,common,01,/opt/hbv/trainir-h20-experiments/20260927-v1/runs/llama7b_2k/galvatron/common/01,memory_014,,,,,,,,,,,,,,,,,,,,,,,,,,,,,,,,,,,,,completed,23.44480963703245,64f0e1e3c840e4cc741d43a42c975a8222aa7451a90e07e7f9cb016c6a8c536d
llama7b_2k,galvatron,common,01,/opt/hbv/trainir-h20-experiments/20260927-v1/runs/llama7b_2k/galvatron/common/01,memory_015,,,,,,,,,,,,,,,,,,,,,,,,,,,,,,,,,,,,,completed,23.647234635427594,b7f2ada31986cf5cf689b64873a5fc1cf847dfb3acc303309e983cf6b69c16e9
llama7b_2k,galvatron,common,01,/opt/hbv/trainir-h20-experiments/20260927-v1/runs/llama7b_2k/galvatron/common/01,memory_016,,,,,,,,,,,,,,,,,,,,,,,,,,,,,,,,,,,,,completed,25.49785732664168,99013dcf51d59c14d87f602f9f01dadcd378b264676051bc9efc68cffd458bbd
llama7b_2k,galvatron,common,01,/opt/hbv/trainir-h20-experiments/20260927-v1/runs/llama7b_2k/galvatron/common/01,memory_017,,,,,,,,,,,,,,,,,,,,,,,,,,,,,,,,,,,,,completed,29.958268141373992,e7b2b5b1369face55e1123be9e8b94fde02d8ef2100b2b60b929e73852e6613c
llama7b_2k,galvatron,common,01,/opt/hbv/trainir-h20-experiments/20260927-v1/runs/llama7b_2k/galvatron/common/01,memory_018,,,,,,,,,,,,,,,,,,,,,,,,,,,,,,,,,,,,,completed,25.627700137905777,60289255d5131f8c00a1c365ca082f9926683a4f69b5c51377c3f5d2cf84d694
llama7b_2k,galvatron,common,01,/opt/hbv/trainir-h20-experiments/20260927-v1/runs/llama7b_2k/galvatron/common/01,memory_019,,,,,,,,,,,,,,,,,,,,,,,,,,,,,,,,,,,,,completed,31.376257327385247,934e34d08a77e00ab40ecb1bc204908be7a9fe14c1dcc6df997251710c337f05
llama7b_2k,galvatron,common,01,/opt/hbv/trainir-h20-experiments/20260927-v1/runs/llama7b_2k/galvatron/common/01,memory_020,,,,,,,,,,,,,,,,,,,,,,,,,,,,,,,,,,,,,completed,24.667968538589776,a483601d417be056dc535119098e448b12a247d09fc513b2f1b3987b6ff594da
llama7b_2k,galvatron,common,01,/opt/hbv/trainir-h20-experiments/20260927-v1/runs/llama7b_2k/galvatron/common/01,memory_021,,,,,,,,,,,,,,,,,,,,,,,,,,,,,,,,,,,,,completed,28.797447638586164,3d4d533bd9dd751b8cd042ac767016447962e3e5db5f0c0a57712afe1b0c19d0
llama7b_2k,galvatron,common,01,/opt/hbv/trainir-h20-experiments/20260927-v1/runs/llama7b_2k/galvatron/common/01,memory_022,,,,,,,,,,,,,,,,,,,,,,,,,,,,,,,,,,,,,completed,31.83650910947472,eccc2f411684e933879e232628afb598569757e2237585df6902de9d4476e397
llama7b_2k,galvatron,common,01,/opt/hbv/trainir-h20-experiments/20260927-v1/runs/llama7b_2k/galvatron/common/01,memory_023,,,,,,,,,,,,,,,,,,,,,,,,,,,,,,,,,,,,,completed,29.391702697612345,f95ae50a5d41365d04c599bebcfdb1f78eea8569f5e57038931c9032a116b1d4
llama7b_2k,galvatron,full,01,/opt/hbv/trainir-h20-experiments/20260927-v1/runs/llama7b_2k/galvatron/full/01,computation_000,,,,,,,,,,,,,,,,,,,,,,,,,,,,,,,,,,,,,completed,14.93893442582339,ccfe891cc02c63c951cc30a718c61ba195209590efc644397d2acaf18132be13
llama7b_2k,galvatron,full,01,/opt/hbv/trainir-h20-experiments/20260927-v1/runs/llama7b_2k/galvatron/full/01,computation_001,,,,,,,,,,,,,,,,,,,,,,,,,,,,,,,,,,,,,completed,14.872072140686214,7a3544c924ff84e2918530b04724edb633f81eb01467dd197797c8f8124a8941
llama7b_2k,galvatron,full,01,/opt/hbv/trainir-h20-experiments/20260927-v1/runs/llama7b_2k/galvatron/full/01,memory_000,,,,,,,,,,,,,,,,,,,,,,,,,,,,,,,,,,,,,completed,23.57553504128009,362fb7a3ce8aebaeecaa84f6d37311c79319dc1c07d85a496a2528ee47adc09c
llama7b_2k,galvatron,full,01,/opt/hbv/trainir-h20-experiments/20260927-v1/runs/llama7b_2k/galvatron/full/01,memory_001,,,,,,,,,,,,,,,,,,,,,,,,,,,,,,,,,,,,,completed,24.11051854491234,1d68cba85d5b3d68d56905ae878e578fe901ef2c0e9a545c9700ae0b5ed665c8
llama7b_2k,galvatron,full,01,/opt/hbv/trainir-h20-experiments/20260927-v1/runs/llama7b_2k/galvatron/full/01,memory_002,,,,,,,,,,,,,,,,,,,,,,,,,,,,,,,,,,,,,completed,29.031873651780188,2266a9eb8109791d45fcfe8dbe01602bc7af20a62a5925943bc3bbecbdd813a6
llama7b_2k,galvatron,full,01,/opt/hbv/trainir-h20-experiments/20260927-v1/runs/llama7b_2k/galvatron/full/01,memory_003,,,,,,,,,,,,,,,,,,,,,,,,,,,,,,,,,,,,,completed,30.287890629842877,5cd4a14f5a0cc7129288c637ee5f2d1d9a3d931110c3a65e143fc7edb2f5523a
llama7b_2k,galvatron,full,01,/opt/hbv/trainir-h20-experiments/20260927-v1/runs/llama7b_2k/galvatron/full/01,memory_004,,,,,,,,,,,,,,,,,,,,,,,,,,,,,,,,,,,,,completed,24.63224433362484,a460078f76501e49779f64770d84e02bb55cb8319919e9deead143b58648892e
llama7b_2k,galvatron,full,01,/opt/hbv/trainir-h20-experiments/20260927-v1/runs/llama7b_2k/galvatron/full/01,memory_005,,,,,,,,,,,,,,,,,,,,,,,,,,,,,,,,,,,,,completed,24.46592586673796,d34e68c580260f2732a39d0f0ae0d09b4bd13c6b1ef67672c79057b0d0ad2ffa
llama7b_2k,galvatron,full,01,/opt/hbv/trainir-h20-experiments/20260927-v1/runs/llama7b_2k/galvatron/full/01,memory_006,,,,,,,,,,,,,,,,,,,,,,,,,,,,,,,,,,,,,completed,30.355826625600457,33d182ccb70ba4e584020d787e53c4c2298712d9da3b8e5f8005713b7dd34ba0
llama7b_2k,galvatron,full,01,/opt/hbv/trainir-h20-experiments/20260927-v1/runs/llama7b_2k/galvatron/full/01,memory_007,,,,,,,,,,,,,,,,,,,,,,,,,,,,,,,,,,,,,completed,29.810657436959445,ee254a6a5263db8f94d4fca6ef97fa14ecdbb00abf78b5a6ce2b016ff0cdb984
llama7b_2k,galvatron,full,01,/opt/hbv/trainir-h20-experiments/20260927-v1/runs/llama7b_2k/galvatron/full/01,memory_008,,,,,,,,,,,,,,,,,,,,,,,,,,,,,,,,,,,,,completed,24.308785636909306,463924333a8802375358c84418575bab54dbd2f06a800d062098aa631005148e
llama7b_2k,galvatron,full,01,/opt/hbv/trainir-h20-experiments/20260927-v1/runs/llama7b_2k/galvatron/full/01,memory_009,,,,,,,,,,,,,,,,,,,,,,,,,,,,,,,,,,,,,completed,24.41749642137438,d7967fd68374d7974ca40110ee7b371c78c7036197ba54ac7d6091c95282670c
llama7b_2k,galvatron,full,01,/opt/hbv/trainir-h20-experiments/20260927-v1/runs/llama7b_2k/galvatron/full/01,memory_010,,,,,,,,,,,,,,,,,,,,,,,,,,,,,,,,,,,,,completed,30.325607829727232,f4258d83d9ef57ea3cca63262ca5d41b56404db1ebfcd07ea1f79d71beef160b
llama7b_2k,galvatron,full,01,/opt/hbv/trainir-h20-experiments/20260927-v1/runs/llama7b_2k/galvatron/full/01,memory_011,,,,,,,,,,,,,,,,,,,,,,,,,,,,,,,,,,,,,completed,29.99870255123824,af3c555eb959af5c64e0c320190ac03eaa20e897906d5588079e7c93a552c3db
llama7b_2k,galvatron,full,01,/opt/hbv/trainir-h20-experiments/20260927-v1/runs/llama7b_2k/galvatron/full/01,memory_012,,,,,,,,,,,,,,,,,,,,,,,,,,,,,,,,,,,,,completed,23.443097525276244,fd82bcf95237d3117f3fab89723a4a20fc0188029ab06944ce066ce6ba0923dc
llama7b_2k,galvatron,full,01,/opt/hbv/trainir-h20-experiments/20260927-v1/runs/llama7b_2k/galvatron/full/01,memory_013,,,,,,,,,,,,,,,,,,,,,,,,,,,,,,,,,,,,,completed,23.924770839512348,d96b3ebbdcec538132b4030338f113e5bbb29874535683d89e215b14fcd6f429
llama7b_2k,galvatron,full,01,/opt/hbv/trainir-h20-experiments/20260927-v1/runs/llama7b_2k/galvatron/full/01,memory_014,,,,,,,,,,,,,,,,,,,,,,,,,,,,,,,,,,,,,completed,23.87572679016739,7ca1a19f15b5b2e620a602df90651d77e97c388d5f4e54a095bf811836fee82a
llama7b_2k,galvatron,full,01,/opt/hbv/trainir-h20-experiments/20260927-v1/runs/llama7b_2k/galvatron/full/01,memory_015,,,,,,,,,,,,,,,,,,,,,,,,,,,,,,,,,,,,,completed,24.592213508673012,2a6947c7dfe5af25c2f03258780ad8b2bdcde32a9e49eb8faef7cb1a2b8cade0
llama7b_2k,galvatron,full,01,/opt/hbv/trainir-h20-experiments/20260927-v1/runs/llama7b_2k/galvatron/full/01,memory_016,,,,,,,,,,,,,,,,,,,,,,,,,,,,,,,,,,,,,completed,26.213276864029467,c8e3af348d13d660b5c40a71bae0b8c83fba99da80a415d48260fc6248184b85
llama7b_2k,galvatron,full,01,/opt/hbv/trainir-h20-experiments/20260927-v1/runs/llama7b_2k/galvatron/full/01,memory_017,,,,,,,,,,,,,,,,,,,,,,,,,,,,,,,,,,,,,completed,30.561205155216157,a63cbeeb2ca09527fb9e5fbc541cd744e4828b13f796b68ce6c9528717608078
llama7b_2k,galvatron,full,01,/opt/hbv/trainir-h20-experiments/20260927-v1/runs/llama7b_2k/galvatron/full/01,memory_018,,,,,,,,,,,,,,,,,,,,,,,,,,,,,,,,,,,,,completed,26.800432071089745,3e39cc011d70e05127444da80f8f612ae1f75fe94c77157ce5ba644d042041dd
llama7b_2k,galvatron,full,01,/opt/hbv/trainir-h20-experiments/20260927-v1/runs/llama7b_2k/galvatron/full/01,memory_019,,,,,,,,,,,,,,,,,,,,,,,,,,,,,,,,,,,,,completed,31.356828399933875,4df36f58cb1ffe50a9ab01f6f2a11c0f7d5b1b102ddcb883b99bbf53609a1d76
llama7b_2k,galvatron,full,01,/opt/hbv/trainir-h20-experiments/20260927-v1/runs/llama7b_2k/galvatron/full/01,memory_020,,,,,,,,,,,,,,,,,,,,,,,,,,,,,,,,,,,,,completed,25.465921031311154,35369b9ce3f531dc780f26a86b4a69e3ea71d1303024c4e8abafac3abf3b06b3
llama7b_2k,galvatron,full,01,/opt/hbv/trainir-h20-experiments/20260927-v1/runs/llama7b_2k/galvatron/full/01,memory_021,,,,,,,,,,,,,,,,,,,,,,,,,,,,,,,,,,,,,completed,30.18621447030455,9d47ed57e73264bce45bd83732962e630b442c5c6259b1b42f498aa8c5e22a77
llama7b_2k,galvatron,full,01,/opt/hbv/trainir-h20-experiments/20260927-v1/runs/llama7b_2k/galvatron/full/01,memory_022,,,,,,,,,,,,,,,,,,,,,,,,,,,,,,,,,,,,,completed,32.54129806254059,fecc0a610dd4914911a0f2c5eae2d24fd4181b155f5f7116aa56f677c749b07e
llama7b_2k,galvatron,full,01,/opt/hbv/trainir-h20-experiments/20260927-v1/runs/llama7b_2k/galvatron/full/01,memory_023,,,,,,,,,,,,,,,,,,,,,,,,,,,,,,,,,,,,,completed,30.172381278127432,310e6b4db83b99af80d2d2ffc393a7042d911b0142b242a03863c4d8334223ee
qwen25_14b_8k,devastator,common,01,/opt/hbv/trainir-h20-experiments/20260927-v1/runs/qwen25_14b_8k/devastator/common/01,native_operator_profile,1,4,6,1,1,3553,40,4,4,40,40,36,36,4,4,4,3504,3504,3144,1748,36,36,1712,4,4,4,0.0004721367731690407,0.000736575573682785,0.14115948509424925,29.386598410084844,29.106135617941618,29.586408271454275,,,,,,,
qwen25_14b_8k,devastator,full,01,/opt/hbv/trainir-h20-experiments/20260927-v1/runs/qwen25_14b_8k/devastator/full/01,native_operator_profile,160,188,336,160,4,56219,7584,304,304,7584,7584,7141,7280,443,443,443,213744,48083,47752,22287,127,127,22160,443,244,443,0.11394751816987991,0.061696735210716724,24.4062473597005,109.2747480776161,105.48537279199809,121.5015585878864,156,12096,165661,199,,,
qwen25_14b_8k,galvatron,common,01,/opt/hbv/trainir-h20-experiments/20260927-v1/runs/qwen25_14b_8k/galvatron/common/01,computation_000,,,,,,,,,,,,,,,,,,,,,,,,,,,,,,,,,,,,,completed,28.098530759103596,daceddc90516faf3f5b005632f8e7803a288dbbc21087f22911b9e3b79cdaa9b
qwen25_14b_8k,galvatron,common,01,/opt/hbv/trainir-h20-experiments/20260927-v1/runs/qwen25_14b_8k/galvatron/common/01,computation_001,,,,,,,,,,,,,,,,,,,,,,,,,,,,,,,,,,,,,completed,28.621298504061997,de72485dc1dfce55c39b2e20240c72a65b69a8613b3036268870173099dd6259
qwen25_14b_8k,galvatron,common,01,/opt/hbv/trainir-h20-experiments/20260927-v1/runs/qwen25_14b_8k/galvatron/common/01,memory_000,,,,,,,,,,,,,,,,,,,,,,,,,,,,,,,,,,,,,completed,25.810173474252224,cfe516c1488cf4ac724db1c7ead346bacb53f277885bbbebfffeec865b5eaa7e
qwen25_14b_8k,galvatron,common,01,/opt/hbv/trainir-h20-experiments/20260927-v1/runs/qwen25_14b_8k/galvatron/common/01,memory_001,,,,,,,,,,,,,,,,,,,,,,,,,,,,,,,,,,,,,completed,25.289382204413414,b3f918c5bc0a4320509ba11df7625c809f4020141f35fb7f9db2227157869069
qwen25_14b_8k,galvatron,common,01,/opt/hbv/trainir-h20-experiments/20260927-v1/runs/qwen25_14b_8k/galvatron/common/01,memory_002,,,,,,,,,,,,,,,,,,,,,,,,,,,,,,,,,,,,,completed,29.02493025176227,72779504961268f2f95c0ff02adf1dd06c36f9685a81777b9f45b63fb0b3a54e
qwen25_14b_8k,galvatron,common,01,/opt/hbv/trainir-h20-experiments/20260927-v1/runs/qwen25_14b_8k/galvatron/common/01,memory_003,,,,,,,,,,,,,,,,,,,,,,,,,,,,,,,,,,,,,completed,29.26392410043627,187e7e778a11de47026de79261448a08540c8b71ccdb4782bfb79a98e4f224e9
qwen25_14b_8k,galvatron,common,01,/opt/hbv/trainir-h20-experiments/20260927-v1/runs/qwen25_14b_8k/galvatron/common/01,memory_004,,,,,,,,,,,,,,,,,,,,,,,,,,,,,,,,,,,,,completed,35.73879515379667,a1d70a9a182c6a38693e8aba370f1f62b4ff40e10c49e7d32166a91a96e8d4e5
qwen25_14b_8k,galvatron,common,01,/opt/hbv/trainir-h20-experiments/20260927-v1/runs/qwen25_14b_8k/galvatron/common/01,memory_005,,,,,,,,,,,,,,,,,,,,,,,,,,,,,,,,,,,,,completed,37.015172285959125,66ea40299fc2535ee5076295fd3e49310d13808ed5b93757c69313c947d48209
qwen25_14b_8k,galvatron,common,01,/opt/hbv/trainir-h20-experiments/20260927-v1/runs/qwen25_14b_8k/galvatron/common/01,memory_006,,,,,,,,,,,,,,,,,,,,,,,,,,,,,,,,,,,,,completed,25.75563225429505,1defaae6caf8c248223e6967f3a6c6cafbe424607a2b6231deca70f75ecf5134
qwen25_14b_8k,galvatron,common,01,/opt/hbv/trainir-h20-experiments/20260927-v1/runs/qwen25_14b_8k/galvatron/common/01,memory_007,,,,,,,,,,,,,,,,,,,,,,,,,,,,,,,,,,,,,completed,25.52435722667724,45ff8184943dbf9c23c65eb13276caead954f68b6c20dc0918d60abbd2aefd18
qwen25_14b_8k,galvatron,common,01,/opt/hbv/trainir-h20-experiments/20260927-v1/runs/qwen25_14b_8k/galvatron/common/01,memory_008,,,,,,,,,,,,,,,,,,,,,,,,,,,,,,,,,,,,,completed,28.44869742449373,1b38cc2a0a4faabf47e46bdc64814c96e45687365b383d0d61d3b333279c7afb
qwen25_14b_8k,galvatron,common,01,/opt/hbv/trainir-h20-experiments/20260927-v1/runs/qwen25_14b_8k/galvatron/common/01,memory_009,,,,,,,,,,,,,,,,,,,,,,,,,,,,,,,,,,,,,completed,29.101999264210463,be869899bc18e6f56fe6a99dbea2ef33993ff598254a7cec5c78c73f7e9422e7
qwen25_14b_8k,galvatron,common,01,/opt/hbv/trainir-h20-experiments/20260927-v1/runs/qwen25_14b_8k/galvatron/common/01,memory_010,,,,,,,,,,,,,,,,,,,,,,,,,,,,,,,,,,,,,completed,35.903489579446614,b23df76b4aada718665b35bb5a86a720de647957e3bae8a2989602652beb69b2
qwen25_14b_8k,galvatron,common,01,/opt/hbv/trainir-h20-experiments/20260927-v1/runs/qwen25_14b_8k/galvatron/common/01,memory_011,,,,,,,,,,,,,,,,,,,,,,,,,,,,,,,,,,,,,completed,36.712290689349174,44de97e6f1563d8dcd6c5cfb05f183aeddbbf342792650452cb1379202ed2234
qwen25_14b_8k,galvatron,common,01,/opt/hbv/trainir-h20-experiments/20260927-v1/runs/qwen25_14b_8k/galvatron/common/01,memory_012,,,,,,,,,,,,,,,,,,,,,,,,,,,,,,,,,,,,,completed,25.75676513183862,af80bdfe1b0d4c2145033794187cfb1ca7215d0e3b957a631b0215ef28554e38
qwen25_14b_8k,galvatron,common,01,/opt/hbv/trainir-h20-experiments/20260927-v1/runs/qwen25_14b_8k/galvatron/common/01,memory_013,,,,,,,,,,,,,,,,,,,,,,,,,,,,,,,,,,,,,completed,31.63064230326563,cc295e5d14ef0e796b8461e6cd443ad4e6cafda5c9a2c4ebb721d570c85b9e3d
qwen25_14b_8k,galvatron,common,01,/opt/hbv/trainir-h20-experiments/20260927-v1/runs/qwen25_14b_8k/galvatron/common/01,memory_014,,,,,,,,,,,,,,,,,,,,,,,,,,,,,,,,,,,,,completed,32.25179419014603,ab84a1ffcf489d0d099ab2ad793114960593294bfbffd01bbb8714c6e0e148c4
qwen25_14b_8k,galvatron,common,01,/opt/hbv/trainir-h20-experiments/20260927-v1/runs/qwen25_14b_8k/galvatron/common/01,memory_015,,,,,,,,,,,,,,,,,,,,,,,,,,,,,,,,,,,,,completed,39.66036237869412,a9c02665c1595cf3146231db0ccb2ec92f7100d129fb267a25a915d65635baba
qwen25_14b_8k,galvatron,common,01,/opt/hbv/trainir-h20-experiments/20260927-v1/runs/qwen25_14b_8k/galvatron/common/01,memory_016,,,,,,,,,,,,,,,,,,,,,,,,,,,,,,,,,,,,,completed,42.04405618272722,1472a2b76cfd6bcc3b605a5c0897db8eb349016a16dd266a5def19ebd0b61421
qwen25_14b_8k,galvatron,common,01,/opt/hbv/trainir-h20-experiments/20260927-v1/runs/qwen25_14b_8k/galvatron/common/01,memory_017,,,,,,,,,,,,,,,,,,,,,,,,,,,,,,,,,,,,,completed,55.28158465959132,f384ce15ca738dc35fca46208247c2223485634f1f20a29b005e26d19dfed27c
qwen25_14b_8k,galvatron,full,01,/opt/hbv/trainir-h20-experiments/20260927-v1/runs/qwen25_14b_8k/galvatron/full/01,computation_000,,,,,,,,,,,,,,,,,,,,,,,,,,,,,,,,,,,,,completed,28.294571849517524,ca290d54b2222938591847e1978227ab74638c3141e3c18b874395d4311faf79
qwen25_14b_8k,galvatron,full,01,/opt/hbv/trainir-h20-experiments/20260927-v1/runs/qwen25_14b_8k/galvatron/full/01,computation_001,,,,,,,,,,,,,,,,,,,,,,,,,,,,,,,,,,,,,completed,29.25750855728984,ac6931979d58f8446d8df6d4a9235d69fd9dd6cf87d9430f66338574b1a85dd1
qwen25_14b_8k,galvatron,full,01,/opt/hbv/trainir-h20-experiments/20260927-v1/runs/qwen25_14b_8k/galvatron/full/01,memory_000,,,,,,,,,,,,,,,,,,,,,,,,,,,,,,,,,,,,,completed,25.991518351249397,3442534cd3a9cb517618f7c6d7b29daf3746280d4b31fcc5573e3abed5d6fba9
qwen25_14b_8k,galvatron,full,01,/opt/hbv/trainir-h20-experiments/20260927-v1/runs/qwen25_14b_8k/galvatron/full/01,memory_001,,,,,,,,,,,,,,,,,,,,,,,,,,,,,,,,,,,,,completed,25.2545796437189,e5efcd7fdd2a4b856bcab98134f0c6984a0dc97fce6b79773f330bb3973b6f4a
qwen25_14b_8k,galvatron,full,01,/opt/hbv/trainir-h20-experiments/20260927-v1/runs/qwen25_14b_8k/galvatron/full/01,memory_002,,,,,,,,,,,,,,,,,,,,,,,,,,,,,,,,,,,,,completed,29.35554093774408,08cce2523a387d4f9434d337b8c69b82bb43e9e0af687d8a8b28f9967a7db85a
qwen25_14b_8k,galvatron,full,01,/opt/hbv/trainir-h20-experiments/20260927-v1/runs/qwen25_14b_8k/galvatron/full/01,memory_003,,,,,,,,,,,,,,,,,,,,,,,,,,,,,,,,,,,,,completed,29.208421086892486,d079a674bd1cfe9c8dfd90710a6ddde6a947ce450fb965a9f9b26a979ba5c6db
qwen25_14b_8k,galvatron,full,01,/opt/hbv/trainir-h20-experiments/20260927-v1/runs/qwen25_14b_8k/galvatron/full/01,memory_004,,,,,,,,,,,,,,,,,,,,,,,,,,,,,,,,,,,,,completed,34.96539577934891,cf61aabb8f1fe649dcd71643778552a4ebf53ad510ffd0f1e1944d3a889bce3a
qwen25_14b_8k,galvatron,full,01,/opt/hbv/trainir-h20-experiments/20260927-v1/runs/qwen25_14b_8k/galvatron/full/01,memory_005,,,,,,,,,,,,,,,,,,,,,,,,,,,,,,,,,,,,,completed,37.06550056114793,9f09073c7d17bf879b1b40e683285d779e1afcbe396b935c38098396d2015958
qwen25_14b_8k,galvatron,full,01,/opt/hbv/trainir-h20-experiments/20260927-v1/runs/qwen25_14b_8k/galvatron/full/01,memory_006,,,,,,,,,,,,,,,,,,,,,,,,,,,,,,,,,,,,,completed,28.15148733276874,e2932934f69a20ffa34e51bd047b35065eac41ef18aaa8fd6405f3b197c6874d
qwen25_14b_8k,galvatron,full,01,/opt/hbv/trainir-h20-experiments/20260927-v1/runs/qwen25_14b_8k/galvatron/full/01,memory_007,,,,,,,,,,,,,,,,,,,,,,,,,,,,,,,,,,,,,completed,26.007116767577827,b193f094144704be7ac81dd290c5e8cf3642f2d78708b8cdea76390fa39e00b6
qwen25_14b_8k,galvatron,full,01,/opt/hbv/trainir-h20-experiments/20260927-v1/runs/qwen25_14b_8k/galvatron/full/01,memory_008,,,,,,,,,,,,,,,,,,,,,,,,,,,,,,,,,,,,,completed,29.515263497829437,d1651c496311e4f27f7cdfa7029b60c6cb301c684ebc6442a51210d35f30fa3d
qwen25_14b_8k,galvatron,full,01,/opt/hbv/trainir-h20-experiments/20260927-v1/runs/qwen25_14b_8k/galvatron/full/01,memory_009,,,,,,,,,,,,,,,,,,,,,,,,,,,,,,,,,,,,,completed,29.479407056234777,aac41b13b47e04927a87f3b8f358a02e1e41c25e0c4990fa5a1e904274949708
qwen25_14b_8k,galvatron,full,01,/opt/hbv/trainir-h20-experiments/20260927-v1/runs/qwen25_14b_8k/galvatron/full/01,memory_010,,,,,,,,,,,,,,,,,,,,,,,,,,,,,,,,,,,,,completed,37.73905594088137,19aaa36527283878172b0a6453597aaae57e9de2e50f573744b04331dd03cadc
qwen25_14b_8k,galvatron,full,01,/opt/hbv/trainir-h20-experiments/20260927-v1/runs/qwen25_14b_8k/galvatron/full/01,memory_011,,,,,,,,,,,,,,,,,,,,,,,,,,,,,,,,,,,,,completed,37.783785357140005,437d2cd901259858018a7c085e0dcd4d74d2e4d9ba9694131b3c0f40cafaf099
qwen25_14b_8k,galvatron,full,01,/opt/hbv/trainir-h20-experiments/20260927-v1/runs/qwen25_14b_8k/galvatron/full/01,memory_012,,,,,,,,,,,,,,,,,,,,,,,,,,,,,,,,,,,,,completed,24.892752367071807,ac055fdc93d6da9232012dd8f76e2eeb8b6e8dfdf6cb41dd2f193af5fece6b25
qwen25_14b_8k,galvatron,full,01,/opt/hbv/trainir-h20-experiments/20260927-v1/runs/qwen25_14b_8k/galvatron/full/01,memory_013,,,,,,,,,,,,,,,,,,,,,,,,,,,,,,,,,,,,,completed,31.11093650944531,24293ac83569db5a0bfcf81a1c5ffdef73b06dc363e0d86c503c8a61071cb9ac
qwen25_14b_8k,galvatron,full,01,/opt/hbv/trainir-h20-experiments/20260927-v1/runs/qwen25_14b_8k/galvatron/full/01,memory_014,,,,,,,,,,,,,,,,,,,,,,,,,,,,,,,,,,,,,completed,32.43228506390005,65934b672df1fc66435bd332612f7d0464b44a3b7b05a3720d554a3229b8358f
qwen25_14b_8k,galvatron,full,01,/opt/hbv/trainir-h20-experiments/20260927-v1/runs/qwen25_14b_8k/galvatron/full/01,memory_015,,,,,,,,,,,,,,,,,,,,,,,,,,,,,,,,,,,,,completed,40.222588679753244,7249ff9061408c4c56c7ca97632c5deab8688f646e82be27091ea6a96f2d193d
qwen25_14b_8k,galvatron,full,01,/opt/hbv/trainir-h20-experiments/20260927-v1/runs/qwen25_14b_8k/galvatron/full/01,memory_016,,,,,,,,,,,,,,,,,,,,,,,,,,,,,,,,,,,,,completed,41.02824138663709,ae780e66e22e9ae4576ba75783528fa632a2fc2db835ec14698d92a3a1d44b37
qwen25_14b_8k,galvatron,full,01,/opt/hbv/trainir-h20-experiments/20260927-v1/runs/qwen25_14b_8k/galvatron/full/01,memory_017,,,,,,,,,,,,,,,,,,,,,,,,,,,,,,,,,,,,,completed,55.53720011096448,f102bbe1fb246801ecb35b2fd3613b6c0284b9919872205653117672e52edf2c
qwen2_1p5b_32k,devastator,common,01,/opt/hbv/trainir-h20-experiments/20260927-v1/runs/qwen2_1p5b_32k/devastator/common/01,native_operator_profile,1,4,6,1,1,1579,24,3,3,24,24,21,21,3,3,3,1548,1548,956,771,18,18,753,3,3,3,0.0002907346934080124,0.0004339925944805145,0.049297370947897434,36.52524820435792,36.40824790485203,36.61450472380966,,,,,,,
qwen2_1p5b_32k,devastator,full,01,/opt/hbv/trainir-h20-experiments/20260927-v1/runs/qwen2_1p5b_32k/devastator/full/01,native_operator_profile,120,155,260,120,5,121415,3840,140,140,3840,3840,2431,3700,1409,1409,1409,370488,116712,69364,54998,281,281,54717,1409,718,1409,0.05990390107035637,0.023197827860713005,7.282994689419866,283.0093627218157,274.50999333616346,303.04556314926594,115,6816,253776,691,,,
qwen2_1p5b_32k,galvatron,common,01,/opt/hbv/trainir-h20-experiments/20260927-v1/runs/qwen2_1p5b_32k/galvatron/common/01,computation_000,,,,,,,,,,,,,,,,,,,,,,,,,,,,,,,,,,,,,completed,59.860442663542926,26b03d130fb31ab23f25f5820797ccb78b210e4d9a1065bee15a48ea981dd5e7
qwen2_1p5b_32k,galvatron,common,01,/opt/hbv/trainir-h20-experiments/20260927-v1/runs/qwen2_1p5b_32k/galvatron/common/01,computation_001,,,,,,,,,,,,,,,,,,,,,,,,,,,,,,,,,,,,,completed,60.55888810940087,7a0b4cb8eb249703a92789ebcd5cae43fdac01a4d069784b1bb9322ea5f0645a
qwen2_1p5b_32k,galvatron,common,01,/opt/hbv/trainir-h20-experiments/20260927-v1/runs/qwen2_1p5b_32k/galvatron/common/01,memory_000,,,,,,,,,,,,,,,,,,,,,,,,,,,,,,,,,,,,,completed,135.79821238666773,554b6532f2de4668794e6e86f92a53ab35878cb74dc217420ad6e04c73e721de
qwen2_1p5b_32k,galvatron,common,01,/opt/hbv/trainir-h20-experiments/20260927-v1/runs/qwen2_1p5b_32k/galvatron/common/01,memory_001,,,,,,,,,,,,,,,,,,,,,,,,,,,,,,,,,,,,,completed,135.07754894159734,726fabaa7873dd9802da6a6818c3ff40728304d29bc489ccfd76c5ba182172be
qwen2_1p5b_32k,galvatron,common,01,/opt/hbv/trainir-h20-experiments/20260927-v1/runs/qwen2_1p5b_32k/galvatron/common/01,memory_002,,,,,,,,,,,,,,,,,,,,,,,,,,,,,,,,,,,,,completed,133.0836589736864,a705c4986c120ba857f3a5ffe5893efe2f7ee6b3205e8934991b0a34f6521df8
qwen2_1p5b_32k,galvatron,common,01,/opt/hbv/trainir-h20-experiments/20260927-v1/runs/qwen2_1p5b_32k/galvatron/common/01,memory_003,,,,,,,,,,,,,,,,,,,,,,,,,,,,,,,,,,,,,completed,135.9079565219581,23491bf4680f78a319e9e1ed885a4b981278cacfdb5b2750df90061187cd50ad
qwen2_1p5b_32k,galvatron,common,01,/opt/hbv/trainir-h20-experiments/20260927-v1/runs/qwen2_1p5b_32k/galvatron/common/01,memory_004,,,,,,,,,,,,,,,,,,,,,,,,,,,,,,,,,,,,,completed,118.41613530926406,989c35e65c599075029fc2098d8c315947115caa104ae985b334a079baa34054
qwen2_1p5b_32k,galvatron,common,01,/opt/hbv/trainir-h20-experiments/20260927-v1/runs/qwen2_1p5b_32k/galvatron/common/01,memory_005,,,,,,,,,,,,,,,,,,,,,,,,,,,,,,,,,,,,,completed,120.09702480118722,ed05ceb9f5b43ceb90c3c154d309b19bc948e47e4f3a7d0ffdcd2292117dc607
qwen2_1p5b_32k,galvatron,common,01,/opt/hbv/trainir-h20-experiments/20260927-v1/runs/qwen2_1p5b_32k/galvatron/common/01,memory_006,,,,,,,,,,,,,,,,,,,,,,,,,,,,,,,,,,,,,completed,130.443689561449,dc7e8fb6a8140e85e85c132488dc4709643c9a838a2940471783f9d12759c737
qwen2_1p5b_32k,galvatron,common,01,/opt/hbv/trainir-h20-experiments/20260927-v1/runs/qwen2_1p5b_32k/galvatron/common/01,memory_007,,,,,,,,,,,,,,,,,,,,,,,,,,,,,,,,,,,,,completed,133.18732951115817,51b919b037ffa39e62046fa331bd7478a1aa0930a7043195c477a1e5deeffe12
qwen2_1p5b_32k,galvatron,common,01,/opt/hbv/trainir-h20-experiments/20260927-v1/runs/qwen2_1p5b_32k/galvatron/common/01,memory_008,,,,,,,,,,,,,,,,,,,,,,,,,,,,,,,,,,,,,failed,525.7455995660275,eb226a4dd8205a874ef11e99a8b0b4e10a786103d10e9918d53fadccd59d6a29
qwen2_1p5b_32k,galvatron,common,02,/opt/hbv/trainir-h20-experiments/20260927-v1/runs/qwen2_1p5b_32k/galvatron/common/02,computation_000,,,,,,,,,,,,,,,,,,,,,,,,,,,,,,,,,,,,,completed,65.32464049849659,03945bacd71a2d06b2bca63eb0e828ee03a090299509ec4719f326e197dd19a8
qwen2_1p5b_32k,galvatron,common,02,/opt/hbv/trainir-h20-experiments/20260927-v1/runs/qwen2_1p5b_32k/galvatron/common/02,computation_001,,,,,,,,,,,,,,,,,,,,,,,,,,,,,,,,,,,,,completed,66.7028260808438,47852e8cdc60ccbebfd6a73561771515de8ff677869fec11570539e982e7b08c
qwen2_1p5b_32k,galvatron,common,02,/opt/hbv/trainir-h20-experiments/20260927-v1/runs/qwen2_1p5b_32k/galvatron/common/02,memory_000,,,,,,,,,,,,,,,,,,,,,,,,,,,,,,,,,,,,,completed,24.672318363562226,c732a05f9323cebe181255c9627b894c89ae688af19d376ba58c0e141643d2bf
qwen2_1p5b_32k,galvatron,common,02,/opt/hbv/trainir-h20-experiments/20260927-v1/runs/qwen2_1p5b_32k/galvatron/common/02,memory_001,,,,,,,,,,,,,,,,,,,,,,,,,,,,,,,,,,,,,completed,25.14541561808437,a468999c1aaf2c8c4666e6c5ee688564640f4027ac0c293c59ffbbff8ea1eae5
qwen2_1p5b_32k,galvatron,common,02,/opt/hbv/trainir-h20-experiments/20260927-v1/runs/qwen2_1p5b_32k/galvatron/common/02,memory_002,,,,,,,,,,,,,,,,,,,,,,,,,,,,,,,,,,,,,completed,28.227622873149812,1c71d1565c9366a151266fdc10393bf8987a167e598c1cd89db85460a4283844
qwen2_1p5b_32k,galvatron,common,02,/opt/hbv/trainir-h20-experiments/20260927-v1/runs/qwen2_1p5b_32k/galvatron/common/02,memory_003,,,,,,,,,,,,,,,,,,,,,,,,,,,,,,,,,,,,,completed,28.281267617829144,c7a445b344fbb3a04c93f950f84fa6edac2e87324ad505bcf49ce82214637b21
qwen2_1p5b_32k,galvatron,common,02,/opt/hbv/trainir-h20-experiments/20260927-v1/runs/qwen2_1p5b_32k/galvatron/common/02,memory_004,,,,,,,,,,,,,,,,,,,,,,,,,,,,,,,,,,,,,completed,34.15607730485499,150687860b2fa5538d14c1a730f8bdceaf328a7b9a9d466039d139a5050ed87e
qwen2_1p5b_32k,galvatron,common,02,/opt/hbv/trainir-h20-experiments/20260927-v1/runs/qwen2_1p5b_32k/galvatron/common/02,memory_005,,,,,,,,,,,,,,,,,,,,,,,,,,,,,,,,,,,,,completed,34.69802138581872,486f3e6b8e81af10331837e0e6b9560096e0f365738415d1247cc6c306bceaf7
qwen2_1p5b_32k,galvatron,common,02,/opt/hbv/trainir-h20-experiments/20260927-v1/runs/qwen2_1p5b_32k/galvatron/common/02,memory_006,,,,,,,,,,,,,,,,,,,,,,,,,,,,,,,,,,,,,completed,25.283280663192272,e0530af9aeb5e5186f208496dafe09184272feb23b8aeef09e213a3c02de05a0
qwen2_1p5b_32k,galvatron,common,02,/opt/hbv/trainir-h20-experiments/20260927-v1/runs/qwen2_1p5b_32k/galvatron/common/02,memory_007,,,,,,,,,,,,,,,,,,,,,,,,,,,,,,,,,,,,,completed,24.832880853675306,9dae78cccbe6f3c416c0b0d15671ce4613f655cf4aedb1a11d55e1beffbcf6c2
qwen2_1p5b_32k,galvatron,common,02,/opt/hbv/trainir-h20-experiments/20260927-v1/runs/qwen2_1p5b_32k/galvatron/common/02,memory_008,,,,,,,,,,,,,,,,,,,,,,,,,,,,,,,,,,,,,completed,27.39973107073456,13974de1f692201ed788940633fb48902151edc4f0015fac7d209ca1d174f84b
qwen2_1p5b_32k,galvatron,common,02,/opt/hbv/trainir-h20-experiments/20260927-v1/runs/qwen2_1p5b_32k/galvatron/common/02,memory_009,,,,,,,,,,,,,,,,,,,,,,,,,,,,,,,,,,,,,completed,28.045849284157157,ad20dfcceeac249a66ae1fadb44247428909b1e6b5d16ee9cfe17eff92fbfb74
qwen2_1p5b_32k,galvatron,common,02,/opt/hbv/trainir-h20-experiments/20260927-v1/runs/qwen2_1p5b_32k/galvatron/common/02,memory_010,,,,,,,,,,,,,,,,,,,,,,,,,,,,,,,,,,,,,completed,35.119099700823426,e84bffadd8d326c2b780e367897197ffcaa88f414e160709f9708c2d9c65dc6c
qwen2_1p5b_32k,galvatron,common,02,/opt/hbv/trainir-h20-experiments/20260927-v1/runs/qwen2_1p5b_32k/galvatron/common/02,memory_011,,,,,,,,,,,,,,,,,,,,,,,,,,,,,,,,,,,,,completed,35.13160331454128,0a33e96d171148bfb06349d02ee96b3b1be93de56a2c17eb1e9676ca16e84d7d
qwen2_1p5b_32k,galvatron,common,02,/opt/hbv/trainir-h20-experiments/20260927-v1/runs/qwen2_1p5b_32k/galvatron/common/02,memory_012,,,,,,,,,,,,,,,,,,,,,,,,,,,,,,,,,,,,,completed,27.753509264439344,356c03e65775c24ea1f813bf55dcb52e57986a9e3d75fe9b21b7cc53d1164a5b
qwen2_1p5b_32k,galvatron,common,02,/opt/hbv/trainir-h20-experiments/20260927-v1/runs/qwen2_1p5b_32k/galvatron/common/02,memory_013,,,,,,,,,,,,,,,,,,,,,,,,,,,,,,,,,,,,,completed,31.189193727448583,9f574f0f9e92192a1bcce135ef8e7976ca5f7736be6fa0039ba3242c47bb238d
qwen2_1p5b_32k,galvatron,common,02,/opt/hbv/trainir-h20-experiments/20260927-v1/runs/qwen2_1p5b_32k/galvatron/common/02,memory_014,,,,,,,,,,,,,,,,,,,,,,,,,,,,,,,,,,,,,completed,31.76447818800807,b808fb138ce692fa38ed1c6d9796f4f6bd53c6e3be9f806f7dc2d78da20648a8
qwen2_1p5b_32k,galvatron,common,02,/opt/hbv/trainir-h20-experiments/20260927-v1/runs/qwen2_1p5b_32k/galvatron/common/02,memory_015,,,,,,,,,,,,,,,,,,,,,,,,,,,,,,,,,,,,,completed,36.303776127286255,982bf0fab45bbc821b5df807c0fc218b3dbf98ee1db99cd3e4bce929c890e816
qwen2_1p5b_32k,galvatron,common,02,/opt/hbv/trainir-h20-experiments/20260927-v1/runs/qwen2_1p5b_32k/galvatron/common/02,memory_016,,,,,,,,,,,,,,,,,,,,,,,,,,,,,,,,,,,,,completed,39.24044059868902,bfbe2513c77afed1c05cb4d0dfff3f23cca1dafcbde85e1d02978a6513479038
qwen2_1p5b_32k,galvatron,common,02,/opt/hbv/trainir-h20-experiments/20260927-v1/runs/qwen2_1p5b_32k/galvatron/common/02,memory_017,,,,,,,,,,,,,,,,,,,,,,,,,,,,,,,,,,,,,completed,49.777166690677404,49e366dea766fdd7cd1e2afbb0e6e2efe38a3e6a894e3358a228b0039db8b613
qwen2_1p5b_32k,galvatron,full,01,/opt/hbv/trainir-h20-experiments/20260927-v1/runs/qwen2_1p5b_32k/galvatron/full/01,computation_000,,,,,,,,,,,,,,,,,,,,,,,,,,,,,,,,,,,,,completed,67.44797719549388,c47126689eebef3076f00d2ddce4a53b8f5185cc5446f4c6b3fef9340311ff8e
qwen2_1p5b_32k,galvatron,full,01,/opt/hbv/trainir-h20-experiments/20260927-v1/runs/qwen2_1p5b_32k/galvatron/full/01,computation_001,,,,,,,,,,,,,,,,,,,,,,,,,,,,,,,,,,,,,completed,66.57500228192657,06e0d2638fd718cbdda6980857356c816defeeeeb7c43811cac3f7d93f880858
qwen2_1p5b_32k,galvatron,full,01,/opt/hbv/trainir-h20-experiments/20260927-v1/runs/qwen2_1p5b_32k/galvatron/full/01,memory_000,,,,,,,,,,,,,,,,,,,,,,,,,,,,,,,,,,,,,completed,25.24742249492556,301ae773436a7c72d8ec3cca2dcaf2b3330ab5c53af3058772333f825bac9e84
qwen2_1p5b_32k,galvatron,full,01,/opt/hbv/trainir-h20-experiments/20260927-v1/runs/qwen2_1p5b_32k/galvatron/full/01,memory_001,,,,,,,,,,,,,,,,,,,,,,,,,,,,,,,,,,,,,completed,24.930745657533407,b5d5db907199a696652da46832c0b389522495dcc4413ccfd6beb1868f417129
qwen2_1p5b_32k,galvatron,full,01,/opt/hbv/trainir-h20-experiments/20260927-v1/runs/qwen2_1p5b_32k/galvatron/full/01,memory_002,,,,,,,,,,,,,,,,,,,,,,,,,,,,,,,,,,,,,completed,36.78562762122601,b557c4f0308549af2702105fdbda76f0b485db8cf40e62aac3267e30b2317d4f
qwen2_1p5b_32k,galvatron,full,01,/opt/hbv/trainir-h20-experiments/20260927-v1/runs/qwen2_1p5b_32k/galvatron/full/01,memory_003,,,,,,,,,,,,,,,,,,,,,,,,,,,,,,,,,,,,,completed,29.73794535920024,219c8c4d5bbd5d43fc88594d7a50ec4b22602eeae3af73a2a417069ddc2e60fb
qwen2_1p5b_32k,galvatron,full,01,/opt/hbv/trainir-h20-experiments/20260927-v1/runs/qwen2_1p5b_32k/galvatron/full/01,memory_004,,,,,,,,,,,,,,,,,,,,,,,,,,,,,,,,,,,,,completed,44.76588127296418,5c58069cea7081acfaed5c0d678caa94291841440a59f3821c386b7382711653
qwen2_1p5b_32k,galvatron,full,01,/opt/hbv/trainir-h20-experiments/20260927-v1/runs/qwen2_1p5b_32k/galvatron/full/01,memory_005,,,,,,,,,,,,,,,,,,,,,,,,,,,,,,,,,,,,,completed,37.66217633429915,b9e3b74f39f2e9bf6e8147c42a48b314fcda807b833040c856be51a62dd36b42
qwen2_1p5b_32k,galvatron,full,01,/opt/hbv/trainir-h20-experiments/20260927-v1/runs/qwen2_1p5b_32k/galvatron/full/01,memory_006,,,,,,,,,,,,,,,,,,,,,,,,,,,,,,,,,,,,,completed,27.091197063215077,7b60920563e4df8b3c6af2fafe313a7aad8375e0df6500d292a3b552d2647b18
qwen2_1p5b_32k,galvatron,full,01,/opt/hbv/trainir-h20-experiments/20260927-v1/runs/qwen2_1p5b_32k/galvatron/full/01,memory_007,,,,,,,,,,,,,,,,,,,,,,,,,,,,,,,,,,,,,completed,26.658382097259164,59be68296b388cf888e032acafe3c8c50cadde07fecb82fb47f6ab50d206d65b
qwen2_1p5b_32k,galvatron,full,01,/opt/hbv/trainir-h20-experiments/20260927-v1/runs/qwen2_1p5b_32k/galvatron/full/01,memory_008,,,,,,,,,,,,,,,,,,,,,,,,,,,,,,,,,,,,,completed,30.19296063669026,8faff33902768975fb3116114ec2ae9fa1633fefc4cf8e85bbd012a9e1b808f4
qwen2_1p5b_32k,galvatron,full,01,/opt/hbv/trainir-h20-experiments/20260927-v1/runs/qwen2_1p5b_32k/galvatron/full/01,memory_009,,,,,,,,,,,,,,,,,,,,,,,,,,,,,,,,,,,,,completed,30.78563521616161,97b3aa83e17b038a707896f4e8517238104f53565dcdd007215cbf96b6327801
qwen2_1p5b_32k,galvatron,full,01,/opt/hbv/trainir-h20-experiments/20260927-v1/runs/qwen2_1p5b_32k/galvatron/full/01,memory_010,,,,,,,,,,,,,,,,,,,,,,,,,,,,,,,,,,,,,completed,36.664163367822766,4d9d6941bf9e58a67ba66ad8e1d68553ef96f267a2f9cb2ee1dd058893e20b85
qwen2_1p5b_32k,galvatron,full,01,/opt/hbv/trainir-h20-experiments/20260927-v1/runs/qwen2_1p5b_32k/galvatron/full/01,memory_011,,,,,,,,,,,,,,,,,,,,,,,,,,,,,,,,,,,,,completed,36.76777405291796,b706d4df14b2714d6223afef8e973df801ab9fcec5fe1f184bab98e88556cffa
qwen2_1p5b_32k,galvatron,full,01,/opt/hbv/trainir-h20-experiments/20260927-v1/runs/qwen2_1p5b_32k/galvatron/full/01,memory_012,,,,,,,,,,,,,,,,,,,,,,,,,,,,,,,,,,,,,completed,28.353051968850195,dd53ba0736a61e056ae011b4d84677422dd8e63207f2290a8a88c3dd211ead1a
qwen2_1p5b_32k,galvatron,full,01,/opt/hbv/trainir-h20-experiments/20260927-v1/runs/qwen2_1p5b_32k/galvatron/full/01,memory_013,,,,,,,,,,,,,,,,,,,,,,,,,,,,,,,,,,,,,completed,31.777165628038347,6708938a282072c54413cca0fddb8e6f45be30447a5871ef1cfc924c7c480684
qwen2_1p5b_32k,galvatron,full,01,/opt/hbv/trainir-h20-experiments/20260927-v1/runs/qwen2_1p5b_32k/galvatron/full/01,memory_014,,,,,,,,,,,,,,,,,,,,,,,,,,,,,,,,,,,,,completed,33.06953953579068,7fa2f24e1ce1066aab2ac5d961b6cf495fd93e5f5cf283fe3881220cce89fcdd
qwen2_1p5b_32k,galvatron,full,01,/opt/hbv/trainir-h20-experiments/20260927-v1/runs/qwen2_1p5b_32k/galvatron/full/01,memory_015,,,,,,,,,,,,,,,,,,,,,,,,,,,,,,,,,,,,,completed,38.30563490372151,d09f9c17b9299db36874863ba408d8c7ac03a146654e0918a4a5d6310ec90ec3
qwen2_1p5b_32k,galvatron,full,01,/opt/hbv/trainir-h20-experiments/20260927-v1/runs/qwen2_1p5b_32k/galvatron/full/01,memory_016,,,,,,,,,,,,,,,,,,,,,,,,,,,,,,,,,,,,,completed,41.980644123628736,db6172887c66cfc6dac6a7c2a01482014222c79f331104b08ab6547b6422b852
qwen2_1p5b_32k,galvatron,full,01,/opt/hbv/trainir-h20-experiments/20260927-v1/runs/qwen2_1p5b_32k/galvatron/full/01,memory_017,,,,,,,,,,,,,,,,,,,,,,,,,,,,,,,,,,,,,completed,48.71450639329851,22e539cf226e1b08e7e7f0e1f1066277eb5406e26c8ea76a9e7946702ea74119
qwen2_7b_32k,devastator,common,01,/opt/hbv/trainir-h20-experiments/20260927-v1/runs/qwen2_7b_32k/devastator/common/01,native_operator_profile,1,4,6,1,1,36,32,3,3,32,32,32,29,0,,,,,,,,,,,,,0.00038166996091604233,0.00043606385588645935,0.065048947930336,,,,,,,,,,
qwen2_7b_32k,devastator,full,01,/opt/hbv/trainir-h20-experiments/20260927-v1/runs/qwen2_7b_32k/devastator/full/01,native_operator_profile,96,124,208,96,4,24991,3104,112,112,3104,3104,2985,2992,119,119,119,34572,21704,14992,10537,87,87,10450,119,67,119,0.048675660975277424,0.01922737341374159,5.870040497742593,224.865870911628,223.218825138174,226.739612611942,92,5536,12868,52,,,
qwen2_7b_32k,galvatron,common,01,/opt/hbv/trainir-h20-experiments/20260927-v1/runs/qwen2_7b_32k/galvatron/common/01,computation_000,,,,,,,,,,,,,,,,,,,,,,,,,,,,,,,,,,,,,completed,70.2545941406861,f7c190cb949e9207ffca9e063827713dede5ed668f92f77f66b2a37a6eb5b044
qwen2_7b_32k,galvatron,common,01,/opt/hbv/trainir-h20-experiments/20260927-v1/runs/qwen2_7b_32k/galvatron/common/01,computation_001,,,,,,,,,,,,,,,,,,,,,,,,,,,,,,,,,,,,,completed,74.28092982526869,cc76df724162a64253cf53d256ca87474efdf4fbeef7021b91d7424414473d65
qwen2_7b_32k,galvatron,common,01,/opt/hbv/trainir-h20-experiments/20260927-v1/runs/qwen2_7b_32k/galvatron/common/01,memory_000,,,,,,,,,,,,,,,,,,,,,,,,,,,,,,,,,,,,,completed,119.23176720552146,040b958d0cc35b026d08abda00de7236de754ae95a92831944d86258e9812bae
qwen2_7b_32k,galvatron,common,01,/opt/hbv/trainir-h20-experiments/20260927-v1/runs/qwen2_7b_32k/galvatron/common/01,memory_001,,,,,,,,,,,,,,,,,,,,,,,,,,,,,,,,,,,,,failed,122.14254956319928,4e1952bfd93462e662e2c24b0b10fe3e8404c999593ae4d217846b6d090ce738
qwen2_7b_32k,galvatron,common,02,/opt/hbv/trainir-h20-experiments/20260927-v1/runs/qwen2_7b_32k/galvatron/common/02,computation_000,,,,,,,,,,,,,,,,,,,,,,,,,,,,,,,,,,,,,completed,70.72602948639542,b4c7921a4eb4e9b5912f1eeded40df3c6337425d863d39eabd86d090ba7504f4
qwen2_7b_32k,galvatron,common,02,/opt/hbv/trainir-h20-experiments/20260927-v1/runs/qwen2_7b_32k/galvatron/common/02,computation_001,,,,,,,,,,,,,,,,,,,,,,,,,,,,,,,,,,,,,completed,74.50612968578935,419d7403c7373ec663daa5940fb56562c08cdc23d709d37da63ab604f14b9a1a
qwen2_7b_32k,galvatron,common,02,/opt/hbv/trainir-h20-experiments/20260927-v1/runs/qwen2_7b_32k/galvatron/common/02,memory_000,,,,,,,,,,,,,,,,,,,,,,,,,,,,,,,,,,,,,completed,25.63802234455943,316e95e1c800ad0fd30d2ea23465df598077ad48a6874a5a2eecb651d9ad6326
qwen2_7b_32k,galvatron,common,02,/opt/hbv/trainir-h20-experiments/20260927-v1/runs/qwen2_7b_32k/galvatron/common/02,memory_001,,,,,,,,,,,,,,,,,,,,,,,,,,,,,,,,,,,,,completed,25.84007741790265,d5c89c1f49c1a62d5065aea390916542eb38f5174f6599515c413f7fb5dc3bbc
qwen2_7b_32k,galvatron,common,02,/opt/hbv/trainir-h20-experiments/20260927-v1/runs/qwen2_7b_32k/galvatron/common/02,memory_002,,,,,,,,,,,,,,,,,,,,,,,,,,,,,,,,,,,,,completed,29.045310460031033,b0584874f3bb679ef9555812be939bc480859c1145b7907c2726c3be6729a979
qwen2_7b_32k,galvatron,common,02,/opt/hbv/trainir-h20-experiments/20260927-v1/runs/qwen2_7b_32k/galvatron/common/02,memory_003,,,,,,,,,,,,,,,,,,,,,,,,,,,,,,,,,,,,,completed,28.88498338870704,46a1b3866fc9cea95e5cb5fec5910f50f57690effeb46bb74adf009dcdb8a0f3
qwen2_7b_32k,galvatron,common,02,/opt/hbv/trainir-h20-experiments/20260927-v1/runs/qwen2_7b_32k/galvatron/common/02,memory_004,,,,,,,,,,,,,,,,,,,,,,,,,,,,,,,,,,,,,completed,35.64265607390553,fd9eb11f53879cc5345dfe34fecdd23eece3b3d16953d4a7bd6cc77a5e41b7a9
qwen2_7b_32k,galvatron,common,02,/opt/hbv/trainir-h20-experiments/20260927-v1/runs/qwen2_7b_32k/galvatron/common/02,memory_005,,,,,,,,,,,,,,,,,,,,,,,,,,,,,,,,,,,,,completed,35.257006655447185,3debaa8a5e1c98d283e86f7528184789c5bf909be97e37810fa200659d3b7076
qwen2_7b_32k,galvatron,common,02,/opt/hbv/trainir-h20-experiments/20260927-v1/runs/qwen2_7b_32k/galvatron/common/02,memory_006,,,,,,,,,,,,,,,,,,,,,,,,,,,,,,,,,,,,,completed,25.292628686875105,4463dc982a9ad828134af7aaaef5e26b8deb898984ccf997b875387981738d51
qwen2_7b_32k,galvatron,common,02,/opt/hbv/trainir-h20-experiments/20260927-v1/runs/qwen2_7b_32k/galvatron/common/02,memory_007,,,,,,,,,,,,,,,,,,,,,,,,,,,,,,,,,,,,,completed,25.873659433797002,3708d1e570049314e1418c1bd2547315eaee3150457c7f93fea4ae8ec3e7a6da
qwen2_7b_32k,galvatron,common,02,/opt/hbv/trainir-h20-experiments/20260927-v1/runs/qwen2_7b_32k/galvatron/common/02,memory_008,,,,,,,,,,,,,,,,,,,,,,,,,,,,,,,,,,,,,completed,28.652602001093328,0e56ad6bf5fc7ba6771aaeee6cc64fa5405b970eed881a3fde25cc7ca46161fd
qwen2_7b_32k,galvatron,common,02,/opt/hbv/trainir-h20-experiments/20260927-v1/runs/qwen2_7b_32k/galvatron/common/02,memory_009,,,,,,,,,,,,,,,,,,,,,,,,,,,,,,,,,,,,,completed,29.038797062821686,5780fa20f9d4350ada97a7b2834390a5a8f08e1d1f91a0b3abdb727bdbdde42f
qwen2_7b_32k,galvatron,common,02,/opt/hbv/trainir-h20-experiments/20260927-v1/runs/qwen2_7b_32k/galvatron/common/02,memory_010,,,,,,,,,,,,,,,,,,,,,,,,,,,,,,,,,,,,,completed,36.459642744623125,6751d972a5f47b1c8f514ae30a36447f2354c7209af271c4e7f58539f9bc2d75
qwen2_7b_32k,galvatron,common,02,/opt/hbv/trainir-h20-experiments/20260927-v1/runs/qwen2_7b_32k/galvatron/common/02,memory_011,,,,,,,,,,,,,,,,,,,,,,,,,,,,,,,,,,,,,completed,37.253180417232215,224d8934a47dd39cf474532ceff9dc0bff7984098edbc14de1dca10cb834102e
qwen2_7b_32k,galvatron,common,02,/opt/hbv/trainir-h20-experiments/20260927-v1/runs/qwen2_7b_32k/galvatron/common/02,memory_012,,,,,,,,,,,,,,,,,,,,,,,,,,,,,,,,,,,,,completed,26.968993494287133,170da2b194f129481efd68ae90c4f9263ec08a099c442fd632304fbac1d93021
qwen2_7b_32k,galvatron,common,02,/opt/hbv/trainir-h20-experiments/20260927-v1/runs/qwen2_7b_32k/galvatron/common/02,memory_013,,,,,,,,,,,,,,,,,,,,,,,,,,,,,,,,,,,,,completed,31.499228147789836,58aab84ad236d1a4dc4b491c8786c02d19095f9b094e48433ce8a4796efb2c35
qwen2_7b_32k,galvatron,common,02,/opt/hbv/trainir-h20-experiments/20260927-v1/runs/qwen2_7b_32k/galvatron/common/02,memory_014,,,,,,,,,,,,,,,,,,,,,,,,,,,,,,,,,,,,,completed,32.68945134803653,55c3175d96f6f97e90eaa7cba308ca827ee8813374db755c5a19aec1543f08cf
qwen2_7b_32k,galvatron,common,02,/opt/hbv/trainir-h20-experiments/20260927-v1/runs/qwen2_7b_32k/galvatron/common/02,memory_015,,,,,,,,,,,,,,,,,,,,,,,,,,,,,,,,,,,,,completed,39.84608218166977,994c8cde9397a912cce5276172083873d9632373ee95e12644d079704dcd107e
qwen2_7b_32k,galvatron,common,02,/opt/hbv/trainir-h20-experiments/20260927-v1/runs/qwen2_7b_32k/galvatron/common/02,memory_016,,,,,,,,,,,,,,,,,,,,,,,,,,,,,,,,,,,,,completed,40.30387317854911,95aa17b7890a0e41f50edd642441f121c8e555de76d28fc53e74fb57526d9fd1
qwen2_7b_32k,galvatron,common,02,/opt/hbv/trainir-h20-experiments/20260927-v1/runs/qwen2_7b_32k/galvatron/common/02,memory_017,,,,,,,,,,,,,,,,,,,,,,,,,,,,,,,,,,,,,completed,54.282543825916946,6ef504f869b21b801320ec89f6f803d5f33db90e35cae09d2489fe0a99fec700
qwen2_7b_32k,galvatron,full,01,/opt/hbv/trainir-h20-experiments/20260927-v1/runs/qwen2_7b_32k/galvatron/full/01,computation_000,,,,,,,,,,,,,,,,,,,,,,,,,,,,,,,,,,,,,completed,70.57445498369634,39e17406d36ce8787bfe23fdfc00557e3288c8221eaee26e08f65fc16f081f53
qwen2_7b_32k,galvatron,full,01,/opt/hbv/trainir-h20-experiments/20260927-v1/runs/qwen2_7b_32k/galvatron/full/01,computation_001,,,,,,,,,,,,,,,,,,,,,,,,,,,,,,,,,,,,,completed,75.87729782890528,8f464df60c5d387cf3d7f75e3667e1a53a9172f37126462001463d512a6ea3b6
qwen2_7b_32k,galvatron,full,01,/opt/hbv/trainir-h20-experiments/20260927-v1/runs/qwen2_7b_32k/galvatron/full/01,memory_000,,,,,,,,,,,,,,,,,,,,,,,,,,,,,,,,,,,,,completed,25.897478921338916,e2b7d1a78a99e7b8e276269331cf1c2c199ba5f3178c17b148f1bab0706fe675
qwen2_7b_32k,galvatron,full,01,/opt/hbv/trainir-h20-experiments/20260927-v1/runs/qwen2_7b_32k/galvatron/full/01,memory_001,,,,,,,,,,,,,,,,,,,,,,,,,,,,,,,,,,,,,completed,26.674929928965867,ec070f1c999e1182055af05d59af1a2ead3808ae3cb653a7b3083674aee54cac
qwen2_7b_32k,galvatron,full,01,/opt/hbv/trainir-h20-experiments/20260927-v1/runs/qwen2_7b_32k/galvatron/full/01,memory_002,,,,,,,,,,,,,,,,,,,,,,,,,,,,,,,,,,,,,completed,29.293627686798573,01e48aae6eab98c811587ba83b120fcd667f417b3b4cabd90bed2e297940b6e5
qwen2_7b_32k,galvatron,full,01,/opt/hbv/trainir-h20-experiments/20260927-v1/runs/qwen2_7b_32k/galvatron/full/01,memory_003,,,,,,,,,,,,,,,,,,,,,,,,,,,,,,,,,,,,,completed,30.96979409456253,d65d2ae10f8f5e6a78c8b6b1053a3aed062c42afde5cc88200985eab7f77066a
qwen2_7b_32k,galvatron,full,01,/opt/hbv/trainir-h20-experiments/20260927-v1/runs/qwen2_7b_32k/galvatron/full/01,memory_004,,,,,,,,,,,,,,,,,,,,,,,,,,,,,,,,,,,,,completed,35.58099293522537,b580d9c1f5749622c9159ab34298e6b803139690652b4610eaa67a0602c00f63
qwen2_7b_32k,galvatron,full,01,/opt/hbv/trainir-h20-experiments/20260927-v1/runs/qwen2_7b_32k/galvatron/full/01,memory_005,,,,,,,,,,,,,,,,,,,,,,,,,,,,,,,,,,,,,completed,35.33348771184683,b79e4e65cce169e582787efaf8df7d32298be19039a19d67a941d0e3daa069b1
qwen2_7b_32k,galvatron,full,01,/opt/hbv/trainir-h20-experiments/20260927-v1/runs/qwen2_7b_32k/galvatron/full/01,memory_006,,,,,,,,,,,,,,,,,,,,,,,,,,,,,,,,,,,,,completed,26.002093130722642,f3c8daecab456cea26bfc13f74129a2999122cb01e682ca0c4b137b3aa100e56
qwen2_7b_32k,galvatron,full,01,/opt/hbv/trainir-h20-experiments/20260927-v1/runs/qwen2_7b_32k/galvatron/full/01,memory_007,,,,,,,,,,,,,,,,,,,,,,,,,,,,,,,,,,,,,completed,25.367855635471642,f0fd6aac186f454e3b91545928dcfd4cca15fcd9cb8075e2a5070ca9c43cafb4
qwen2_7b_32k,galvatron,full,01,/opt/hbv/trainir-h20-experiments/20260927-v1/runs/qwen2_7b_32k/galvatron/full/01,memory_008,,,,,,,,,,,,,,,,,,,,,,,,,,,,,,,,,,,,,completed,28.618651657365263,bf236925f19a550b7f4f2fef30dc545c14e7a10f38747930761edecf7ee43ee6
qwen2_7b_32k,galvatron,full,01,/opt/hbv/trainir-h20-experiments/20260927-v1/runs/qwen2_7b_32k/galvatron/full/01,memory_009,,,,,,,,,,,,,,,,,,,,,,,,,,,,,,,,,,,,,completed,28.74278130289167,96dbd6f4dd83e8d997062d4b3c09060fba2926f297fc593a6670012685180c0b
qwen2_7b_32k,galvatron,full,01,/opt/hbv/trainir-h20-experiments/20260927-v1/runs/qwen2_7b_32k/galvatron/full/01,memory_010,,,,,,,,,,,,,,,,,,,,,,,,,,,,,,,,,,,,,completed,35.73074229620397,8105b6f6ef421abfb16fa4fa4ae34ddd3ccbe9c93e614a9a3a0ad99b0e85834c
qwen2_7b_32k,galvatron,full,01,/opt/hbv/trainir-h20-experiments/20260927-v1/runs/qwen2_7b_32k/galvatron/full/01,memory_011,,,,,,,,,,,,,,,,,,,,,,,,,,,,,,,,,,,,,completed,37.287196706049144,1762fcb38ec7621e378e9c05b179b7fc15472d3cb8fb95c93eb1eb6c586219cf
qwen2_7b_32k,galvatron,full,01,/opt/hbv/trainir-h20-experiments/20260927-v1/runs/qwen2_7b_32k/galvatron/full/01,memory_012,,,,,,,,,,,,,,,,,,,,,,,,,,,,,,,,,,,,,completed,27.81147508881986,67b0f6623d3af422d6ca7d8643310f33f251ba862b53d56e770f5d2cb0be900b
qwen2_7b_32k,galvatron,full,01,/opt/hbv/trainir-h20-experiments/20260927-v1/runs/qwen2_7b_32k/galvatron/full/01,memory_013,,,,,,,,,,,,,,,,,,,,,,,,,,,,,,,,,,,,,completed,32.14773875102401,cc2f04a890f54327d656385178e5f247577ce2f6e78e47bc3ddcda57bff011b3
qwen2_7b_32k,galvatron,full,01,/opt/hbv/trainir-h20-experiments/20260927-v1/runs/qwen2_7b_32k/galvatron/full/01,memory_014,,,,,,,,,,,,,,,,,,,,,,,,,,,,,,,,,,,,,completed,36.10427372157574,9c263158b29650739d42defa66443aa1207ff838c38083c40ef2688ecbfb924f
qwen2_7b_32k,galvatron,full,01,/opt/hbv/trainir-h20-experiments/20260927-v1/runs/qwen2_7b_32k/galvatron/full/01,memory_015,,,,,,,,,,,,,,,,,,,,,,,,,,,,,,,,,,,,,completed,39.911336839199066,87b25d81f3bb0179cae1a62ced7f9fb291a108a152260003e492abec05d728ac
qwen2_7b_32k,galvatron,full,01,/opt/hbv/trainir-h20-experiments/20260927-v1/runs/qwen2_7b_32k/galvatron/full/01,memory_016,,,,,,,,,,,,,,,,,,,,,,,,,,,,,,,,,,,,,completed,43.887442029081285,2e5049d195f7f341547cebfb64dd383c688b6b65bfe376e9f85afa525d1359d1
qwen2_7b_32k,galvatron,full,01,/opt/hbv/trainir-h20-experiments/20260927-v1/runs/qwen2_7b_32k/galvatron/full/01,memory_017,,,,,,,,,,,,,,,,,,,,,,,,,,,,,,,,,,,,,completed,54.59733215160668,ad69495a3c65ffd2043cf895854cd33da1c0b842b4f648c17f9082e42cb8794a
qwen3_14b_4k,devastator,common,01,/opt/hbv/trainir-h20-experiments/20260927-v1/runs/qwen3_14b_4k/devastator/common/01,native_operator_profile,1,4,6,1,1,7362,40,4,4,40,40,31,36,9,9,9,7308,7308,5288,4005,60,60,3945,9,9,9,0.000561865046620369,0.0007284451276063919,0.12109225150197744,31.089956316165626,30.502536149695516,31.502577583305538,,,,,,,
qwen3_14b_4k,devastator,full,01,/opt/hbv/trainir-h20-experiments/20260927-v1/runs/qwen3_14b_4k/devastator/full/01,native_operator_profile,128,156,272,128,4,92379,5760,208,208,5760,5760,4891,5552,869,869,869,393008,85923,70150,43610,218,218,43392,869,484,869,0.09298707451671362,0.03968534618616104,15.63970817066729,130.10410131327808,123.1880167145282,153.76962305605412,124,9984,307085,385,,,
qwen3_14b_4k,galvatron,common,01,/opt/hbv/trainir-h20-experiments/20260927-v1/runs/qwen3_14b_4k/galvatron/common/01,computation_000,,,,,,,,,,,,,,,,,,,,,,,,,,,,,,,,,,,,,completed,20.85106471274048,8ab74fd9e5cf39daa77aa648d063549bb948ca57088c5286742217d4a838cc9c
qwen3_14b_4k,galvatron,common,01,/opt/hbv/trainir-h20-experiments/20260927-v1/runs/qwen3_14b_4k/galvatron/common/01,computation_001,,,,,,,,,,,,,,,,,,,,,,,,,,,,,,,,,,,,,completed,21.048121879808605,3caee74e4f65864180193ae3499321f80ff1f5a99d7dd716ee87eccac91c5d7a
qwen3_14b_4k,galvatron,common,01,/opt/hbv/trainir-h20-experiments/20260927-v1/runs/qwen3_14b_4k/galvatron/common/01,memory_000,,,,,,,,,,,,,,,,,,,,,,,,,,,,,,,,,,,,,completed,34.17998307291418,09005db88fd3957609b51d683004fc272767fbca3ab856110b75a9db160fc7ef
qwen3_14b_4k,galvatron,common,01,/opt/hbv/trainir-h20-experiments/20260927-v1/runs/qwen3_14b_4k/galvatron/common/01,memory_001,,,,,,,,,,,,,,,,,,,,,,,,,,,,,,,,,,,,,completed,37.89916818216443,fe9619747656b817767e59dc82a8bfb062d2680257134c506199c3c963768f23
qwen3_14b_4k,galvatron,common,01,/opt/hbv/trainir-h20-experiments/20260927-v1/runs/qwen3_14b_4k/galvatron/common/01,memory_002,,,,,,,,,,,,,,,,,,,,,,,,,,,,,,,,,,,,,completed,41.105616603046656,7d65c64b422ebe1e803ae903d42544a8ebf38af96d0a29cdfca283fcf5d09043
qwen3_14b_4k,galvatron,common,01,/opt/hbv/trainir-h20-experiments/20260927-v1/runs/qwen3_14b_4k/galvatron/common/01,memory_003,,,,,,,,,,,,,,,,,,,,,,,,,,,,,,,,,,,,,completed,42.64402258396149,5962ef4443d405cae22dfda90d1bd9f653ecac93779a93849cd949f1e2d2af7a
qwen3_14b_4k,galvatron,common,01,/opt/hbv/trainir-h20-experiments/20260927-v1/runs/qwen3_14b_4k/galvatron/common/01,memory_004,,,,,,,,,,,,,,,,,,,,,,,,,,,,,,,,,,,,,completed,37.64751193486154,766f38ec68ba3367cb0866668117c391b932ff47510eede340e2456fd2a10947
qwen3_14b_4k,galvatron,common,01,/opt/hbv/trainir-h20-experiments/20260927-v1/runs/qwen3_14b_4k/galvatron/common/01,memory_005,,,,,,,,,,,,,,,,,,,,,,,,,,,,,,,,,,,,,completed,37.6115542287007,c3c79c6e586f97e17b04fa40dffb032e2ef714413fdcbf12d1a8de2506e4c9fb
qwen3_14b_4k,galvatron,common,01,/opt/hbv/trainir-h20-experiments/20260927-v1/runs/qwen3_14b_4k/galvatron/common/01,memory_006,,,,,,,,,,,,,,,,,,,,,,,,,,,,,,,,,,,,,completed,42.88745129853487,04eaa9e4fcdf8f9d8b21fca47766c32357152e789daf2be0add89e06d071b660
qwen3_14b_4k,galvatron,common,01,/opt/hbv/trainir-h20-experiments/20260927-v1/runs/qwen3_14b_4k/galvatron/common/01,memory_007,,,,,,,,,,,,,,,,,,,,,,,,,,,,,,,,,,,,,completed,40.841836454346776,eb501a0250e9241bc171e79c0ee8c5fc4cb2345957a93081d899b0f848d68847
qwen3_14b_4k,galvatron,common,01,/opt/hbv/trainir-h20-experiments/20260927-v1/runs/qwen3_14b_4k/galvatron/common/01,memory_008,,,,,,,,,,,,,,,,,,,,,,,,,,,,,,,,,,,,,completed,37.4761342452839,7a8fc6bc68d56417e687e1ffe7c1b9c5eca68d2cdcc10f8401ed02e651e5d7d6
qwen3_14b_4k,galvatron,common,01,/opt/hbv/trainir-h20-experiments/20260927-v1/runs/qwen3_14b_4k/galvatron/common/01,memory_009,,,,,,,,,,,,,,,,,,,,,,,,,,,,,,,,,,,,,completed,37.02212807815522,2c9b0b7b80049157b8fe7f200340707a3940be090829503b95c24a549726f646
qwen3_14b_4k,galvatron,common,01,/opt/hbv/trainir-h20-experiments/20260927-v1/runs/qwen3_14b_4k/galvatron/common/01,memory_010,,,,,,,,,,,,,,,,,,,,,,,,,,,,,,,,,,,,,completed,41.96976143587381,5a0dc4e236c9fa0959fb1e533996e22edfca1d4e9218db47e7b57bee9f5a2666
qwen3_14b_4k,galvatron,common,01,/opt/hbv/trainir-h20-experiments/20260927-v1/runs/qwen3_14b_4k/galvatron/common/01,memory_011,,,,,,,,,,,,,,,,,,,,,,,,,,,,,,,,,,,,,completed,43.95216435473412,24a78e918e1ac491dbf0d05ec548977549a1d395e7e44e4b41ee5482f3965e03
qwen3_14b_4k,galvatron,common,01,/opt/hbv/trainir-h20-experiments/20260927-v1/runs/qwen3_14b_4k/galvatron/common/01,memory_012,,,,,,,,,,,,,,,,,,,,,,,,,,,,,,,,,,,,,completed,47.51636402308941,fd2de4c747ca52312e1b5c3bf92b0e6015ebca5ee9a35e0c5a4cfdb01ec61a59
qwen3_14b_4k,galvatron,common,01,/opt/hbv/trainir-h20-experiments/20260927-v1/runs/qwen3_14b_4k/galvatron/common/01,memory_013,,,,,,,,,,,,,,,,,,,,,,,,,,,,,,,,,,,,,completed,47.735743096098304,05289d2b46d351e727ce467dcf6c4fc9426e54798eaf456ba03c736244470cc7
qwen3_14b_4k,galvatron,common,01,/opt/hbv/trainir-h20-experiments/20260927-v1/runs/qwen3_14b_4k/galvatron/common/01,memory_014,,,,,,,,,,,,,,,,,,,,,,,,,,,,,,,,,,,,,completed,36.33889444172382,d1b5c59a14b6d33c5894ebb8c577b0d21bac403f7932ffa72a2500046d0051ae
qwen3_14b_4k,galvatron,common,01,/opt/hbv/trainir-h20-experiments/20260927-v1/runs/qwen3_14b_4k/galvatron/common/01,memory_015,,,,,,,,,,,,,,,,,,,,,,,,,,,,,,,,,,,,,completed,37.20215159468353,44423458e5acf7001cc269011534975a6fcbe7e2ae1a6def78911347d8f24a56
qwen3_14b_4k,galvatron,common,01,/opt/hbv/trainir-h20-experiments/20260927-v1/runs/qwen3_14b_4k/galvatron/common/01,memory_016,,,,,,,,,,,,,,,,,,,,,,,,,,,,,,,,,,,,,completed,42.40261390991509,c7310a94804f2823ba479dbf0b1be5668300c49ea9de0ad9b96146a5f50da9ca
qwen3_14b_4k,galvatron,common,01,/opt/hbv/trainir-h20-experiments/20260927-v1/runs/qwen3_14b_4k/galvatron/common/01,memory_017,,,,,,,,,,,,,,,,,,,,,,,,,,,,,,,,,,,,,completed,46.30820910260081,eb161209f25c20d6416acbe1cbaf7e7df82c82ae304e3d5d15ccc0974033f9df
qwen3_14b_4k,galvatron,common,01,/opt/hbv/trainir-h20-experiments/20260927-v1/runs/qwen3_14b_4k/galvatron/common/01,memory_018,,,,,,,,,,,,,,,,,,,,,,,,,,,,,,,,,,,,,completed,42.048085978254676,878127418fbd22ad3b8b40e0ce8eaf3dbd3c179b228916a84abc08cbc5e6a281
qwen3_14b_4k,galvatron,common,01,/opt/hbv/trainir-h20-experiments/20260927-v1/runs/qwen3_14b_4k/galvatron/common/01,memory_019,,,,,,,,,,,,,,,,,,,,,,,,,,,,,,,,,,,,,completed,46.04407420847565,6ecb95f1ac070d470209b9d7edf24b8485744a0d9d55a874fd2fb05ff321ca8f
qwen3_14b_4k,galvatron,common,01,/opt/hbv/trainir-h20-experiments/20260927-v1/runs/qwen3_14b_4k/galvatron/common/01,memory_020,,,,,,,,,,,,,,,,,,,,,,,,,,,,,,,,,,,,,completed,42.11283054947853,de282f9c1600b8f5dbeeca6c2a76737346e11d42bb4ba9afa8901acebb824cbb
qwen3_14b_4k,galvatron,common,01,/opt/hbv/trainir-h20-experiments/20260927-v1/runs/qwen3_14b_4k/galvatron/common/01,memory_021,,,,,,,,,,,,,,,,,,,,,,,,,,,,,,,,,,,,,completed,57.49847792554647,90c00ebbd70bf6e8ec973c23632392d41bfdd1ff60443d138657d10423c92469
qwen3_14b_4k,galvatron,common,01,/opt/hbv/trainir-h20-experiments/20260927-v1/runs/qwen3_14b_4k/galvatron/common/01,memory_022,,,,,,,,,,,,,,,,,,,,,,,,,,,,,,,,,,,,,completed,59.87807416636497,9859e429b86d5ab1008af2308cf70b65dab34d4c4a9c6e49cc2cb2059056d7a5
qwen3_14b_4k,galvatron,common,01,/opt/hbv/trainir-h20-experiments/20260927-v1/runs/qwen3_14b_4k/galvatron/common/01,memory_023,,,,,,,,,,,,,,,,,,,,,,,,,,,,,,,,,,,,,completed,57.750525190494955,87f3ebc6c150d2b4a4751943affbe77a1758c512d7524990c52a6c65c856b1f0
qwen3_14b_4k,galvatron,full,01,/opt/hbv/trainir-h20-experiments/20260927-v1/runs/qwen3_14b_4k/galvatron/full/01,computation_000,,,,,,,,,,,,,,,,,,,,,,,,,,,,,,,,,,,,,completed,20.83869623579085,f558e9e80439b971eeddc61a3d7b7c763c426e279417006b9c8d07c2b3a002d3
qwen3_14b_4k,galvatron,full,01,/opt/hbv/trainir-h20-experiments/20260927-v1/runs/qwen3_14b_4k/galvatron/full/01,computation_001,,,,,,,,,,,,,,,,,,,,,,,,,,,,,,,,,,,,,completed,21.729840064421296,25d11450d1a4d1aadeda78730dcd60a1a9f6f631712be06ef393fc1b21420704
qwen3_14b_4k,galvatron,full,01,/opt/hbv/trainir-h20-experiments/20260927-v1/runs/qwen3_14b_4k/galvatron/full/01,memory_000,,,,,,,,,,,,,,,,,,,,,,,,,,,,,,,,,,,,,completed,36.55913280788809,f3a47afe2f957b20b0c722b2322d4363e19eb575ccfa58bfdf7345ab97c959f6
qwen3_14b_4k,galvatron,full,01,/opt/hbv/trainir-h20-experiments/20260927-v1/runs/qwen3_14b_4k/galvatron/full/01,memory_001,,,,,,,,,,,,,,,,,,,,,,,,,,,,,,,,,,,,,completed,37.64908375311643,804fa0036ab6192715b98fd0b42f1213714ba8401dfb7dde530a51b641d28fd0
qwen3_14b_4k,galvatron,full,01,/opt/hbv/trainir-h20-experiments/20260927-v1/runs/qwen3_14b_4k/galvatron/full/01,memory_002,,,,,,,,,,,,,,,,,,,,,,,,,,,,,,,,,,,,,completed,42.04245619568974,c79673e7398d789ce18b8175de0159e1cbd91fe2d3265439f50c319e56437aec
qwen3_14b_4k,galvatron,full,01,/opt/hbv/trainir-h20-experiments/20260927-v1/runs/qwen3_14b_4k/galvatron/full/01,memory_003,,,,,,,,,,,,,,,,,,,,,,,,,,,,,,,,,,,,,completed,42.050128747709095,b1b519af5725f2e156956924a400a3cf25a5d22484020ccb9f5b8bfa33114c95
qwen3_14b_4k,galvatron,full,01,/opt/hbv/trainir-h20-experiments/20260927-v1/runs/qwen3_14b_4k/galvatron/full/01,memory_004,,,,,,,,,,,,,,,,,,,,,,,,,,,,,,,,,,,,,completed,35.985075009055436,65be5c78212617ae9596de1411929c7ee635b2667315be22b9ccabd7f9f05046
qwen3_14b_4k,galvatron,full,01,/opt/hbv/trainir-h20-experiments/20260927-v1/runs/qwen3_14b_4k/galvatron/full/01,memory_005,,,,,,,,,,,,,,,,,,,,,,,,,,,,,,,,,,,,,completed,37.68240772653371,d2aa85c38f866fea12ee8142f8d5e2edfaceb5b4d48a67a33ee370eb8daac5f6
qwen3_14b_4k,galvatron,full,01,/opt/hbv/trainir-h20-experiments/20260927-v1/runs/qwen3_14b_4k/galvatron/full/01,memory_006,,,,,,,,,,,,,,,,,,,,,,,,,,,,,,,,,,,,,completed,43.346576360054314,b82a4b6ddd72fa825a24f9f8fb99476c5fd615ba3f6dcb15e61445ee19a283ea
qwen3_14b_4k,galvatron,full,01,/opt/hbv/trainir-h20-experiments/20260927-v1/runs/qwen3_14b_4k/galvatron/full/01,memory_007,,,,,,,,,,,,,,,,,,,,,,,,,,,,,,,,,,,,,completed,43.42696142476052,453a4d4283ed03717ea9d626fe663b93ba6100fe54237e5bec0dca7530048b13
qwen3_14b_4k,galvatron,full,01,/opt/hbv/trainir-h20-experiments/20260927-v1/runs/qwen3_14b_4k/galvatron/full/01,memory_008,,,,,,,,,,,,,,,,,,,,,,,,,,,,,,,,,,,,,completed,36.481791615486145,5f734dd52ccdd15d0c472091c561ecddd7feaac34064f20da7477af9e7dd484c
qwen3_14b_4k,galvatron,full,01,/opt/hbv/trainir-h20-experiments/20260927-v1/runs/qwen3_14b_4k/galvatron/full/01,memory_009,,,,,,,,,,,,,,,,,,,,,,,,,,,,,,,,,,,,,completed,37.976768852211535,1c897228d0b45207a88d743a7fc0c49ecc4fe2b92ecd0018c3e36cb604995bc8
qwen3_14b_4k,galvatron,full,01,/opt/hbv/trainir-h20-experiments/20260927-v1/runs/qwen3_14b_4k/galvatron/full/01,memory_010,,,,,,,,,,,,,,,,,,,,,,,,,,,,,,,,,,,,,completed,42.46534941531718,5948398e53a9cb31eec9f06eb60022b28e2033a306967cf6351a5c080f9ed8ee
qwen3_14b_4k,galvatron,full,01,/opt/hbv/trainir-h20-experiments/20260927-v1/runs/qwen3_14b_4k/galvatron/full/01,memory_011,,,,,,,,,,,,,,,,,,,,,,,,,,,,,,,,,,,,,completed,43.6668034074828,9b90f7a8811f8f0c4ad7b97bccba03f9b8ff3edc23b3013a5e0b701009eaaa5b
qwen3_14b_4k,galvatron,full,01,/opt/hbv/trainir-h20-experiments/20260927-v1/runs/qwen3_14b_4k/galvatron/full/01,memory_012,,,,,,,,,,,,,,,,,,,,,,,,,,,,,,,,,,,,,completed,48.02662156615406,98b9f7220c128913640da876489fc1dc2459bf47961f7d4f962abe446e91583d
qwen3_14b_4k,galvatron,full,01,/opt/hbv/trainir-h20-experiments/20260927-v1/runs/qwen3_14b_4k/galvatron/full/01,memory_013,,,,,,,,,,,,,,,,,,,,,,,,,,,,,,,,,,,,,completed,44.5710023092106,f1d5e5f7233dbb4460d31f7d0842030d66ff7788624e71390b60dff60fa30aa9
qwen3_14b_4k,galvatron,full,01,/opt/hbv/trainir-h20-experiments/20260927-v1/runs/qwen3_14b_4k/galvatron/full/01,memory_014,,,,,,,,,,,,,,,,,,,,,,,,,,,,,,,,,,,,,completed,37.22248318698257,fd012d10f00ec0e40008eb1cfd422e33f93bbaf7ee87b22ba62d253be1bff414
qwen3_14b_4k,galvatron,full,01,/opt/hbv/trainir-h20-experiments/20260927-v1/runs/qwen3_14b_4k/galvatron/full/01,memory_015,,,,,,,,,,,,,,,,,,,,,,,,,,,,,,,,,,,,,completed,36.73168818093836,5a4089715eb6b179956e416c2dcd19b9ceccd4a310806df68fb64cb592d2f9b7
qwen3_14b_4k,galvatron,full,01,/opt/hbv/trainir-h20-experiments/20260927-v1/runs/qwen3_14b_4k/galvatron/full/01,memory_016,,,,,,,,,,,,,,,,,,,,,,,,,,,,,,,,,,,,,completed,42.676066640764475,9b4f1fb4876e061c1048c94ad24e4bdf1001d89be4013cf6db7937d6ac4f306d
qwen3_14b_4k,galvatron,full,01,/opt/hbv/trainir-h20-experiments/20260927-v1/runs/qwen3_14b_4k/galvatron/full/01,memory_017,,,,,,,,,,,,,,,,,,,,,,,,,,,,,,,,,,,,,completed,46.92575766239315,fe845b2069a6f3d3c9b02a78e919a7270edaee45daff95d9064c6b3ed90b80a6
qwen3_14b_4k,galvatron,full,01,/opt/hbv/trainir-h20-experiments/20260927-v1/runs/qwen3_14b_4k/galvatron/full/01,memory_018,,,,,,,,,,,,,,,,,,,,,,,,,,,,,,,,,,,,,completed,42.072613298892975,eb400ef5a17d564466118f75f92a8cf3b7289ab6446fbf879d17a903335612b9
qwen3_14b_4k,galvatron,full,01,/opt/hbv/trainir-h20-experiments/20260927-v1/runs/qwen3_14b_4k/galvatron/full/01,memory_019,,,,,,,,,,,,,,,,,,,,,,,,,,,,,,,,,,,,,completed,47.194157720543444,ef300e6cb53aa6d78dd7af7e67213d280a66be873c0613e68a84aae5329935f7
qwen3_14b_4k,galvatron,full,01,/opt/hbv/trainir-h20-experiments/20260927-v1/runs/qwen3_14b_4k/galvatron/full/01,memory_020,,,,,,,,,,,,,,,,,,,,,,,,,,,,,,,,,,,,,completed,43.64326118957251,93c854a30429caba4ce784861f80423f5fef63f42800323982c83f27195a0663
qwen3_14b_4k,galvatron,full,01,/opt/hbv/trainir-h20-experiments/20260927-v1/runs/qwen3_14b_4k/galvatron/full/01,memory_021,,,,,,,,,,,,,,,,,,,,,,,,,,,,,,,,,,,,,completed,57.656076384708285,8b53a3c22843758460b045cf89056d4eb6e9e93f6a7991294458cd7237ff2679
qwen3_14b_4k,galvatron,full,01,/opt/hbv/trainir-h20-experiments/20260927-v1/runs/qwen3_14b_4k/galvatron/full/01,memory_022,,,,,,,,,,,,,,,,,,,,,,,,,,,,,,,,,,,,,completed,59.06170948129147,3a3b9f7f241d59a18a4bd7c1bbcaedcb86704f608969bbeff92e1624d83d6861
qwen3_14b_4k,galvatron,full,01,/opt/hbv/trainir-h20-experiments/20260927-v1/runs/qwen3_14b_4k/galvatron/full/01,memory_023,,,,,,,,,,,,,,,,,,,,,,,,,,,,,,,,,,,,,completed,56.83184549678117,17c9be12ebbde401c0e1640891d5322fef66ae8d553048e377e220c8ce98215e
