case,system,space,run,rank,iteration,seconds,loss,skipped,grad_norm,memory_allocated_bytes,memory_reserved_bytes,lr
llama7b_2k,devastator,common,/opt/hbv/trainir-h20-experiments/20260927-v1/runs/llama7b_2k/devastator/common/01/training_retries/02,0,1,57.937883463688195,,0,,,,
llama7b_2k,devastator,common,/opt/hbv/trainir-h20-experiments/20260927-v1/runs/llama7b_2k/devastator/common/01/training_retries/02,0,2,23.618040475063026,,0,,,,
llama7b_2k,devastator,common,/opt/hbv/trainir-h20-experiments/20260927-v1/runs/llama7b_2k/devastator/common/01/training_retries/02,0,3,23.610949601978064,,0,,,,
llama7b_2k,devastator,common,/opt/hbv/trainir-h20-experiments/20260927-v1/runs/llama7b_2k/devastator/common/01/training_retries/02,0,4,23.608692665584385,,0,,,,
llama7b_2k,devastator,common,/opt/hbv/trainir-h20-experiments/20260927-v1/runs/llama7b_2k/devastator/common/01/training_retries/02,0,5,23.606670481152833,,0,,,,
llama7b_2k,devastator,common,/opt/hbv/trainir-h20-experiments/20260927-v1/runs/llama7b_2k/devastator/common/01/training_retries/02,0,6,23.602916937321424,,0,,,,
llama7b_2k,devastator,common,/opt/hbv/trainir-h20-experiments/20260927-v1/runs/llama7b_2k/devastator/common/01/training_retries/02,0,7,23.609597416594625,,0,,,,
llama7b_2k,devastator,common,/opt/hbv/trainir-h20-experiments/20260927-v1/runs/llama7b_2k/devastator/common/01/training_retries/02,0,8,23.615036379545927,,0,,,,
llama7b_2k,devastator,common,/opt/hbv/trainir-h20-experiments/20260927-v1/runs/llama7b_2k/devastator/common/01/training_retries/02,0,9,23.607615664601326,,0,,,,
llama7b_2k,devastator,common,/opt/hbv/trainir-h20-experiments/20260927-v1/runs/llama7b_2k/devastator/common/01/training_retries/02,0,10,23.605039661750197,,0,,,,
llama7b_2k,devastator,common,/opt/hbv/trainir-h20-experiments/20260927-v1/runs/llama7b_2k/devastator/common/01/training_retries/02,1,1,57.89797287527472,,0,,,,
llama7b_2k,devastator,common,/opt/hbv/trainir-h20-experiments/20260927-v1/runs/llama7b_2k/devastator/common/01/training_retries/02,1,2,23.617682612501085,,0,,,,
llama7b_2k,devastator,common,/opt/hbv/trainir-h20-experiments/20260927-v1/runs/llama7b_2k/devastator/common/01/training_retries/02,1,3,23.61112038977444,,0,,,,
llama7b_2k,devastator,common,/opt/hbv/trainir-h20-experiments/20260927-v1/runs/llama7b_2k/devastator/common/01/training_retries/02,1,4,23.60808292403817,,0,,,,
llama7b_2k,devastator,common,/opt/hbv/trainir-h20-experiments/20260927-v1/runs/llama7b_2k/devastator/common/01/training_retries/02,1,5,23.606368830427527,,0,,,,
llama7b_2k,devastator,common,/opt/hbv/trainir-h20-experiments/20260927-v1/runs/llama7b_2k/devastator/common/01/training_retries/02,1,6,23.602262009866536,,0,,,,
llama7b_2k,devastator,common,/opt/hbv/trainir-h20-experiments/20260927-v1/runs/llama7b_2k/devastator/common/01/training_retries/02,1,7,23.609026027843356,,0,,,,
llama7b_2k,devastator,common,/opt/hbv/trainir-h20-experiments/20260927-v1/runs/llama7b_2k/devastator/common/01/training_retries/02,1,8,23.614938084036112,,0,,,,
llama7b_2k,devastator,common,/opt/hbv/trainir-h20-experiments/20260927-v1/runs/llama7b_2k/devastator/common/01/training_retries/02,1,9,23.606957393698394,,0,,,,
llama7b_2k,devastator,common,/opt/hbv/trainir-h20-experiments/20260927-v1/runs/llama7b_2k/devastator/common/01/training_retries/02,1,10,23.604440066963434,,0,,,,
llama7b_2k,devastator,common,/opt/hbv/trainir-h20-experiments/20260927-v1/runs/llama7b_2k/devastator/common/01/training_retries/02,2,1,57.9026360232383,,0,,,,
llama7b_2k,devastator,common,/opt/hbv/trainir-h20-experiments/20260927-v1/runs/llama7b_2k/devastator/common/01/training_retries/02,2,2,23.618322261609137,,0,,,,
llama7b_2k,devastator,common,/opt/hbv/trainir-h20-experiments/20260927-v1/runs/llama7b_2k/devastator/common/01/training_retries/02,2,3,23.610738796181977,,0,,,,
llama7b_2k,devastator,common,/opt/hbv/trainir-h20-experiments/20260927-v1/runs/llama7b_2k/devastator/common/01/training_retries/02,2,4,23.60826788842678,,0,,,,
llama7b_2k,devastator,common,/opt/hbv/trainir-h20-experiments/20260927-v1/runs/llama7b_2k/devastator/common/01/training_retries/02,2,5,23.60620859451592,,0,,,,
llama7b_2k,devastator,common,/opt/hbv/trainir-h20-experiments/20260927-v1/runs/llama7b_2k/devastator/common/01/training_retries/02,2,6,23.602614561095834,,0,,,,
llama7b_2k,devastator,common,/opt/hbv/trainir-h20-experiments/20260927-v1/runs/llama7b_2k/devastator/common/01/training_retries/02,2,7,23.609149598516524,,0,,,,
llama7b_2k,devastator,common,/opt/hbv/trainir-h20-experiments/20260927-v1/runs/llama7b_2k/devastator/common/01/training_retries/02,2,8,23.614887982606888,,0,,,,
llama7b_2k,devastator,common,/opt/hbv/trainir-h20-experiments/20260927-v1/runs/llama7b_2k/devastator/common/01/training_retries/02,2,9,23.60701469052583,,0,,,,
llama7b_2k,devastator,common,/opt/hbv/trainir-h20-experiments/20260927-v1/runs/llama7b_2k/devastator/common/01/training_retries/02,2,10,23.604734952561557,,0,,,,
llama7b_2k,devastator,common,/opt/hbv/trainir-h20-experiments/20260927-v1/runs/llama7b_2k/devastator/common/01/training_retries/02,3,1,57.89271009992808,,0,,,,
llama7b_2k,devastator,common,/opt/hbv/trainir-h20-experiments/20260927-v1/runs/llama7b_2k/devastator/common/01/training_retries/02,3,2,23.617380786687136,,0,,,,
llama7b_2k,devastator,common,/opt/hbv/trainir-h20-experiments/20260927-v1/runs/llama7b_2k/devastator/common/01/training_retries/02,3,3,23.610569288022816,,0,,,,
llama7b_2k,devastator,common,/opt/hbv/trainir-h20-experiments/20260927-v1/runs/llama7b_2k/devastator/common/01/training_retries/02,3,4,23.60815301630646,,0,,,,
llama7b_2k,devastator,common,/opt/hbv/trainir-h20-experiments/20260927-v1/runs/llama7b_2k/devastator/common/01/training_retries/02,3,5,23.606215466745198,,0,,,,
llama7b_2k,devastator,common,/opt/hbv/trainir-h20-experiments/20260927-v1/runs/llama7b_2k/devastator/common/01/training_retries/02,3,6,23.602632568217814,,0,,,,
llama7b_2k,devastator,common,/opt/hbv/trainir-h20-experiments/20260927-v1/runs/llama7b_2k/devastator/common/01/training_retries/02,3,7,23.60896730609238,,0,,,,
llama7b_2k,devastator,common,/opt/hbv/trainir-h20-experiments/20260927-v1/runs/llama7b_2k/devastator/common/01/training_retries/02,3,8,23.614699438214302,,0,,,,
llama7b_2k,devastator,common,/opt/hbv/trainir-h20-experiments/20260927-v1/runs/llama7b_2k/devastator/common/01/training_retries/02,3,9,23.606901762075722,,0,,,,
llama7b_2k,devastator,common,/opt/hbv/trainir-h20-experiments/20260927-v1/runs/llama7b_2k/devastator/common/01/training_retries/02,3,10,23.60489882621914,,0,,,,
llama7b_2k,devastator,common,/opt/hbv/trainir-h20-experiments/20260927-v1/runs/llama7b_2k/devastator/common/01/training_retries/02,4,1,57.93874017614871,10.577250480651855,0,,,,
llama7b_2k,devastator,common,/opt/hbv/trainir-h20-experiments/20260927-v1/runs/llama7b_2k/devastator/common/01/training_retries/02,4,2,23.618906918913126,10.576282501220703,0,,,,
llama7b_2k,devastator,common,/opt/hbv/trainir-h20-experiments/20260927-v1/runs/llama7b_2k/devastator/common/01/training_retries/02,4,3,23.611548954620957,10.528169631958008,0,,,,
llama7b_2k,devastator,common,/opt/hbv/trainir-h20-experiments/20260927-v1/runs/llama7b_2k/devastator/common/01/training_retries/02,4,4,23.609056356363,10.49169921875,0,,,,
llama7b_2k,devastator,common,/opt/hbv/trainir-h20-experiments/20260927-v1/runs/llama7b_2k/devastator/common/01/training_retries/02,4,5,23.606919419951737,10.332695960998535,0,,,,
llama7b_2k,devastator,common,/opt/hbv/trainir-h20-experiments/20260927-v1/runs/llama7b_2k/devastator/common/01/training_retries/02,4,6,23.60329811554402,10.281128883361816,0,,,,
llama7b_2k,devastator,common,/opt/hbv/trainir-h20-experiments/20260927-v1/runs/llama7b_2k/devastator/common/01/training_retries/02,4,7,23.610040303319693,10.074018478393555,0,,,,
llama7b_2k,devastator,common,/opt/hbv/trainir-h20-experiments/20260927-v1/runs/llama7b_2k/devastator/common/01/training_retries/02,4,8,23.61550254561007,9.978086471557617,0,,,,
llama7b_2k,devastator,common,/opt/hbv/trainir-h20-experiments/20260927-v1/runs/llama7b_2k/devastator/common/01/training_retries/02,4,9,23.607759160920978,9.967205047607422,0,,,,
llama7b_2k,devastator,common,/opt/hbv/trainir-h20-experiments/20260927-v1/runs/llama7b_2k/devastator/common/01/training_retries/02,4,10,23.605593931861222,9.927509307861328,0,,,,
llama7b_2k,devastator,common,/opt/hbv/trainir-h20-experiments/20260927-v1/runs/llama7b_2k/devastator/common/01/training_retries/02,5,1,57.938242240808904,10.577250480651855,0,,,,
llama7b_2k,devastator,common,/opt/hbv/trainir-h20-experiments/20260927-v1/runs/llama7b_2k/devastator/common/01/training_retries/02,5,2,23.61817271541804,10.576282501220703,0,,,,
llama7b_2k,devastator,common,/opt/hbv/trainir-h20-experiments/20260927-v1/runs/llama7b_2k/devastator/common/01/training_retries/02,5,3,23.6116146389395,10.528169631958008,0,,,,
llama7b_2k,devastator,common,/opt/hbv/trainir-h20-experiments/20260927-v1/runs/llama7b_2k/devastator/common/01/training_retries/02,5,4,23.60902297589928,10.49169921875,0,,,,
llama7b_2k,devastator,common,/opt/hbv/trainir-h20-experiments/20260927-v1/runs/llama7b_2k/devastator/common/01/training_retries/02,5,5,23.60689838323742,10.332695960998535,0,,,,
llama7b_2k,devastator,common,/opt/hbv/trainir-h20-experiments/20260927-v1/runs/llama7b_2k/devastator/common/01/training_retries/02,5,6,23.60327708069235,10.281128883361816,0,,,,
llama7b_2k,devastator,common,/opt/hbv/trainir-h20-experiments/20260927-v1/runs/llama7b_2k/devastator/common/01/training_retries/02,5,7,23.610012560151517,10.074018478393555,0,,,,
llama7b_2k,devastator,common,/opt/hbv/trainir-h20-experiments/20260927-v1/runs/llama7b_2k/devastator/common/01/training_retries/02,5,8,23.61540825944394,9.978086471557617,0,,,,
llama7b_2k,devastator,common,/opt/hbv/trainir-h20-experiments/20260927-v1/runs/llama7b_2k/devastator/common/01/training_retries/02,5,9,23.607727533206344,9.967205047607422,0,,,,
llama7b_2k,devastator,common,/opt/hbv/trainir-h20-experiments/20260927-v1/runs/llama7b_2k/devastator/common/01/training_retries/02,5,10,23.605513255111873,9.927509307861328,0,,,,
llama7b_2k,devastator,common,/opt/hbv/trainir-h20-experiments/20260927-v1/runs/llama7b_2k/devastator/common/01/training_retries/02,6,1,57.938391441479325,10.577250480651855,0,,,,
llama7b_2k,devastator,common,/opt/hbv/trainir-h20-experiments/20260927-v1/runs/llama7b_2k/devastator/common/01/training_retries/02,6,2,23.619001309387386,10.576282501220703,0,,,,
llama7b_2k,devastator,common,/opt/hbv/trainir-h20-experiments/20260927-v1/runs/llama7b_2k/devastator/common/01/training_retries/02,6,3,23.61161373835057,10.528169631958008,0,,,,
llama7b_2k,devastator,common,/opt/hbv/trainir-h20-experiments/20260927-v1/runs/llama7b_2k/devastator/common/01/training_retries/02,6,4,23.60915798507631,10.49169921875,0,,,,
llama7b_2k,devastator,common,/opt/hbv/trainir-h20-experiments/20260927-v1/runs/llama7b_2k/devastator/common/01/training_retries/02,6,5,23.607022444717586,10.332695960998535,0,,,,
llama7b_2k,devastator,common,/opt/hbv/trainir-h20-experiments/20260927-v1/runs/llama7b_2k/devastator/common/01/training_retries/02,6,6,23.60339566040784,10.281128883361816,0,,,,
llama7b_2k,devastator,common,/opt/hbv/trainir-h20-experiments/20260927-v1/runs/llama7b_2k/devastator/common/01/training_retries/02,6,7,23.60998895019293,10.074018478393555,0,,,,
llama7b_2k,devastator,common,/opt/hbv/trainir-h20-experiments/20260927-v1/runs/llama7b_2k/devastator/common/01/training_retries/02,6,8,23.61548157967627,9.978086471557617,0,,,,
llama7b_2k,devastator,common,/opt/hbv/trainir-h20-experiments/20260927-v1/runs/llama7b_2k/devastator/common/01/training_retries/02,6,9,23.608032643795013,9.967205047607422,0,,,,
llama7b_2k,devastator,common,/opt/hbv/trainir-h20-experiments/20260927-v1/runs/llama7b_2k/devastator/common/01/training_retries/02,6,10,23.605576404370368,9.927509307861328,0,,,,
llama7b_2k,devastator,common,/opt/hbv/trainir-h20-experiments/20260927-v1/runs/llama7b_2k/devastator/common/01/training_retries/02,7,1,57.93842620309442,10.577250480651855,0,,,,
llama7b_2k,devastator,common,/opt/hbv/trainir-h20-experiments/20260927-v1/runs/llama7b_2k/devastator/common/01/training_retries/02,7,2,23.618952615186572,10.576282501220703,0,,,,
llama7b_2k,devastator,common,/opt/hbv/trainir-h20-experiments/20260927-v1/runs/llama7b_2k/devastator/common/01/training_retries/02,7,3,23.611645857803524,10.528169631958008,0,,,,
llama7b_2k,devastator,common,/opt/hbv/trainir-h20-experiments/20260927-v1/runs/llama7b_2k/devastator/common/01/training_retries/02,7,4,23.609080823138356,10.49169921875,0,,,,
llama7b_2k,devastator,common,/opt/hbv/trainir-h20-experiments/20260927-v1/runs/llama7b_2k/devastator/common/01/training_retries/02,7,5,23.606937107630074,10.332695960998535,0,,,,
llama7b_2k,devastator,common,/opt/hbv/trainir-h20-experiments/20260927-v1/runs/llama7b_2k/devastator/common/01/training_retries/02,7,6,23.60334485769272,10.281128883361816,0,,,,
llama7b_2k,devastator,common,/opt/hbv/trainir-h20-experiments/20260927-v1/runs/llama7b_2k/devastator/common/01/training_retries/02,7,7,23.610032074153423,10.074018478393555,0,,,,
llama7b_2k,devastator,common,/opt/hbv/trainir-h20-experiments/20260927-v1/runs/llama7b_2k/devastator/common/01/training_retries/02,7,8,23.61541574355215,9.978086471557617,0,,,,
llama7b_2k,devastator,common,/opt/hbv/trainir-h20-experiments/20260927-v1/runs/llama7b_2k/devastator/common/01/training_retries/02,7,9,23.60799597017467,9.967205047607422,0,,,,
llama7b_2k,devastator,common,/opt/hbv/trainir-h20-experiments/20260927-v1/runs/llama7b_2k/devastator/common/01/training_retries/02,7,10,23.605560809373856,9.927509307861328,0,,,,
llama7b_2k,devastator,full,/opt/hbv/trainir-h20-experiments/20260927-v1/runs/llama7b_2k/devastator/full/01,0,1,48.54342952091247,10.586121559143066,0,7.224433422088623,44601069056,79033270272,
llama7b_2k,devastator,full,/opt/hbv/trainir-h20-experiments/20260927-v1/runs/llama7b_2k/devastator/full/01,0,2,20.239581909962,10.590497970581055,0,7.416370391845703,44601070080,84760592384,
llama7b_2k,devastator,full,/opt/hbv/trainir-h20-experiments/20260927-v1/runs/llama7b_2k/devastator/full/01,0,3,20.22728970926255,10.546897888183594,0,7.212867736816406,44601070080,84760592384,
llama7b_2k,devastator,full,/opt/hbv/trainir-h20-experiments/20260927-v1/runs/llama7b_2k/devastator/full/01,0,4,20.224312881939113,10.511504173278809,0,7.258570671081543,44601070080,84760592384,
llama7b_2k,devastator,full,/opt/hbv/trainir-h20-experiments/20260927-v1/runs/llama7b_2k/devastator/full/01,0,5,20.229898209683597,10.386564254760742,0,7.238963603973389,44601070080,84760592384,
llama7b_2k,devastator,full,/opt/hbv/trainir-h20-experiments/20260927-v1/runs/llama7b_2k/devastator/full/01,0,6,20.221508129499853,10.3427095413208,0,7.427509784698486,44601070080,84760592384,
llama7b_2k,devastator,full,/opt/hbv/trainir-h20-experiments/20260927-v1/runs/llama7b_2k/devastator/full/01,0,7,20.22167814336717,10.161724090576172,0,7.798160552978516,44601070080,84760592384,
llama7b_2k,devastator,full,/opt/hbv/trainir-h20-experiments/20260927-v1/runs/llama7b_2k/devastator/full/01,0,8,20.221314172260463,10.082897186279297,0,8.057343482971191,44601070080,84760592384,
llama7b_2k,devastator,full,/opt/hbv/trainir-h20-experiments/20260927-v1/runs/llama7b_2k/devastator/full/01,0,9,20.22297009266913,10.0830717086792,0,7.94140100479126,44601070080,84760592384,
llama7b_2k,devastator,full,/opt/hbv/trainir-h20-experiments/20260927-v1/runs/llama7b_2k/devastator/full/01,0,10,20.225159944035113,10.04241943359375,0,8.150633811950684,44601070080,84760592384,
llama7b_2k,devastator,full,/opt/hbv/trainir-h20-experiments/20260927-v1/runs/llama7b_2k/devastator/full/01,1,1,48.543406437151134,10.586121559143066,0,7.224433422088623,44601069056,77930168320,
llama7b_2k,devastator,full,/opt/hbv/trainir-h20-experiments/20260927-v1/runs/llama7b_2k/devastator/full/01,1,2,20.23968021851033,10.590497970581055,0,7.416370391845703,44601070080,83607158784,
llama7b_2k,devastator,full,/opt/hbv/trainir-h20-experiments/20260927-v1/runs/llama7b_2k/devastator/full/01,1,3,20.227117240428925,10.546897888183594,0,7.212867736816406,44601070080,83607158784,
llama7b_2k,devastator,full,/opt/hbv/trainir-h20-experiments/20260927-v1/runs/llama7b_2k/devastator/full/01,1,4,20.224312716163695,10.511504173278809,0,7.258570671081543,44601070080,83607158784,
llama7b_2k,devastator,full,/opt/hbv/trainir-h20-experiments/20260927-v1/runs/llama7b_2k/devastator/full/01,1,5,20.229901652783155,10.386564254760742,0,7.238963603973389,44601070080,83607158784,
llama7b_2k,devastator,full,/opt/hbv/trainir-h20-experiments/20260927-v1/runs/llama7b_2k/devastator/full/01,1,6,20.22148317284882,10.3427095413208,0,7.427509784698486,44601070080,83607158784,
llama7b_2k,devastator,full,/opt/hbv/trainir-h20-experiments/20260927-v1/runs/llama7b_2k/devastator/full/01,1,7,20.22166129760444,10.161724090576172,0,7.798160552978516,44601070080,83607158784,
llama7b_2k,devastator,full,/opt/hbv/trainir-h20-experiments/20260927-v1/runs/llama7b_2k/devastator/full/01,1,8,20.221562892198563,10.082897186279297,0,8.057343482971191,44601070080,83607158784,
llama7b_2k,devastator,full,/opt/hbv/trainir-h20-experiments/20260927-v1/runs/llama7b_2k/devastator/full/01,1,9,20.222959890030324,10.0830717086792,0,7.94140100479126,44601070080,83607158784,
llama7b_2k,devastator,full,/opt/hbv/trainir-h20-experiments/20260927-v1/runs/llama7b_2k/devastator/full/01,1,10,20.224939779378474,10.04241943359375,0,8.150633811950684,44601070080,83607158784,
llama7b_2k,devastator,full,/opt/hbv/trainir-h20-experiments/20260927-v1/runs/llama7b_2k/devastator/full/01,2,1,48.54354865569621,10.586121559143066,0,7.224433422088623,44601069056,78936801280,
llama7b_2k,devastator,full,/opt/hbv/trainir-h20-experiments/20260927-v1/runs/llama7b_2k/devastator/full/01,2,2,20.239564262330532,10.590497970581055,0,7.416370391845703,44601070080,84416659456,
llama7b_2k,devastator,full,/opt/hbv/trainir-h20-experiments/20260927-v1/runs/llama7b_2k/devastator/full/01,2,3,20.22635219898075,10.546897888183594,0,7.212867736816406,44601070080,84416659456,
llama7b_2k,devastator,full,/opt/hbv/trainir-h20-experiments/20260927-v1/runs/llama7b_2k/devastator/full/01,2,4,20.22435878869146,10.511504173278809,0,7.258570671081543,44601070080,84416659456,
llama7b_2k,devastator,full,/opt/hbv/trainir-h20-experiments/20260927-v1/runs/llama7b_2k/devastator/full/01,2,5,20.229937011376023,10.386564254760742,0,7.238963603973389,44601070080,84416659456,
llama7b_2k,devastator,full,/opt/hbv/trainir-h20-experiments/20260927-v1/runs/llama7b_2k/devastator/full/01,2,6,20.22154285851866,10.3427095413208,0,7.427509784698486,44601070080,84416659456,
llama7b_2k,devastator,full,/opt/hbv/trainir-h20-experiments/20260927-v1/runs/llama7b_2k/devastator/full/01,2,7,20.220849295146763,10.161724090576172,0,7.798160552978516,44601070080,84416659456,
llama7b_2k,devastator,full,/opt/hbv/trainir-h20-experiments/20260927-v1/runs/llama7b_2k/devastator/full/01,2,8,20.221647675149143,10.082897186279297,0,8.057343482971191,44601070080,84416659456,
llama7b_2k,devastator,full,/opt/hbv/trainir-h20-experiments/20260927-v1/runs/llama7b_2k/devastator/full/01,2,9,20.2230121223256,10.0830717086792,0,7.94140100479126,44601070080,84416659456,
llama7b_2k,devastator,full,/opt/hbv/trainir-h20-experiments/20260927-v1/runs/llama7b_2k/devastator/full/01,2,10,20.225072419270873,10.04241943359375,0,8.150633811950684,44601070080,84416659456,
llama7b_2k,devastator,full,/opt/hbv/trainir-h20-experiments/20260927-v1/runs/llama7b_2k/devastator/full/01,3,1,48.54339331947267,10.586121559143066,0,7.224433422088623,44601085440,77955334144,
llama7b_2k,devastator,full,/opt/hbv/trainir-h20-experiments/20260927-v1/runs/llama7b_2k/devastator/full/01,3,2,20.23976829368621,10.590497970581055,0,7.416370391845703,44601086464,84680900608,
llama7b_2k,devastator,full,/opt/hbv/trainir-h20-experiments/20260927-v1/runs/llama7b_2k/devastator/full/01,3,3,20.22722898144275,10.546897888183594,0,7.212867736816406,44601086464,84680900608,
llama7b_2k,devastator,full,/opt/hbv/trainir-h20-experiments/20260927-v1/runs/llama7b_2k/devastator/full/01,3,4,20.224316084757447,10.511504173278809,0,7.258570671081543,44601086464,84680900608,
llama7b_2k,devastator,full,/opt/hbv/trainir-h20-experiments/20260927-v1/runs/llama7b_2k/devastator/full/01,3,5,20.22996005602181,10.386564254760742,0,7.238963603973389,44601086464,84680900608,
llama7b_2k,devastator,full,/opt/hbv/trainir-h20-experiments/20260927-v1/runs/llama7b_2k/devastator/full/01,3,6,20.221628786996007,10.3427095413208,0,7.427509784698486,44601086464,84680900608,
llama7b_2k,devastator,full,/opt/hbv/trainir-h20-experiments/20260927-v1/runs/llama7b_2k/devastator/full/01,3,7,20.22161906771362,10.161724090576172,0,7.798160552978516,44601086464,84680900608,
llama7b_2k,devastator,full,/opt/hbv/trainir-h20-experiments/20260927-v1/runs/llama7b_2k/devastator/full/01,3,8,20.221592045389116,10.082897186279297,0,8.057343482971191,44601086464,84680900608,
llama7b_2k,devastator,full,/opt/hbv/trainir-h20-experiments/20260927-v1/runs/llama7b_2k/devastator/full/01,3,9,20.22328194323927,10.0830717086792,0,7.94140100479126,44601086464,84680900608,
llama7b_2k,devastator,full,/opt/hbv/trainir-h20-experiments/20260927-v1/runs/llama7b_2k/devastator/full/01,3,10,20.225225022993982,10.04241943359375,0,8.150633811950684,44601086464,84680900608,
llama7b_2k,devastator,full,/opt/hbv/trainir-h20-experiments/20260927-v1/runs/llama7b_2k/devastator/full/01,4,1,48.54359176196158,10.586121559143066,0,7.224433422088623,44601069056,77955334144,
llama7b_2k,devastator,full,/opt/hbv/trainir-h20-experiments/20260927-v1/runs/llama7b_2k/devastator/full/01,4,2,20.24096427951008,10.590497970581055,0,7.416370391845703,44601070080,84680900608,
llama7b_2k,devastator,full,/opt/hbv/trainir-h20-experiments/20260927-v1/runs/llama7b_2k/devastator/full/01,4,3,20.227423223666847,10.546897888183594,0,7.212867736816406,44601070080,84680900608,
llama7b_2k,devastator,full,/opt/hbv/trainir-h20-experiments/20260927-v1/runs/llama7b_2k/devastator/full/01,4,4,20.224309316836298,10.511504173278809,0,7.258570671081543,44601070080,84680900608,
llama7b_2k,devastator,full,/opt/hbv/trainir-h20-experiments/20260927-v1/runs/llama7b_2k/devastator/full/01,4,5,20.23002738878131,10.386564254760742,0,7.238963603973389,44601070080,84680900608,
llama7b_2k,devastator,full,/opt/hbv/trainir-h20-experiments/20260927-v1/runs/llama7b_2k/devastator/full/01,4,6,20.221618947573006,10.3427095413208,0,7.427509784698486,44601070080,84680900608,
llama7b_2k,devastator,full,/opt/hbv/trainir-h20-experiments/20260927-v1/runs/llama7b_2k/devastator/full/01,4,7,20.221783708781004,10.161724090576172,0,7.798160552978516,44601070080,84680900608,
llama7b_2k,devastator,full,/opt/hbv/trainir-h20-experiments/20260927-v1/runs/llama7b_2k/devastator/full/01,4,8,20.221692935563624,10.082897186279297,0,8.057343482971191,44601070080,84680900608,
llama7b_2k,devastator,full,/opt/hbv/trainir-h20-experiments/20260927-v1/runs/llama7b_2k/devastator/full/01,4,9,20.223147905431688,10.0830717086792,0,7.94140100479126,44601070080,84680900608,
llama7b_2k,devastator,full,/opt/hbv/trainir-h20-experiments/20260927-v1/runs/llama7b_2k/devastator/full/01,4,10,20.22541676927358,10.04241943359375,0,8.150633811950684,44601070080,84680900608,
llama7b_2k,devastator,full,/opt/hbv/trainir-h20-experiments/20260927-v1/runs/llama7b_2k/devastator/full/01,5,1,48.54349792096764,10.586121559143066,0,7.224433422088623,44604196352,77888225280,
llama7b_2k,devastator,full,/opt/hbv/trainir-h20-experiments/20260927-v1/runs/llama7b_2k/devastator/full/01,5,2,20.23975448589772,10.590497970581055,0,7.416370391845703,44604197376,84479574016,
llama7b_2k,devastator,full,/opt/hbv/trainir-h20-experiments/20260927-v1/runs/llama7b_2k/devastator/full/01,5,3,20.226582874543965,10.546897888183594,0,7.212867736816406,44604197376,84479574016,
llama7b_2k,devastator,full,/opt/hbv/trainir-h20-experiments/20260927-v1/runs/llama7b_2k/devastator/full/01,5,4,20.224377661012113,10.511504173278809,0,7.258570671081543,44604197376,84479574016,
llama7b_2k,devastator,full,/opt/hbv/trainir-h20-experiments/20260927-v1/runs/llama7b_2k/devastator/full/01,5,5,20.230458208359778,10.386564254760742,0,7.238963603973389,44604197376,84479574016,
llama7b_2k,devastator,full,/opt/hbv/trainir-h20-experiments/20260927-v1/runs/llama7b_2k/devastator/full/01,5,6,20.221678314730525,10.3427095413208,0,7.427509784698486,44604197376,84479574016,
llama7b_2k,devastator,full,/opt/hbv/trainir-h20-experiments/20260927-v1/runs/llama7b_2k/devastator/full/01,5,7,20.221704330295324,10.161724090576172,0,7.798160552978516,44604197376,84479574016,
llama7b_2k,devastator,full,/opt/hbv/trainir-h20-experiments/20260927-v1/runs/llama7b_2k/devastator/full/01,5,8,20.221596617251635,10.082897186279297,0,8.057343482971191,44604197376,84479574016,
llama7b_2k,devastator,full,/opt/hbv/trainir-h20-experiments/20260927-v1/runs/llama7b_2k/devastator/full/01,5,9,20.222931899130344,10.0830717086792,0,7.94140100479126,44604197376,84479574016,
llama7b_2k,devastator,full,/opt/hbv/trainir-h20-experiments/20260927-v1/runs/llama7b_2k/devastator/full/01,5,10,20.225346500985324,10.04241943359375,0,8.150633811950684,44604197376,84479574016,
llama7b_2k,devastator,full,/opt/hbv/trainir-h20-experiments/20260927-v1/runs/llama7b_2k/devastator/full/01,6,1,48.54494323860854,10.586121559143066,0,7.224433422088623,44601069056,77942751232,
llama7b_2k,devastator,full,/opt/hbv/trainir-h20-experiments/20260927-v1/runs/llama7b_2k/devastator/full/01,6,2,20.23934924043715,10.590497970581055,0,7.416370391845703,44601070080,83619741696,
llama7b_2k,devastator,full,/opt/hbv/trainir-h20-experiments/20260927-v1/runs/llama7b_2k/devastator/full/01,6,3,20.227181447669864,10.546897888183594,0,7.212867736816406,44601070080,83619741696,
llama7b_2k,devastator,full,/opt/hbv/trainir-h20-experiments/20260927-v1/runs/llama7b_2k/devastator/full/01,6,4,20.22434237319976,10.511504173278809,0,7.258570671081543,44601070080,83619741696,
llama7b_2k,devastator,full,/opt/hbv/trainir-h20-experiments/20260927-v1/runs/llama7b_2k/devastator/full/01,6,5,20.229966741986573,10.386564254760742,0,7.238963603973389,44601070080,83619741696,
llama7b_2k,devastator,full,/opt/hbv/trainir-h20-experiments/20260927-v1/runs/llama7b_2k/devastator/full/01,6,6,20.221614451147616,10.3427095413208,0,7.427509784698486,44601070080,83619741696,
llama7b_2k,devastator,full,/opt/hbv/trainir-h20-experiments/20260927-v1/runs/llama7b_2k/devastator/full/01,6,7,20.22163555584848,10.161724090576172,0,7.798160552978516,44601070080,83619741696,
llama7b_2k,devastator,full,/opt/hbv/trainir-h20-experiments/20260927-v1/runs/llama7b_2k/devastator/full/01,6,8,20.221650939434767,10.082897186279297,0,8.057343482971191,44601070080,83619741696,
llama7b_2k,devastator,full,/opt/hbv/trainir-h20-experiments/20260927-v1/runs/llama7b_2k/devastator/full/01,6,9,20.223122604191303,10.0830717086792,0,7.94140100479126,44601070080,83619741696,
llama7b_2k,devastator,full,/opt/hbv/trainir-h20-experiments/20260927-v1/runs/llama7b_2k/devastator/full/01,6,10,20.225298289209604,10.04241943359375,0,8.150633811950684,44601070080,83619741696,
llama7b_2k,devastator,full,/opt/hbv/trainir-h20-experiments/20260927-v1/runs/llama7b_2k/devastator/full/01,7,1,48.543589137494564,10.586121559143066,0,7.224433422088623,44601069056,77984694272,
llama7b_2k,devastator,full,/opt/hbv/trainir-h20-experiments/20260927-v1/runs/llama7b_2k/devastator/full/01,7,2,20.239886835217476,10.590497970581055,0,7.416370391845703,44601070080,84710260736,
llama7b_2k,devastator,full,/opt/hbv/trainir-h20-experiments/20260927-v1/runs/llama7b_2k/devastator/full/01,7,3,20.227229131385684,10.546897888183594,0,7.212867736816406,44601070080,84710260736,
llama7b_2k,devastator,full,/opt/hbv/trainir-h20-experiments/20260927-v1/runs/llama7b_2k/devastator/full/01,7,4,20.224341771565378,10.511504173278809,0,7.258570671081543,44601070080,84710260736,
llama7b_2k,devastator,full,/opt/hbv/trainir-h20-experiments/20260927-v1/runs/llama7b_2k/devastator/full/01,7,5,20.22991427499801,10.386564254760742,0,7.238963603973389,44601070080,84710260736,
llama7b_2k,devastator,full,/opt/hbv/trainir-h20-experiments/20260927-v1/runs/llama7b_2k/devastator/full/01,7,6,20.22150781750679,10.3427095413208,0,7.427509784698486,44601070080,84710260736,
llama7b_2k,devastator,full,/opt/hbv/trainir-h20-experiments/20260927-v1/runs/llama7b_2k/devastator/full/01,7,7,20.220889853313565,10.161724090576172,0,7.798160552978516,44601070080,84710260736,
llama7b_2k,devastator,full,/opt/hbv/trainir-h20-experiments/20260927-v1/runs/llama7b_2k/devastator/full/01,7,8,20.22130023688078,10.082897186279297,0,8.057343482971191,44601070080,84710260736,
llama7b_2k,devastator,full,/opt/hbv/trainir-h20-experiments/20260927-v1/runs/llama7b_2k/devastator/full/01,7,9,20.22302603442222,10.0830717086792,0,7.94140100479126,44601070080,84710260736,
llama7b_2k,devastator,full,/opt/hbv/trainir-h20-experiments/20260927-v1/runs/llama7b_2k/devastator/full/01,7,10,20.225217901170254,10.04241943359375,0,8.150633811950684,44601070080,84710260736,
llama7b_2k,galvatron,common,/opt/hbv/trainir-h20-experiments/20260927-v1/runs/llama7b_2k/galvatron/common/01/training_retries/02,0,1,33.81491105258465,,0,6.304044593827585,,,9.817718381265238e-07
llama7b_2k,galvatron,common,/opt/hbv/trainir-h20-experiments/20260927-v1/runs/llama7b_2k/galvatron/common/01/training_retries/02,0,2,26.50883971620351,,0,6.471067741292958,,,9.206544616434248e-07
llama7b_2k,galvatron,common,/opt/hbv/trainir-h20-experiments/20260927-v1/runs/llama7b_2k/galvatron/common/01/training_retries/02,0,3,26.511475978419185,,0,6.383912980311178,,,8.225243592119499e-07
llama7b_2k,galvatron,common,/opt/hbv/trainir-h20-experiments/20260927-v1/runs/llama7b_2k/galvatron/common/01/training_retries/02,0,4,26.517518402077258,,0,6.503466048822993,,,6.971805834928398e-07
llama7b_2k,galvatron,common,/opt/hbv/trainir-h20-experiments/20260927-v1/runs/llama7b_2k/galvatron/common/01/training_retries/02,0,5,26.692545721307397,,0,6.391805898782056,,,5.571396837256635e-07
llama7b_2k,galvatron,common,/opt/hbv/trainir-h20-experiments/20260927-v1/runs/llama7b_2k/galvatron/common/01/training_retries/02,0,6,26.518519303761423,,0,6.6665340728289575,,,4.1638583110227627e-07
llama7b_2k,galvatron,common,/opt/hbv/trainir-h20-experiments/20260927-v1/runs/llama7b_2k/galvatron/common/01/training_retries/02,0,7,26.52248189970851,,0,6.626781583949855,,,2.889743906929609e-07
llama7b_2k,galvatron,common,/opt/hbv/trainir-h20-experiments/20260927-v1/runs/llama7b_2k/galvatron/common/01/training_retries/02,0,8,26.513555952347815,,0,6.704138761390789,,,1.876283841110236e-07
llama7b_2k,galvatron,common,/opt/hbv/trainir-h20-experiments/20260927-v1/runs/llama7b_2k/galvatron/common/01/training_retries/02,0,9,26.51533799432218,,0,6.516328695887859,,,1.224679970165746e-07
llama7b_2k,galvatron,common,/opt/hbv/trainir-h20-experiments/20260927-v1/runs/llama7b_2k/galvatron/common/01/training_retries/02,0,10,26.512824842706323,,0,6.842485145494186,,,1e-07
llama7b_2k,galvatron,common,/opt/hbv/trainir-h20-experiments/20260927-v1/runs/llama7b_2k/galvatron/common/01/training_retries/02,1,1,33.81184041965753,,0,6.304044593827585,,,9.817718381265238e-07
llama7b_2k,galvatron,common,/opt/hbv/trainir-h20-experiments/20260927-v1/runs/llama7b_2k/galvatron/common/01/training_retries/02,1,2,26.50758207216859,,0,6.471067741292958,,,9.206544616434248e-07
llama7b_2k,galvatron,common,/opt/hbv/trainir-h20-experiments/20260927-v1/runs/llama7b_2k/galvatron/common/01/training_retries/02,1,3,26.51030038204044,,0,6.383912980311178,,,8.225243592119499e-07
llama7b_2k,galvatron,common,/opt/hbv/trainir-h20-experiments/20260927-v1/runs/llama7b_2k/galvatron/common/01/training_retries/02,1,4,26.516317857429385,,0,6.503466048822993,,,6.971805834928398e-07
llama7b_2k,galvatron,common,/opt/hbv/trainir-h20-experiments/20260927-v1/runs/llama7b_2k/galvatron/common/01/training_retries/02,1,5,26.69130046851933,,0,6.391805898782056,,,5.571396837256635e-07
llama7b_2k,galvatron,common,/opt/hbv/trainir-h20-experiments/20260927-v1/runs/llama7b_2k/galvatron/common/01/training_retries/02,1,6,26.517234912142158,,0,6.6665340728289575,,,4.1638583110227627e-07
llama7b_2k,galvatron,common,/opt/hbv/trainir-h20-experiments/20260927-v1/runs/llama7b_2k/galvatron/common/01/training_retries/02,1,7,26.521204201504588,,0,6.626781583949855,,,2.889743906929609e-07
llama7b_2k,galvatron,common,/opt/hbv/trainir-h20-experiments/20260927-v1/runs/llama7b_2k/galvatron/common/01/training_retries/02,1,8,26.512291139923036,,0,6.704138761390789,,,1.876283841110236e-07
llama7b_2k,galvatron,common,/opt/hbv/trainir-h20-experiments/20260927-v1/runs/llama7b_2k/galvatron/common/01/training_retries/02,1,9,26.514010779559612,,0,6.516328695887859,,,1.224679970165746e-07
llama7b_2k,galvatron,common,/opt/hbv/trainir-h20-experiments/20260927-v1/runs/llama7b_2k/galvatron/common/01/training_retries/02,1,10,26.511417547240853,,0,6.842485145494186,,,1e-07
llama7b_2k,galvatron,common,/opt/hbv/trainir-h20-experiments/20260927-v1/runs/llama7b_2k/galvatron/common/01/training_retries/02,2,1,33.81294448673725,,0,6.304044593827585,,,9.817718381265238e-07
llama7b_2k,galvatron,common,/opt/hbv/trainir-h20-experiments/20260927-v1/runs/llama7b_2k/galvatron/common/01/training_retries/02,2,2,26.50768079329282,,0,6.471067741292958,,,9.206544616434248e-07
llama7b_2k,galvatron,common,/opt/hbv/trainir-h20-experiments/20260927-v1/runs/llama7b_2k/galvatron/common/01/training_retries/02,2,3,26.51017877832055,,0,6.383912980311178,,,8.225243592119499e-07
llama7b_2k,galvatron,common,/opt/hbv/trainir-h20-experiments/20260927-v1/runs/llama7b_2k/galvatron/common/01/training_retries/02,2,4,26.516348809935153,,0,6.503466048822993,,,6.971805834928398e-07
llama7b_2k,galvatron,common,/opt/hbv/trainir-h20-experiments/20260927-v1/runs/llama7b_2k/galvatron/common/01/training_retries/02,2,5,26.691369800828397,,0,6.391805898782056,,,5.571396837256635e-07
llama7b_2k,galvatron,common,/opt/hbv/trainir-h20-experiments/20260927-v1/runs/llama7b_2k/galvatron/common/01/training_retries/02,2,6,26.51731932349503,,0,6.6665340728289575,,,4.1638583110227627e-07
llama7b_2k,galvatron,common,/opt/hbv/trainir-h20-experiments/20260927-v1/runs/llama7b_2k/galvatron/common/01/training_retries/02,2,7,26.521341814659536,,0,6.626781583949855,,,2.889743906929609e-07
llama7b_2k,galvatron,common,/opt/hbv/trainir-h20-experiments/20260927-v1/runs/llama7b_2k/galvatron/common/01/training_retries/02,2,8,26.512376901693642,,0,6.704138761390789,,,1.876283841110236e-07
llama7b_2k,galvatron,common,/opt/hbv/trainir-h20-experiments/20260927-v1/runs/llama7b_2k/galvatron/common/01/training_retries/02,2,9,26.514167530462146,,0,6.516328695887859,,,1.224679970165746e-07
llama7b_2k,galvatron,common,/opt/hbv/trainir-h20-experiments/20260927-v1/runs/llama7b_2k/galvatron/common/01/training_retries/02,2,10,26.511525489389896,,0,6.842485145494186,,,1e-07
llama7b_2k,galvatron,common,/opt/hbv/trainir-h20-experiments/20260927-v1/runs/llama7b_2k/galvatron/common/01/training_retries/02,3,1,33.80807726178318,,0,6.304044593827585,,,9.817718381265238e-07
llama7b_2k,galvatron,common,/opt/hbv/trainir-h20-experiments/20260927-v1/runs/llama7b_2k/galvatron/common/01/training_retries/02,3,2,26.507739807479084,,0,6.471067741292958,,,9.206544616434248e-07
llama7b_2k,galvatron,common,/opt/hbv/trainir-h20-experiments/20260927-v1/runs/llama7b_2k/galvatron/common/01/training_retries/02,3,3,26.51033584587276,,0,6.383912980311178,,,8.225243592119499e-07
llama7b_2k,galvatron,common,/opt/hbv/trainir-h20-experiments/20260927-v1/runs/llama7b_2k/galvatron/common/01/training_retries/02,3,4,26.516404012218118,,0,6.503466048822993,,,6.971805834928398e-07
llama7b_2k,galvatron,common,/opt/hbv/trainir-h20-experiments/20260927-v1/runs/llama7b_2k/galvatron/common/01/training_retries/02,3,5,26.69143417198211,,0,6.391805898782056,,,5.571396837256635e-07
llama7b_2k,galvatron,common,/opt/hbv/trainir-h20-experiments/20260927-v1/runs/llama7b_2k/galvatron/common/01/training_retries/02,3,6,26.517362846061587,,0,6.6665340728289575,,,4.1638583110227627e-07
llama7b_2k,galvatron,common,/opt/hbv/trainir-h20-experiments/20260927-v1/runs/llama7b_2k/galvatron/common/01/training_retries/02,3,7,26.521352992393076,,0,6.626781583949855,,,2.889743906929609e-07
llama7b_2k,galvatron,common,/opt/hbv/trainir-h20-experiments/20260927-v1/runs/llama7b_2k/galvatron/common/01/training_retries/02,3,8,26.51237011794001,,0,6.704138761390789,,,1.876283841110236e-07
llama7b_2k,galvatron,common,/opt/hbv/trainir-h20-experiments/20260927-v1/runs/llama7b_2k/galvatron/common/01/training_retries/02,3,9,26.51421107724309,,0,6.516328695887859,,,1.224679970165746e-07
llama7b_2k,galvatron,common,/opt/hbv/trainir-h20-experiments/20260927-v1/runs/llama7b_2k/galvatron/common/01/training_retries/02,3,10,26.511589635163546,,0,6.842485145494186,,,1e-07
llama7b_2k,galvatron,common,/opt/hbv/trainir-h20-experiments/20260927-v1/runs/llama7b_2k/galvatron/common/01/training_retries/02,4,1,33.59742902871221,10.575672596693039,0,6.304044593827585,,,9.817718381265238e-07
llama7b_2k,galvatron,common,/opt/hbv/trainir-h20-experiments/20260927-v1/runs/llama7b_2k/galvatron/common/01/training_retries/02,4,2,26.508062701672316,10.569855198264122,0,6.471067741292958,,,9.206544616434248e-07
llama7b_2k,galvatron,common,/opt/hbv/trainir-h20-experiments/20260927-v1/runs/llama7b_2k/galvatron/common/01/training_retries/02,4,3,26.51099570374936,10.510380655527115,0,6.383912980311178,,,8.225243592119499e-07
llama7b_2k,galvatron,common,/opt/hbv/trainir-h20-experiments/20260927-v1/runs/llama7b_2k/galvatron/common/01/training_retries/02,4,4,26.51717841438949,10.448743388056755,0,6.503466048822993,,,6.971805834928398e-07
llama7b_2k,galvatron,common,/opt/hbv/trainir-h20-experiments/20260927-v1/runs/llama7b_2k/galvatron/common/01/training_retries/02,4,5,26.692288113757968,10.405054986476898,0,6.391805898782056,,,5.571396837256635e-07
llama7b_2k,galvatron,common,/opt/hbv/trainir-h20-experiments/20260927-v1/runs/llama7b_2k/galvatron/common/01/training_retries/02,4,6,26.518169812858105,10.365433141589165,0,6.6665340728289575,,,4.1638583110227627e-07
llama7b_2k,galvatron,common,/opt/hbv/trainir-h20-experiments/20260927-v1/runs/llama7b_2k/galvatron/common/01/training_retries/02,4,7,26.522175448015332,10.334756463766098,0,6.626781583949855,,,2.889743906929609e-07
llama7b_2k,galvatron,common,/opt/hbv/trainir-h20-experiments/20260927-v1/runs/llama7b_2k/galvatron/common/01/training_retries/02,4,8,26.513237738981843,10.303010568022728,0,6.704138761390789,,,1.876283841110236e-07
llama7b_2k,galvatron,common,/opt/hbv/trainir-h20-experiments/20260927-v1/runs/llama7b_2k/galvatron/common/01/training_retries/02,4,9,26.514966355636716,10.30444847047329,0,6.516328695887859,,,1.224679970165746e-07
llama7b_2k,galvatron,common,/opt/hbv/trainir-h20-experiments/20260927-v1/runs/llama7b_2k/galvatron/common/01/training_retries/02,4,10,26.51238558627665,10.276590183377266,0,6.842485145494186,,,1e-07
llama7b_2k,galvatron,common,/opt/hbv/trainir-h20-experiments/20260927-v1/runs/llama7b_2k/galvatron/common/01/training_retries/02,5,1,33.599592813290656,10.575672596693039,0,6.304044593827585,,,9.817718381265238e-07
llama7b_2k,galvatron,common,/opt/hbv/trainir-h20-experiments/20260927-v1/runs/llama7b_2k/galvatron/common/01/training_retries/02,5,2,26.50808189995587,10.569855198264122,0,6.471067741292958,,,9.206544616434248e-07
llama7b_2k,galvatron,common,/opt/hbv/trainir-h20-experiments/20260927-v1/runs/llama7b_2k/galvatron/common/01/training_retries/02,5,3,26.510974978096783,10.510380655527115,0,6.383912980311178,,,8.225243592119499e-07
llama7b_2k,galvatron,common,/opt/hbv/trainir-h20-experiments/20260927-v1/runs/llama7b_2k/galvatron/common/01/training_retries/02,5,4,26.5171568877995,10.448743388056755,0,6.503466048822993,,,6.971805834928398e-07
llama7b_2k,galvatron,common,/opt/hbv/trainir-h20-experiments/20260927-v1/runs/llama7b_2k/galvatron/common/01/training_retries/02,5,5,26.692332153208554,10.405054986476898,0,6.391805898782056,,,5.571396837256635e-07
llama7b_2k,galvatron,common,/opt/hbv/trainir-h20-experiments/20260927-v1/runs/llama7b_2k/galvatron/common/01/training_retries/02,5,6,26.518107167445123,10.365433141589165,0,6.6665340728289575,,,4.1638583110227627e-07
llama7b_2k,galvatron,common,/opt/hbv/trainir-h20-experiments/20260927-v1/runs/llama7b_2k/galvatron/common/01/training_retries/02,5,7,26.52209848817438,10.334756463766098,0,6.626781583949855,,,2.889743906929609e-07
llama7b_2k,galvatron,common,/opt/hbv/trainir-h20-experiments/20260927-v1/runs/llama7b_2k/galvatron/common/01/training_retries/02,5,8,26.513202239759266,10.303010568022728,0,6.704138761390789,,,1.876283841110236e-07
llama7b_2k,galvatron,common,/opt/hbv/trainir-h20-experiments/20260927-v1/runs/llama7b_2k/galvatron/common/01/training_retries/02,5,9,26.514963668771088,10.30444847047329,0,6.516328695887859,,,1.224679970165746e-07
llama7b_2k,galvatron,common,/opt/hbv/trainir-h20-experiments/20260927-v1/runs/llama7b_2k/galvatron/common/01/training_retries/02,5,10,26.51233750768006,10.276590183377266,0,6.842485145494186,,,1e-07
llama7b_2k,galvatron,common,/opt/hbv/trainir-h20-experiments/20260927-v1/runs/llama7b_2k/galvatron/common/01/training_retries/02,6,1,33.597739580087364,10.575672596693039,0,6.304044593827585,,,9.817718381265238e-07
llama7b_2k,galvatron,common,/opt/hbv/trainir-h20-experiments/20260927-v1/runs/llama7b_2k/galvatron/common/01/training_retries/02,6,2,26.508221759460866,10.569855198264122,0,6.471067741292958,,,9.206544616434248e-07
llama7b_2k,galvatron,common,/opt/hbv/trainir-h20-experiments/20260927-v1/runs/llama7b_2k/galvatron/common/01/training_retries/02,6,3,26.511150951497257,10.510380655527115,0,6.383912980311178,,,8.225243592119499e-07
llama7b_2k,galvatron,common,/opt/hbv/trainir-h20-experiments/20260927-v1/runs/llama7b_2k/galvatron/common/01/training_retries/02,6,4,26.517366792075336,10.448743388056755,0,6.503466048822993,,,6.971805834928398e-07
llama7b_2k,galvatron,common,/opt/hbv/trainir-h20-experiments/20260927-v1/runs/llama7b_2k/galvatron/common/01/training_retries/02,6,5,26.692375730723143,10.405054986476898,0,6.391805898782056,,,5.571396837256635e-07
llama7b_2k,galvatron,common,/opt/hbv/trainir-h20-experiments/20260927-v1/runs/llama7b_2k/galvatron/common/01/training_retries/02,6,6,26.51833419688046,10.365433141589165,0,6.6665340728289575,,,4.1638583110227627e-07
llama7b_2k,galvatron,common,/opt/hbv/trainir-h20-experiments/20260927-v1/runs/llama7b_2k/galvatron/common/01/training_retries/02,6,7,26.52242751326412,10.334756463766098,0,6.626781583949855,,,2.889743906929609e-07
llama7b_2k,galvatron,common,/opt/hbv/trainir-h20-experiments/20260927-v1/runs/llama7b_2k/galvatron/common/01/training_retries/02,6,8,26.513362650759518,10.303010568022728,0,6.704138761390789,,,1.876283841110236e-07
llama7b_2k,galvatron,common,/opt/hbv/trainir-h20-experiments/20260927-v1/runs/llama7b_2k/galvatron/common/01/training_retries/02,6,9,26.5152667760849,10.30444847047329,0,6.516328695887859,,,1.224679970165746e-07
llama7b_2k,galvatron,common,/opt/hbv/trainir-h20-experiments/20260927-v1/runs/llama7b_2k/galvatron/common/01/training_retries/02,6,10,26.512527288869023,10.276590183377266,0,6.842485145494186,,,1e-07
llama7b_2k,galvatron,common,/opt/hbv/trainir-h20-experiments/20260927-v1/runs/llama7b_2k/galvatron/common/01/training_retries/02,7,1,33.59541288111359,10.575672596693039,0,6.304044593827585,,,9.817718381265238e-07
llama7b_2k,galvatron,common,/opt/hbv/trainir-h20-experiments/20260927-v1/runs/llama7b_2k/galvatron/common/01/training_retries/02,7,2,26.508346886374056,10.569855198264122,0,6.471067741292958,,,9.206544616434248e-07
llama7b_2k,galvatron,common,/opt/hbv/trainir-h20-experiments/20260927-v1/runs/llama7b_2k/galvatron/common/01/training_retries/02,7,3,26.511190907098353,10.510380655527115,0,6.383912980311178,,,8.225243592119499e-07
llama7b_2k,galvatron,common,/opt/hbv/trainir-h20-experiments/20260927-v1/runs/llama7b_2k/galvatron/common/01/training_retries/02,7,4,26.51746505778283,10.448743388056755,0,6.503466048822993,,,6.971805834928398e-07
llama7b_2k,galvatron,common,/opt/hbv/trainir-h20-experiments/20260927-v1/runs/llama7b_2k/galvatron/common/01/training_retries/02,7,5,26.692531693726778,10.405054986476898,0,6.391805898782056,,,5.571396837256635e-07
llama7b_2k,galvatron,common,/opt/hbv/trainir-h20-experiments/20260927-v1/runs/llama7b_2k/galvatron/common/01/training_retries/02,7,6,26.518407694995403,10.365433141589165,0,6.6665340728289575,,,4.1638583110227627e-07
llama7b_2k,galvatron,common,/opt/hbv/trainir-h20-experiments/20260927-v1/runs/llama7b_2k/galvatron/common/01/training_retries/02,7,7,26.52251890208572,10.334756463766098,0,6.626781583949855,,,2.889743906929609e-07
llama7b_2k,galvatron,common,/opt/hbv/trainir-h20-experiments/20260927-v1/runs/llama7b_2k/galvatron/common/01/training_retries/02,7,8,26.513415563851595,10.303010568022728,0,6.704138761390789,,,1.876283841110236e-07
llama7b_2k,galvatron,common,/opt/hbv/trainir-h20-experiments/20260927-v1/runs/llama7b_2k/galvatron/common/01/training_retries/02,7,9,26.515239279717207,10.30444847047329,0,6.516328695887859,,,1.224679970165746e-07
llama7b_2k,galvatron,common,/opt/hbv/trainir-h20-experiments/20260927-v1/runs/llama7b_2k/galvatron/common/01/training_retries/02,7,10,26.51269437931478,10.276590183377266,0,6.842485145494186,,,1e-07
llama7b_2k,galvatron,full,/opt/hbv/trainir-h20-experiments/20260927-v1/runs/llama7b_2k/galvatron/full/01,0,1,36.38297192752361,10.608843445777893,0,3.7765873937768832,12302396416,73480011776,9.817718381265238e-07
llama7b_2k,galvatron,full,/opt/hbv/trainir-h20-experiments/20260927-v1/runs/llama7b_2k/galvatron/full/01,0,2,25.02154743950814,10.615859627723694,0,3.9138117727048507,12303445504,86266347520,9.206544616434248e-07
llama7b_2k,galvatron,full,/opt/hbv/trainir-h20-experiments/20260927-v1/runs/llama7b_2k/galvatron/full/01,0,3,25.03816148173064,10.526154637336731,0,3.851643838081622,12304494592,86266347520,8.225243592119499e-07
llama7b_2k,galvatron,full,/opt/hbv/trainir-h20-experiments/20260927-v1/runs/llama7b_2k/galvatron/full/01,0,4,25.054629852063954,10.441483974456787,0,3.9434394242587083,12305543680,86268444672,6.971805834928398e-07
llama7b_2k,galvatron,full,/opt/hbv/trainir-h20-experiments/20260927-v1/runs/llama7b_2k/galvatron/full/01,0,5,25.036963331513107,10.364999890327454,0,3.8333767736433755,12306592768,86268444672,5.571396837256635e-07
llama7b_2k,galvatron,full,/opt/hbv/trainir-h20-experiments/20260927-v1/runs/llama7b_2k/galvatron/full/01,0,6,25.04212814476341,10.298627018928528,0,3.981920271523162,12307641856,86270541824,4.1638583110227627e-07
llama7b_2k,galvatron,full,/opt/hbv/trainir-h20-experiments/20260927-v1/runs/llama7b_2k/galvatron/full/01,0,7,25.041013254784048,10.26134729385376,0,3.9599914022795466,12308690944,86270541824,2.889743906929609e-07
llama7b_2k,galvatron,full,/opt/hbv/trainir-h20-experiments/20260927-v1/runs/llama7b_2k/galvatron/full/01,0,8,25.05014674924314,10.21864902973175,0,4.004179678163747,12309740032,86272638976,1.876283841110236e-07
llama7b_2k,galvatron,full,/opt/hbv/trainir-h20-experiments/20260927-v1/runs/llama7b_2k/galvatron/full/01,0,9,25.056650235317647,10.20770251750946,0,3.895987495731285,12310789120,86272638976,1.224679970165746e-07
llama7b_2k,galvatron,full,/opt/hbv/trainir-h20-experiments/20260927-v1/runs/llama7b_2k/galvatron/full/01,0,10,25.062275364995003,10.174370169639587,0,4.109563438823502,12311838208,86274736128,1e-07
llama7b_2k,galvatron,full,/opt/hbv/trainir-h20-experiments/20260927-v1/runs/llama7b_2k/galvatron/full/01,1,1,36.37837675400078,10.608843445777893,0,3.7765873937768832,12302396416,73427582976,9.817718381265238e-07
llama7b_2k,galvatron,full,/opt/hbv/trainir-h20-experiments/20260927-v1/runs/llama7b_2k/galvatron/full/01,1,2,25.021549413912,10.615859627723694,0,3.9138117727048507,12303445504,86371205120,9.206544616434248e-07
llama7b_2k,galvatron,full,/opt/hbv/trainir-h20-experiments/20260927-v1/runs/llama7b_2k/galvatron/full/01,1,3,25.038109447807074,10.526154637336731,0,3.851643838081622,12304494592,86778052608,8.225243592119499e-07
llama7b_2k,galvatron,full,/opt/hbv/trainir-h20-experiments/20260927-v1/runs/llama7b_2k/galvatron/full/01,1,4,25.054497594945133,10.441483974456787,0,3.9434394242587083,12305543680,86780149760,6.971805834928398e-07
llama7b_2k,galvatron,full,/opt/hbv/trainir-h20-experiments/20260927-v1/runs/llama7b_2k/galvatron/full/01,1,5,25.036830658093095,10.364999890327454,0,3.8333767736433755,12306592768,86780149760,5.571396837256635e-07
llama7b_2k,galvatron,full,/opt/hbv/trainir-h20-experiments/20260927-v1/runs/llama7b_2k/galvatron/full/01,1,6,25.04197956621647,10.298627018928528,0,3.981920271523162,12307641856,86782246912,4.1638583110227627e-07
llama7b_2k,galvatron,full,/opt/hbv/trainir-h20-experiments/20260927-v1/runs/llama7b_2k/galvatron/full/01,1,7,25.040869143791497,10.26134729385376,0,3.9599914022795466,12308690944,86782246912,2.889743906929609e-07
llama7b_2k,galvatron,full,/opt/hbv/trainir-h20-experiments/20260927-v1/runs/llama7b_2k/galvatron/full/01,1,8,25.0499183870852,10.21864902973175,0,4.004179678163747,12309740032,86784344064,1.876283841110236e-07
llama7b_2k,galvatron,full,/opt/hbv/trainir-h20-experiments/20260927-v1/runs/llama7b_2k/galvatron/full/01,1,9,25.056523896753788,10.20770251750946,0,3.895987495731285,12310789120,86784344064,1.224679970165746e-07
llama7b_2k,galvatron,full,/opt/hbv/trainir-h20-experiments/20260927-v1/runs/llama7b_2k/galvatron/full/01,1,10,25.062087738886476,10.174370169639587,0,4.109563438823502,12311838208,86786441216,1e-07
llama7b_2k,galvatron,full,/opt/hbv/trainir-h20-experiments/20260927-v1/runs/llama7b_2k/galvatron/full/01,2,1,36.380109765566885,10.608843445777893,0,3.7765873937768832,12302396416,73427582976,9.817718381265238e-07
llama7b_2k,galvatron,full,/opt/hbv/trainir-h20-experiments/20260927-v1/runs/llama7b_2k/galvatron/full/01,2,2,25.02138934098184,10.615859627723694,0,3.9138117727048507,12303445504,86423633920,9.206544616434248e-07
llama7b_2k,galvatron,full,/opt/hbv/trainir-h20-experiments/20260927-v1/runs/llama7b_2k/galvatron/full/01,2,3,25.037938645109534,10.526154637336731,0,3.851643838081622,12304494592,86423633920,8.225243592119499e-07
llama7b_2k,galvatron,full,/opt/hbv/trainir-h20-experiments/20260927-v1/runs/llama7b_2k/galvatron/full/01,2,4,25.054433088749647,10.441483974456787,0,3.9434394242587083,12305543680,86425731072,6.971805834928398e-07
llama7b_2k,galvatron,full,/opt/hbv/trainir-h20-experiments/20260927-v1/runs/llama7b_2k/galvatron/full/01,2,5,25.036760182119906,10.364999890327454,0,3.8333767736433755,12306592768,86425731072,5.571396837256635e-07
llama7b_2k,galvatron,full,/opt/hbv/trainir-h20-experiments/20260927-v1/runs/llama7b_2k/galvatron/full/01,2,6,25.041946711950004,10.298627018928528,0,3.981920271523162,12307641856,86427828224,4.1638583110227627e-07
llama7b_2k,galvatron,full,/opt/hbv/trainir-h20-experiments/20260927-v1/runs/llama7b_2k/galvatron/full/01,2,7,25.040783306583762,10.26134729385376,0,3.9599914022795466,12308690944,86427828224,2.889743906929609e-07
llama7b_2k,galvatron,full,/opt/hbv/trainir-h20-experiments/20260927-v1/runs/llama7b_2k/galvatron/full/01,2,8,25.049903768114746,10.21864902973175,0,4.004179678163747,12309740032,86429925376,1.876283841110236e-07
llama7b_2k,galvatron,full,/opt/hbv/trainir-h20-experiments/20260927-v1/runs/llama7b_2k/galvatron/full/01,2,9,25.0564256105572,10.20770251750946,0,3.895987495731285,12310789120,86429925376,1.224679970165746e-07
llama7b_2k,galvatron,full,/opt/hbv/trainir-h20-experiments/20260927-v1/runs/llama7b_2k/galvatron/full/01,2,10,25.062028062529862,10.174370169639587,0,4.109563438823502,12311838208,86432022528,1e-07
llama7b_2k,galvatron,full,/opt/hbv/trainir-h20-experiments/20260927-v1/runs/llama7b_2k/galvatron/full/01,3,1,36.37888565007597,10.608843445777893,0,3.7765873937768832,12302396416,73427582976,9.817718381265238e-07
llama7b_2k,galvatron,full,/opt/hbv/trainir-h20-experiments/20260927-v1/runs/llama7b_2k/galvatron/full/01,3,2,25.02085732575506,10.615859627723694,0,3.9138117727048507,12303445504,86371205120,9.206544616434248e-07
llama7b_2k,galvatron,full,/opt/hbv/trainir-h20-experiments/20260927-v1/runs/llama7b_2k/galvatron/full/01,3,3,25.037536462768912,10.526154637336731,0,3.851643838081622,12304494592,86778052608,8.225243592119499e-07
llama7b_2k,galvatron,full,/opt/hbv/trainir-h20-experiments/20260927-v1/runs/llama7b_2k/galvatron/full/01,3,4,25.054053199477494,10.441483974456787,0,3.9434394242587083,12305543680,86780149760,6.971805834928398e-07
llama7b_2k,galvatron,full,/opt/hbv/trainir-h20-experiments/20260927-v1/runs/llama7b_2k/galvatron/full/01,3,5,25.036413049325347,10.364999890327454,0,3.8333767736433755,12306592768,86780149760,5.571396837256635e-07
llama7b_2k,galvatron,full,/opt/hbv/trainir-h20-experiments/20260927-v1/runs/llama7b_2k/galvatron/full/01,3,6,25.04157656338066,10.298627018928528,0,3.981920271523162,12307641856,86782246912,4.1638583110227627e-07
llama7b_2k,galvatron,full,/opt/hbv/trainir-h20-experiments/20260927-v1/runs/llama7b_2k/galvatron/full/01,3,7,25.040465152822435,10.26134729385376,0,3.9599914022795466,12308690944,86782246912,2.889743906929609e-07
llama7b_2k,galvatron,full,/opt/hbv/trainir-h20-experiments/20260927-v1/runs/llama7b_2k/galvatron/full/01,3,8,25.04960469994694,10.21864902973175,0,4.004179678163747,12309740032,86784344064,1.876283841110236e-07
llama7b_2k,galvatron,full,/opt/hbv/trainir-h20-experiments/20260927-v1/runs/llama7b_2k/galvatron/full/01,3,9,25.0561800962314,10.20770251750946,0,3.895987495731285,12310789120,86784344064,1.224679970165746e-07
llama7b_2k,galvatron,full,/opt/hbv/trainir-h20-experiments/20260927-v1/runs/llama7b_2k/galvatron/full/01,3,10,25.061795129440725,10.174370169639587,0,4.109563438823502,12311838208,86786441216,1e-07
llama7b_2k,galvatron,full,/opt/hbv/trainir-h20-experiments/20260927-v1/runs/llama7b_2k/galvatron/full/01,4,1,36.378858865238726,10.608843445777893,0,3.7765873937768832,12302396416,73480011776,9.817718381265238e-07
llama7b_2k,galvatron,full,/opt/hbv/trainir-h20-experiments/20260927-v1/runs/llama7b_2k/galvatron/full/01,4,2,25.02089791558683,10.615859627723694,0,3.9138117727048507,12303445504,86371205120,9.206544616434248e-07
llama7b_2k,galvatron,full,/opt/hbv/trainir-h20-experiments/20260927-v1/runs/llama7b_2k/galvatron/full/01,4,3,25.03756296262145,10.526154637336731,0,3.851643838081622,12304494592,86778052608,8.225243592119499e-07
llama7b_2k,galvatron,full,/opt/hbv/trainir-h20-experiments/20260927-v1/runs/llama7b_2k/galvatron/full/01,4,4,25.05404764227569,10.441483974456787,0,3.9434394242587083,12305543680,86780149760,6.971805834928398e-07
llama7b_2k,galvatron,full,/opt/hbv/trainir-h20-experiments/20260927-v1/runs/llama7b_2k/galvatron/full/01,4,5,25.036438988521695,10.364999890327454,0,3.8333767736433755,12306592768,86780149760,5.571396837256635e-07
llama7b_2k,galvatron,full,/opt/hbv/trainir-h20-experiments/20260927-v1/runs/llama7b_2k/galvatron/full/01,4,6,25.041589945554733,10.298627018928528,0,3.981920271523162,12307641856,86782246912,4.1638583110227627e-07
llama7b_2k,galvatron,full,/opt/hbv/trainir-h20-experiments/20260927-v1/runs/llama7b_2k/galvatron/full/01,4,7,25.04048740118742,10.26134729385376,0,3.9599914022795466,12308690944,86782246912,2.889743906929609e-07
llama7b_2k,galvatron,full,/opt/hbv/trainir-h20-experiments/20260927-v1/runs/llama7b_2k/galvatron/full/01,4,8,25.049621548503637,10.21864902973175,0,4.004179678163747,12309740032,86784344064,1.876283841110236e-07
llama7b_2k,galvatron,full,/opt/hbv/trainir-h20-experiments/20260927-v1/runs/llama7b_2k/galvatron/full/01,4,9,25.056158058345318,10.20770251750946,0,3.895987495731285,12310789120,86784344064,1.224679970165746e-07
llama7b_2k,galvatron,full,/opt/hbv/trainir-h20-experiments/20260927-v1/runs/llama7b_2k/galvatron/full/01,4,10,25.06172935385257,10.174370169639587,0,4.109563438823502,12311838208,86786441216,1e-07
llama7b_2k,galvatron,full,/opt/hbv/trainir-h20-experiments/20260927-v1/runs/llama7b_2k/galvatron/full/01,5,1,36.37880485597998,10.608843445777893,0,3.7765873937768832,12302396416,73427582976,9.817718381265238e-07
llama7b_2k,galvatron,full,/opt/hbv/trainir-h20-experiments/20260927-v1/runs/llama7b_2k/galvatron/full/01,5,2,25.020807368680835,10.615859627723694,0,3.9138117727048507,12303445504,86371205120,9.206544616434248e-07
llama7b_2k,galvatron,full,/opt/hbv/trainir-h20-experiments/20260927-v1/runs/llama7b_2k/galvatron/full/01,5,3,25.03749129641801,10.526154637336731,0,3.851643838081622,12304494592,86778052608,8.225243592119499e-07
llama7b_2k,galvatron,full,/opt/hbv/trainir-h20-experiments/20260927-v1/runs/llama7b_2k/galvatron/full/01,5,4,25.05397191364318,10.441483974456787,0,3.9434394242587083,12305543680,86780149760,6.971805834928398e-07
llama7b_2k,galvatron,full,/opt/hbv/trainir-h20-experiments/20260927-v1/runs/llama7b_2k/galvatron/full/01,5,5,25.036335908807814,10.364999890327454,0,3.8333767736433755,12306592768,86780149760,5.571396837256635e-07
llama7b_2k,galvatron,full,/opt/hbv/trainir-h20-experiments/20260927-v1/runs/llama7b_2k/galvatron/full/01,5,6,25.041509909555316,10.298627018928528,0,3.981920271523162,12307641856,86782246912,4.1638583110227627e-07
llama7b_2k,galvatron,full,/opt/hbv/trainir-h20-experiments/20260927-v1/runs/llama7b_2k/galvatron/full/01,5,7,25.040384206920862,10.26134729385376,0,3.9599914022795466,12308690944,86782246912,2.889743906929609e-07
llama7b_2k,galvatron,full,/opt/hbv/trainir-h20-experiments/20260927-v1/runs/llama7b_2k/galvatron/full/01,5,8,25.049512988887727,10.21864902973175,0,4.004179678163747,12309740032,86784344064,1.876283841110236e-07
llama7b_2k,galvatron,full,/opt/hbv/trainir-h20-experiments/20260927-v1/runs/llama7b_2k/galvatron/full/01,5,9,25.056089771911502,10.20770251750946,0,3.895987495731285,12310789120,86784344064,1.224679970165746e-07
llama7b_2k,galvatron,full,/opt/hbv/trainir-h20-experiments/20260927-v1/runs/llama7b_2k/galvatron/full/01,5,10,25.06172839924693,10.174370169639587,0,4.109563438823502,12311838208,86786441216,1e-07
llama7b_2k,galvatron,full,/opt/hbv/trainir-h20-experiments/20260927-v1/runs/llama7b_2k/galvatron/full/01,6,1,36.37848620954901,10.608843445777893,0,3.7765873937768832,12302396416,73427582976,9.817718381265238e-07
llama7b_2k,galvatron,full,/opt/hbv/trainir-h20-experiments/20260927-v1/runs/llama7b_2k/galvatron/full/01,6,2,25.020875157788396,10.615859627723694,0,3.9138117727048507,12303445504,86423633920,9.206544616434248e-07
llama7b_2k,galvatron,full,/opt/hbv/trainir-h20-experiments/20260927-v1/runs/llama7b_2k/galvatron/full/01,6,3,25.037480713799596,10.526154637336731,0,3.851643838081622,12304494592,86423633920,8.225243592119499e-07
llama7b_2k,galvatron,full,/opt/hbv/trainir-h20-experiments/20260927-v1/runs/llama7b_2k/galvatron/full/01,6,4,25.054028223268688,10.441483974456787,0,3.9434394242587083,12305543680,86425731072,6.971805834928398e-07
llama7b_2k,galvatron,full,/opt/hbv/trainir-h20-experiments/20260927-v1/runs/llama7b_2k/galvatron/full/01,6,5,25.036376506090164,10.364999890327454,0,3.8333767736433755,12306592768,86425731072,5.571396837256635e-07
llama7b_2k,galvatron,full,/opt/hbv/trainir-h20-experiments/20260927-v1/runs/llama7b_2k/galvatron/full/01,6,6,25.041600653901696,10.298627018928528,0,3.981920271523162,12307641856,86427828224,4.1638583110227627e-07
llama7b_2k,galvatron,full,/opt/hbv/trainir-h20-experiments/20260927-v1/runs/llama7b_2k/galvatron/full/01,6,7,25.04045907407999,10.26134729385376,0,3.9599914022795466,12308690944,86427828224,2.889743906929609e-07
llama7b_2k,galvatron,full,/opt/hbv/trainir-h20-experiments/20260927-v1/runs/llama7b_2k/galvatron/full/01,6,8,25.049584053456783,10.21864902973175,0,4.004179678163747,12309740032,86429925376,1.876283841110236e-07
llama7b_2k,galvatron,full,/opt/hbv/trainir-h20-experiments/20260927-v1/runs/llama7b_2k/galvatron/full/01,6,9,25.056132690049708,10.20770251750946,0,3.895987495731285,12310789120,86429925376,1.224679970165746e-07
llama7b_2k,galvatron,full,/opt/hbv/trainir-h20-experiments/20260927-v1/runs/llama7b_2k/galvatron/full/01,6,10,25.061762931756675,10.174370169639587,0,4.109563438823502,12311838208,86432022528,1e-07
llama7b_2k,galvatron,full,/opt/hbv/trainir-h20-experiments/20260927-v1/runs/llama7b_2k/galvatron/full/01,7,1,36.379099084064364,10.608843445777893,0,3.7765873937768832,12302396416,73480011776,9.817718381265238e-07
llama7b_2k,galvatron,full,/opt/hbv/trainir-h20-experiments/20260927-v1/runs/llama7b_2k/galvatron/full/01,7,2,25.0208700587973,10.615859627723694,0,3.9138117727048507,12303445504,86371205120,9.206544616434248e-07
llama7b_2k,galvatron,full,/opt/hbv/trainir-h20-experiments/20260927-v1/runs/llama7b_2k/galvatron/full/01,7,3,25.03751092310995,10.526154637336731,0,3.851643838081622,12304494592,86778052608,8.225243592119499e-07
llama7b_2k,galvatron,full,/opt/hbv/trainir-h20-experiments/20260927-v1/runs/llama7b_2k/galvatron/full/01,7,4,25.054089453071356,10.441483974456787,0,3.9434394242587083,12305543680,86780149760,6.971805834928398e-07
llama7b_2k,galvatron,full,/opt/hbv/trainir-h20-experiments/20260927-v1/runs/llama7b_2k/galvatron/full/01,7,5,25.036440582945943,10.364999890327454,0,3.8333767736433755,12306592768,86780149760,5.571396837256635e-07
llama7b_2k,galvatron,full,/opt/hbv/trainir-h20-experiments/20260927-v1/runs/llama7b_2k/galvatron/full/01,7,6,25.041641561314464,10.298627018928528,0,3.981920271523162,12307641856,86782246912,4.1638583110227627e-07
llama7b_2k,galvatron,full,/opt/hbv/trainir-h20-experiments/20260927-v1/runs/llama7b_2k/galvatron/full/01,7,7,25.040459902957082,10.26134729385376,0,3.9599914022795466,12308690944,86782246912,2.889743906929609e-07
llama7b_2k,galvatron,full,/opt/hbv/trainir-h20-experiments/20260927-v1/runs/llama7b_2k/galvatron/full/01,7,8,25.049593357369304,10.21864902973175,0,4.004179678163747,12309740032,86784344064,1.876283841110236e-07
llama7b_2k,galvatron,full,/opt/hbv/trainir-h20-experiments/20260927-v1/runs/llama7b_2k/galvatron/full/01,7,9,25.056134178303182,10.20770251750946,0,3.895987495731285,12310789120,86784344064,1.224679970165746e-07
llama7b_2k,galvatron,full,/opt/hbv/trainir-h20-experiments/20260927-v1/runs/llama7b_2k/galvatron/full/01,7,10,25.06176784262061,10.174370169639587,0,4.109563438823502,12311838208,86786441216,1e-07
llama2_7b_4k,devastator,common,/opt/hbv/trainir-h20-experiments/20260927-v1/runs/llama2_7b_4k/devastator/common/01,0,1,82.52337211929262,,0,8.56813907623291,60681360384,76143394816,
llama2_7b_4k,devastator,common,/opt/hbv/trainir-h20-experiments/20260927-v1/runs/llama2_7b_4k/devastator/common/01,0,2,48.48482151143253,,0,8.714656829833984,60681360384,85295366144,
llama2_7b_4k,devastator,common,/opt/hbv/trainir-h20-experiments/20260927-v1/runs/llama2_7b_4k/devastator/common/01,0,3,48.47087360545993,,0,8.539083480834961,60681360384,85295366144,
llama2_7b_4k,devastator,common,/opt/hbv/trainir-h20-experiments/20260927-v1/runs/llama2_7b_4k/devastator/common/01,0,4,48.4792662775144,,0,8.791481971740723,60681360384,85297463296,
llama2_7b_4k,devastator,common,/opt/hbv/trainir-h20-experiments/20260927-v1/runs/llama2_7b_4k/devastator/common/01,0,5,48.48150967620313,,0,8.773651123046875,60681360384,85387640832,
llama2_7b_4k,devastator,common,/opt/hbv/trainir-h20-experiments/20260927-v1/runs/llama2_7b_4k/devastator/common/01,0,6,48.4701470322907,,0,8.939213752746582,60681360384,85387640832,
llama2_7b_4k,devastator,common,/opt/hbv/trainir-h20-experiments/20260927-v1/runs/llama2_7b_4k/devastator/common/01,0,7,48.488599279895425,,0,8.89301586151123,60681360384,85387640832,
llama2_7b_4k,devastator,common,/opt/hbv/trainir-h20-experiments/20260927-v1/runs/llama2_7b_4k/devastator/common/01,0,8,48.632001218385994,,0,8.900551795959473,60681360384,85387640832,
llama2_7b_4k,devastator,common,/opt/hbv/trainir-h20-experiments/20260927-v1/runs/llama2_7b_4k/devastator/common/01,0,9,48.479565187357366,,0,8.81307601928711,60681360384,85387640832,
llama2_7b_4k,devastator,common,/opt/hbv/trainir-h20-experiments/20260927-v1/runs/llama2_7b_4k/devastator/common/01,0,10,48.491122271865606,,0,8.828786849975586,60681360384,85387640832,
llama2_7b_4k,devastator,common,/opt/hbv/trainir-h20-experiments/20260927-v1/runs/llama2_7b_4k/devastator/common/01,1,1,82.50503321643919,,0,8.56813907623291,60681360384,76143394816,
llama2_7b_4k,devastator,common,/opt/hbv/trainir-h20-experiments/20260927-v1/runs/llama2_7b_4k/devastator/common/01,1,2,48.484519771300256,,0,8.714656829833984,60681360384,85184217088,
llama2_7b_4k,devastator,common,/opt/hbv/trainir-h20-experiments/20260927-v1/runs/llama2_7b_4k/devastator/common/01,1,3,48.470803605392575,,0,8.539083480834961,60681360384,85251325952,
llama2_7b_4k,devastator,common,/opt/hbv/trainir-h20-experiments/20260927-v1/runs/llama2_7b_4k/devastator/common/01,1,4,48.479223866946995,,0,8.791481971740723,60681360384,85253423104,
llama2_7b_4k,devastator,common,/opt/hbv/trainir-h20-experiments/20260927-v1/runs/llama2_7b_4k/devastator/common/01,1,5,48.4814692158252,,0,8.773651123046875,60681360384,85253423104,
llama2_7b_4k,devastator,common,/opt/hbv/trainir-h20-experiments/20260927-v1/runs/llama2_7b_4k/devastator/common/01,1,6,48.47099883016199,,0,8.939213752746582,60681360384,85253423104,
llama2_7b_4k,devastator,common,/opt/hbv/trainir-h20-experiments/20260927-v1/runs/llama2_7b_4k/devastator/common/01,1,7,48.488883518613875,,0,8.89301586151123,60681360384,85253423104,
llama2_7b_4k,devastator,common,/opt/hbv/trainir-h20-experiments/20260927-v1/runs/llama2_7b_4k/devastator/common/01,1,8,48.63135910965502,,0,8.900551795959473,60681360384,85253423104,
llama2_7b_4k,devastator,common,/opt/hbv/trainir-h20-experiments/20260927-v1/runs/llama2_7b_4k/devastator/common/01,1,9,48.480111251585186,,0,8.81307601928711,60681360384,85253423104,
llama2_7b_4k,devastator,common,/opt/hbv/trainir-h20-experiments/20260927-v1/runs/llama2_7b_4k/devastator/common/01,1,10,48.48966194782406,,0,8.828786849975586,60681360384,85253423104,
llama2_7b_4k,devastator,common,/opt/hbv/trainir-h20-experiments/20260927-v1/runs/llama2_7b_4k/devastator/common/01,2,1,82.56384323351085,,0,8.56813907623291,60681360384,76292292608,
llama2_7b_4k,devastator,common,/opt/hbv/trainir-h20-experiments/20260927-v1/runs/llama2_7b_4k/devastator/common/01,2,2,48.48401466291398,,0,8.714656829833984,60681360384,85284880384,
llama2_7b_4k,devastator,common,/opt/hbv/trainir-h20-experiments/20260927-v1/runs/llama2_7b_4k/devastator/common/01,2,3,48.47016374114901,,0,8.539083480834961,60681360384,85284880384,
llama2_7b_4k,devastator,common,/opt/hbv/trainir-h20-experiments/20260927-v1/runs/llama2_7b_4k/devastator/common/01,2,4,48.47883971221745,,0,8.791481971740723,60681360384,85284880384,
llama2_7b_4k,devastator,common,/opt/hbv/trainir-h20-experiments/20260927-v1/runs/llama2_7b_4k/devastator/common/01,2,5,48.48108449578285,,0,8.773651123046875,60681360384,85284880384,
llama2_7b_4k,devastator,common,/opt/hbv/trainir-h20-experiments/20260927-v1/runs/llama2_7b_4k/devastator/common/01,2,6,48.4702283795923,,0,8.939213752746582,60681360384,85284880384,
llama2_7b_4k,devastator,common,/opt/hbv/trainir-h20-experiments/20260927-v1/runs/llama2_7b_4k/devastator/common/01,2,7,48.48811231646687,,0,8.89301586151123,60681360384,85284880384,
llama2_7b_4k,devastator,common,/opt/hbv/trainir-h20-experiments/20260927-v1/runs/llama2_7b_4k/devastator/common/01,2,8,48.63120415713638,,0,8.900551795959473,60681360384,85284880384,
llama2_7b_4k,devastator,common,/opt/hbv/trainir-h20-experiments/20260927-v1/runs/llama2_7b_4k/devastator/common/01,2,9,48.48027231544256,,0,8.81307601928711,60681360384,85286977536,
llama2_7b_4k,devastator,common,/opt/hbv/trainir-h20-experiments/20260927-v1/runs/llama2_7b_4k/devastator/common/01,2,10,48.489861849695444,,0,8.828786849975586,60681360384,85286977536,
llama2_7b_4k,devastator,common,/opt/hbv/trainir-h20-experiments/20260927-v1/runs/llama2_7b_4k/devastator/common/01,3,1,82.54699883330613,,0,8.56813907623291,60681360384,76323749888,
llama2_7b_4k,devastator,common,/opt/hbv/trainir-h20-experiments/20260927-v1/runs/llama2_7b_4k/devastator/common/01,3,2,48.484082453884184,,0,8.714656829833984,60681360384,85251325952,
llama2_7b_4k,devastator,common,/opt/hbv/trainir-h20-experiments/20260927-v1/runs/llama2_7b_4k/devastator/common/01,3,3,48.47014467511326,,0,8.539083480834961,60681360384,85253423104,
llama2_7b_4k,devastator,common,/opt/hbv/trainir-h20-experiments/20260927-v1/runs/llama2_7b_4k/devastator/common/01,3,4,48.47904528398067,,0,8.791481971740723,60681360384,85286977536,
llama2_7b_4k,devastator,common,/opt/hbv/trainir-h20-experiments/20260927-v1/runs/llama2_7b_4k/devastator/common/01,3,5,48.481187550351024,,0,8.773651123046875,60681360384,85286977536,
llama2_7b_4k,devastator,common,/opt/hbv/trainir-h20-experiments/20260927-v1/runs/llama2_7b_4k/devastator/common/01,3,6,48.46984398085624,,0,8.939213752746582,60681360384,85286977536,
llama2_7b_4k,devastator,common,/opt/hbv/trainir-h20-experiments/20260927-v1/runs/llama2_7b_4k/devastator/common/01,3,7,48.48847894091159,,0,8.89301586151123,60681360384,85286977536,
llama2_7b_4k,devastator,common,/opt/hbv/trainir-h20-experiments/20260927-v1/runs/llama2_7b_4k/devastator/common/01,3,8,48.63123062159866,,0,8.900551795959473,60681360384,85286977536,
llama2_7b_4k,devastator,common,/opt/hbv/trainir-h20-experiments/20260927-v1/runs/llama2_7b_4k/devastator/common/01,3,9,48.4798908540979,,0,8.81307601928711,60681360384,85286977536,
llama2_7b_4k,devastator,common,/opt/hbv/trainir-h20-experiments/20260927-v1/runs/llama2_7b_4k/devastator/common/01,3,10,48.48966030869633,,0,8.828786849975586,60681360384,85286977536,
llama2_7b_4k,devastator,common,/opt/hbv/trainir-h20-experiments/20260927-v1/runs/llama2_7b_4k/devastator/common/01,4,1,82.5644664876163,10.580467224121094,0,8.56813907623291,60815652352,64961380352,
llama2_7b_4k,devastator,common,/opt/hbv/trainir-h20-experiments/20260927-v1/runs/llama2_7b_4k/devastator/common/01,4,2,48.4854539250955,10.581576347351074,0,8.714656829833984,60815653376,73033318400,
llama2_7b_4k,devastator,common,/opt/hbv/trainir-h20-experiments/20260927-v1/runs/llama2_7b_4k/devastator/common/01,4,3,48.47144502680749,10.520219802856445,0,8.539083480834961,60815653376,73033318400,
llama2_7b_4k,devastator,common,/opt/hbv/trainir-h20-experiments/20260927-v1/runs/llama2_7b_4k/devastator/common/01,4,4,48.47983759269118,10.476454734802246,0,8.791481971740723,60815653376,73033318400,
llama2_7b_4k,devastator,common,/opt/hbv/trainir-h20-experiments/20260927-v1/runs/llama2_7b_4k/devastator/common/01,4,5,48.48208441026509,10.27587890625,0,8.773651123046875,60815653376,73033318400,
llama2_7b_4k,devastator,common,/opt/hbv/trainir-h20-experiments/20260927-v1/runs/llama2_7b_4k/devastator/common/01,4,6,48.471309853717685,10.212308883666992,0,8.939213752746582,60815653376,73033318400,
llama2_7b_4k,devastator,common,/opt/hbv/trainir-h20-experiments/20260927-v1/runs/llama2_7b_4k/devastator/common/01,4,7,48.489461382851005,9.92479419708252,0,8.89301586151123,60815653376,73033318400,
llama2_7b_4k,devastator,common,/opt/hbv/trainir-h20-experiments/20260927-v1/runs/llama2_7b_4k/devastator/common/01,4,8,48.63255775067955,9.831809043884277,0,8.900551795959473,60815653376,73033318400,
llama2_7b_4k,devastator,common,/opt/hbv/trainir-h20-experiments/20260927-v1/runs/llama2_7b_4k/devastator/common/01,4,9,48.481103354133666,9.799924850463867,0,8.81307601928711,60815653376,73033318400,
llama2_7b_4k,devastator,common,/opt/hbv/trainir-h20-experiments/20260927-v1/runs/llama2_7b_4k/devastator/common/01,4,10,48.491672032512724,9.767462730407715,0,8.828786849975586,60815653376,73033318400,
llama2_7b_4k,devastator,common,/opt/hbv/trainir-h20-experiments/20260927-v1/runs/llama2_7b_4k/devastator/common/01,5,1,82.56457369681448,10.580467224121094,0,8.56813907623291,60815652352,64961380352,
llama2_7b_4k,devastator,common,/opt/hbv/trainir-h20-experiments/20260927-v1/runs/llama2_7b_4k/devastator/common/01,5,2,48.48528562486172,10.581576347351074,0,8.714656829833984,60815653376,73033318400,
llama2_7b_4k,devastator,common,/opt/hbv/trainir-h20-experiments/20260927-v1/runs/llama2_7b_4k/devastator/common/01,5,3,48.47142481058836,10.520219802856445,0,8.539083480834961,60815653376,73033318400,
llama2_7b_4k,devastator,common,/opt/hbv/trainir-h20-experiments/20260927-v1/runs/llama2_7b_4k/devastator/common/01,5,4,48.47984785493463,10.476454734802246,0,8.791481971740723,60815653376,73033318400,
llama2_7b_4k,devastator,common,/opt/hbv/trainir-h20-experiments/20260927-v1/runs/llama2_7b_4k/devastator/common/01,5,5,48.48201610986143,10.27587890625,0,8.773651123046875,60815653376,73033318400,
llama2_7b_4k,devastator,common,/opt/hbv/trainir-h20-experiments/20260927-v1/runs/llama2_7b_4k/devastator/common/01,5,6,48.47141133993864,10.212308883666992,0,8.939213752746582,60815653376,73033318400,
llama2_7b_4k,devastator,common,/opt/hbv/trainir-h20-experiments/20260927-v1/runs/llama2_7b_4k/devastator/common/01,5,7,48.489553603343666,9.92479419708252,0,8.89301586151123,60815653376,73033318400,
llama2_7b_4k,devastator,common,/opt/hbv/trainir-h20-experiments/20260927-v1/runs/llama2_7b_4k/devastator/common/01,5,8,48.63243761472404,9.831809043884277,0,8.900551795959473,60815653376,73033318400,
llama2_7b_4k,devastator,common,/opt/hbv/trainir-h20-experiments/20260927-v1/runs/llama2_7b_4k/devastator/common/01,5,9,48.48114847578108,9.799924850463867,0,8.81307601928711,60815653376,73033318400,
llama2_7b_4k,devastator,common,/opt/hbv/trainir-h20-experiments/20260927-v1/runs/llama2_7b_4k/devastator/common/01,5,10,48.491454345174134,9.767462730407715,0,8.828786849975586,60815653376,73033318400,
llama2_7b_4k,devastator,common,/opt/hbv/trainir-h20-experiments/20260927-v1/runs/llama2_7b_4k/devastator/common/01,6,1,82.56463392078876,10.580467224121094,0,8.56813907623291,60815652352,64961380352,
llama2_7b_4k,devastator,common,/opt/hbv/trainir-h20-experiments/20260927-v1/runs/llama2_7b_4k/devastator/common/01,6,2,48.485322115942836,10.581576347351074,0,8.714656829833984,60815653376,73033318400,
llama2_7b_4k,devastator,common,/opt/hbv/trainir-h20-experiments/20260927-v1/runs/llama2_7b_4k/devastator/common/01,6,3,48.471457687206566,10.520219802856445,0,8.539083480834961,60815653376,73033318400,
llama2_7b_4k,devastator,common,/opt/hbv/trainir-h20-experiments/20260927-v1/runs/llama2_7b_4k/devastator/common/01,6,4,48.47994666360319,10.476454734802246,0,8.791481971740723,60815653376,73033318400,
llama2_7b_4k,devastator,common,/opt/hbv/trainir-h20-experiments/20260927-v1/runs/llama2_7b_4k/devastator/common/01,6,5,48.48206829465926,10.27587890625,0,8.773651123046875,60815653376,73033318400,
llama2_7b_4k,devastator,common,/opt/hbv/trainir-h20-experiments/20260927-v1/runs/llama2_7b_4k/devastator/common/01,6,6,48.47146253567189,10.212308883666992,0,8.939213752746582,60815653376,73033318400,
llama2_7b_4k,devastator,common,/opt/hbv/trainir-h20-experiments/20260927-v1/runs/llama2_7b_4k/devastator/common/01,6,7,48.489441755227745,9.92479419708252,0,8.89301586151123,60815653376,73033318400,
llama2_7b_4k,devastator,common,/opt/hbv/trainir-h20-experiments/20260927-v1/runs/llama2_7b_4k/devastator/common/01,6,8,48.63253378774971,9.831809043884277,0,8.900551795959473,60815653376,73033318400,
llama2_7b_4k,devastator,common,/opt/hbv/trainir-h20-experiments/20260927-v1/runs/llama2_7b_4k/devastator/common/01,6,9,48.48134504351765,9.799924850463867,0,8.81307601928711,60815653376,73033318400,
llama2_7b_4k,devastator,common,/opt/hbv/trainir-h20-experiments/20260927-v1/runs/llama2_7b_4k/devastator/common/01,6,10,48.491418769583106,9.767462730407715,0,8.828786849975586,60815653376,73033318400,
llama2_7b_4k,devastator,common,/opt/hbv/trainir-h20-experiments/20260927-v1/runs/llama2_7b_4k/devastator/common/01,7,1,82.56462297495455,10.580467224121094,0,8.56813907623291,60815652352,64961380352,
llama2_7b_4k,devastator,common,/opt/hbv/trainir-h20-experiments/20260927-v1/runs/llama2_7b_4k/devastator/common/01,7,2,48.485330659896135,10.581576347351074,0,8.714656829833984,60815653376,73033318400,
llama2_7b_4k,devastator,common,/opt/hbv/trainir-h20-experiments/20260927-v1/runs/llama2_7b_4k/devastator/common/01,7,3,48.471454463899136,10.520219802856445,0,8.539083480834961,60815653376,73033318400,
llama2_7b_4k,devastator,common,/opt/hbv/trainir-h20-experiments/20260927-v1/runs/llama2_7b_4k/devastator/common/01,7,4,48.479911025613546,10.476454734802246,0,8.791481971740723,60815653376,73033318400,
llama2_7b_4k,devastator,common,/opt/hbv/trainir-h20-experiments/20260927-v1/runs/llama2_7b_4k/devastator/common/01,7,5,48.482063989154994,10.27587890625,0,8.773651123046875,60815653376,73033318400,
llama2_7b_4k,devastator,common,/opt/hbv/trainir-h20-experiments/20260927-v1/runs/llama2_7b_4k/devastator/common/01,7,6,48.47145396284759,10.212308883666992,0,8.939213752746582,60815653376,73033318400,
llama2_7b_4k,devastator,common,/opt/hbv/trainir-h20-experiments/20260927-v1/runs/llama2_7b_4k/devastator/common/01,7,7,48.48946502059698,9.92479419708252,0,8.89301586151123,60815653376,73033318400,
llama2_7b_4k,devastator,common,/opt/hbv/trainir-h20-experiments/20260927-v1/runs/llama2_7b_4k/devastator/common/01,7,8,48.632487054914236,9.831809043884277,0,8.900551795959473,60815653376,73033318400,
llama2_7b_4k,devastator,common,/opt/hbv/trainir-h20-experiments/20260927-v1/runs/llama2_7b_4k/devastator/common/01,7,9,48.48126339446753,9.799924850463867,0,8.81307601928711,60815653376,73033318400,
llama2_7b_4k,devastator,common,/opt/hbv/trainir-h20-experiments/20260927-v1/runs/llama2_7b_4k/devastator/common/01,7,10,48.4914778675884,9.767462730407715,0,8.828786849975586,60815653376,73033318400,
llama2_7b_4k,devastator,full,/opt/hbv/trainir-h20-experiments/20260927-v1/runs/llama2_7b_4k/devastator/full/01,0,1,68.76890156138688,10.587432861328125,0,8.362884521484375,44602117632,79033270272,
llama2_7b_4k,devastator,full,/opt/hbv/trainir-h20-experiments/20260927-v1/runs/llama2_7b_4k/devastator/full/01,0,2,42.30877693742514,10.595775604248047,0,8.453756332397461,44602118656,84758495232,
llama2_7b_4k,devastator,full,/opt/hbv/trainir-h20-experiments/20260927-v1/runs/llama2_7b_4k/devastator/full/01,0,3,42.304563134908676,10.533649444580078,0,8.25987720489502,44602118656,84758495232,
llama2_7b_4k,devastator,full,/opt/hbv/trainir-h20-experiments/20260927-v1/runs/llama2_7b_4k/devastator/full/01,0,4,42.302097817882895,10.504101753234863,0,8.599690437316895,44602118656,84758495232,
llama2_7b_4k,devastator,full,/opt/hbv/trainir-h20-experiments/20260927-v1/runs/llama2_7b_4k/devastator/full/01,0,5,42.302510160021484,10.335062026977539,0,8.641897201538086,44602118656,84758495232,
llama2_7b_4k,devastator,full,/opt/hbv/trainir-h20-experiments/20260927-v1/runs/llama2_7b_4k/devastator/full/01,0,6,42.310511785559356,10.272197723388672,0,8.760644912719727,44602118656,84758495232,
llama2_7b_4k,devastator,full,/opt/hbv/trainir-h20-experiments/20260927-v1/runs/llama2_7b_4k/devastator/full/01,0,7,42.29614402912557,10.033287048339844,0,9.071234703063965,44602118656,84758495232,
llama2_7b_4k,devastator,full,/opt/hbv/trainir-h20-experiments/20260927-v1/runs/llama2_7b_4k/devastator/full/01,0,8,42.30719618592411,9.952726364135742,0,9.363897323608398,44602118656,84758495232,
llama2_7b_4k,devastator,full,/opt/hbv/trainir-h20-experiments/20260927-v1/runs/llama2_7b_4k/devastator/full/01,0,9,42.306208779104054,9.92506217956543,0,9.391477584838867,44602118656,84758495232,
llama2_7b_4k,devastator,full,/opt/hbv/trainir-h20-experiments/20260927-v1/runs/llama2_7b_4k/devastator/full/01,0,10,42.30357117392123,9.896660804748535,0,9.495436668395996,44602118656,84758495232,
llama2_7b_4k,devastator,full,/opt/hbv/trainir-h20-experiments/20260927-v1/runs/llama2_7b_4k/devastator/full/01,1,1,68.76889162510633,10.587432861328125,0,8.362884521484375,44602117632,78978744320,
llama2_7b_4k,devastator,full,/opt/hbv/trainir-h20-experiments/20260927-v1/runs/llama2_7b_4k/devastator/full/01,1,2,42.3086733808741,10.595775604248047,0,8.453756332397461,44602118656,83609255936,
llama2_7b_4k,devastator,full,/opt/hbv/trainir-h20-experiments/20260927-v1/runs/llama2_7b_4k/devastator/full/01,1,3,42.30473903845996,10.533649444580078,0,8.25987720489502,44602118656,83609255936,
llama2_7b_4k,devastator,full,/opt/hbv/trainir-h20-experiments/20260927-v1/runs/llama2_7b_4k/devastator/full/01,1,4,42.30213250685483,10.504101753234863,0,8.599690437316895,44602118656,83609255936,
llama2_7b_4k,devastator,full,/opt/hbv/trainir-h20-experiments/20260927-v1/runs/llama2_7b_4k/devastator/full/01,1,5,42.30255794804543,10.335062026977539,0,8.641897201538086,44602118656,83609255936,
llama2_7b_4k,devastator,full,/opt/hbv/trainir-h20-experiments/20260927-v1/runs/llama2_7b_4k/devastator/full/01,1,6,42.3104333775118,10.272197723388672,0,8.760644912719727,44602118656,83609255936,
llama2_7b_4k,devastator,full,/opt/hbv/trainir-h20-experiments/20260927-v1/runs/llama2_7b_4k/devastator/full/01,1,7,42.29613924305886,10.033287048339844,0,9.071234703063965,44602118656,83609255936,
llama2_7b_4k,devastator,full,/opt/hbv/trainir-h20-experiments/20260927-v1/runs/llama2_7b_4k/devastator/full/01,1,8,42.30738752055913,9.952726364135742,0,9.363897323608398,44602118656,83609255936,
llama2_7b_4k,devastator,full,/opt/hbv/trainir-h20-experiments/20260927-v1/runs/llama2_7b_4k/devastator/full/01,1,9,42.305600485764444,9.92506217956543,0,9.391477584838867,44602118656,83609255936,
llama2_7b_4k,devastator,full,/opt/hbv/trainir-h20-experiments/20260927-v1/runs/llama2_7b_4k/devastator/full/01,1,10,42.303532876074314,9.896660804748535,0,9.495436668395996,44602118656,83609255936,
llama2_7b_4k,devastator,full,/opt/hbv/trainir-h20-experiments/20260927-v1/runs/llama2_7b_4k/devastator/full/01,2,1,68.76867365837097,10.587432861328125,0,8.362884521484375,44602117632,78869692416,
llama2_7b_4k,devastator,full,/opt/hbv/trainir-h20-experiments/20260927-v1/runs/llama2_7b_4k/devastator/full/01,2,2,42.30864115059376,10.595775604248047,0,8.453756332397461,44602118656,84481671168,
llama2_7b_4k,devastator,full,/opt/hbv/trainir-h20-experiments/20260927-v1/runs/llama2_7b_4k/devastator/full/01,2,3,42.30441010463983,10.533649444580078,0,8.25987720489502,44602118656,84481671168,
llama2_7b_4k,devastator,full,/opt/hbv/trainir-h20-experiments/20260927-v1/runs/llama2_7b_4k/devastator/full/01,2,4,42.30215791426599,10.504101753234863,0,8.599690437316895,44602118656,84481671168,
llama2_7b_4k,devastator,full,/opt/hbv/trainir-h20-experiments/20260927-v1/runs/llama2_7b_4k/devastator/full/01,2,5,42.302629061974585,10.335062026977539,0,8.641897201538086,44602118656,84481671168,
llama2_7b_4k,devastator,full,/opt/hbv/trainir-h20-experiments/20260927-v1/runs/llama2_7b_4k/devastator/full/01,2,6,42.31039109546691,10.272197723388672,0,8.760644912719727,44602118656,84481671168,
llama2_7b_4k,devastator,full,/opt/hbv/trainir-h20-experiments/20260927-v1/runs/llama2_7b_4k/devastator/full/01,2,7,42.29626543819904,10.033287048339844,0,9.071234703063965,44602118656,84481671168,
llama2_7b_4k,devastator,full,/opt/hbv/trainir-h20-experiments/20260927-v1/runs/llama2_7b_4k/devastator/full/01,2,8,42.30742289125919,9.952726364135742,0,9.363897323608398,44602118656,84481671168,
llama2_7b_4k,devastator,full,/opt/hbv/trainir-h20-experiments/20260927-v1/runs/llama2_7b_4k/devastator/full/01,2,9,42.306215713731945,9.92506217956543,0,9.391477584838867,44602118656,84481671168,
llama2_7b_4k,devastator,full,/opt/hbv/trainir-h20-experiments/20260927-v1/runs/llama2_7b_4k/devastator/full/01,2,10,42.303482367657125,9.896660804748535,0,9.495436668395996,44602118656,84481671168,
llama2_7b_4k,devastator,full,/opt/hbv/trainir-h20-experiments/20260927-v1/runs/llama2_7b_4k/devastator/full/01,3,1,68.76885308045894,10.587432861328125,0,8.362884521484375,44602134016,79003910144,
llama2_7b_4k,devastator,full,/opt/hbv/trainir-h20-experiments/20260927-v1/runs/llama2_7b_4k/devastator/full/01,3,2,42.30884218681604,10.595775604248047,0,8.453756332397461,44602135040,84682997760,
llama2_7b_4k,devastator,full,/opt/hbv/trainir-h20-experiments/20260927-v1/runs/llama2_7b_4k/devastator/full/01,3,3,42.3044451251626,10.533649444580078,0,8.25987720489502,44602135040,84682997760,
llama2_7b_4k,devastator,full,/opt/hbv/trainir-h20-experiments/20260927-v1/runs/llama2_7b_4k/devastator/full/01,3,4,42.30211654584855,10.504101753234863,0,8.599690437316895,44602135040,84682997760,
llama2_7b_4k,devastator,full,/opt/hbv/trainir-h20-experiments/20260927-v1/runs/llama2_7b_4k/devastator/full/01,3,5,42.30260770767927,10.335062026977539,0,8.641897201538086,44602135040,84682997760,
llama2_7b_4k,devastator,full,/opt/hbv/trainir-h20-experiments/20260927-v1/runs/llama2_7b_4k/devastator/full/01,3,6,42.310486416332424,10.272197723388672,0,8.760644912719727,44602135040,84682997760,
llama2_7b_4k,devastator,full,/opt/hbv/trainir-h20-experiments/20260927-v1/runs/llama2_7b_4k/devastator/full/01,3,7,42.29610816668719,10.033287048339844,0,9.071234703063965,44602135040,84682997760,
llama2_7b_4k,devastator,full,/opt/hbv/trainir-h20-experiments/20260927-v1/runs/llama2_7b_4k/devastator/full/01,3,8,42.30740164127201,9.952726364135742,0,9.363897323608398,44602135040,84682997760,
llama2_7b_4k,devastator,full,/opt/hbv/trainir-h20-experiments/20260927-v1/runs/llama2_7b_4k/devastator/full/01,3,9,42.305481414310634,9.92506217956543,0,9.391477584838867,44602135040,84682997760,
llama2_7b_4k,devastator,full,/opt/hbv/trainir-h20-experiments/20260927-v1/runs/llama2_7b_4k/devastator/full/01,3,10,42.303434553556144,9.896660804748535,0,9.495436668395996,44602135040,84682997760,
llama2_7b_4k,devastator,full,/opt/hbv/trainir-h20-experiments/20260927-v1/runs/llama2_7b_4k/devastator/full/01,4,1,68.76885813102126,10.587432861328125,0,8.362884521484375,44602117632,79003910144,
llama2_7b_4k,devastator,full,/opt/hbv/trainir-h20-experiments/20260927-v1/runs/llama2_7b_4k/devastator/full/01,4,2,42.308663743548095,10.595775604248047,0,8.453756332397461,44602118656,84682997760,
llama2_7b_4k,devastator,full,/opt/hbv/trainir-h20-experiments/20260927-v1/runs/llama2_7b_4k/devastator/full/01,4,3,42.30465786345303,10.533649444580078,0,8.25987720489502,44602118656,84682997760,
llama2_7b_4k,devastator,full,/opt/hbv/trainir-h20-experiments/20260927-v1/runs/llama2_7b_4k/devastator/full/01,4,4,42.30217972304672,10.504101753234863,0,8.599690437316895,44602118656,84682997760,
llama2_7b_4k,devastator,full,/opt/hbv/trainir-h20-experiments/20260927-v1/runs/llama2_7b_4k/devastator/full/01,4,5,42.30261266324669,10.335062026977539,0,8.641897201538086,44602118656,84682997760,
llama2_7b_4k,devastator,full,/opt/hbv/trainir-h20-experiments/20260927-v1/runs/llama2_7b_4k/devastator/full/01,4,6,42.31042854115367,10.272197723388672,0,8.760644912719727,44602118656,84682997760,
llama2_7b_4k,devastator,full,/opt/hbv/trainir-h20-experiments/20260927-v1/runs/llama2_7b_4k/devastator/full/01,4,7,42.29631023667753,10.033287048339844,0,9.071234703063965,44602118656,84682997760,
llama2_7b_4k,devastator,full,/opt/hbv/trainir-h20-experiments/20260927-v1/runs/llama2_7b_4k/devastator/full/01,4,8,42.307398438453674,9.952726364135742,0,9.363897323608398,44602118656,84682997760,
llama2_7b_4k,devastator,full,/opt/hbv/trainir-h20-experiments/20260927-v1/runs/llama2_7b_4k/devastator/full/01,4,9,42.30613922700286,9.92506217956543,0,9.391477584838867,44602118656,84682997760,
llama2_7b_4k,devastator,full,/opt/hbv/trainir-h20-experiments/20260927-v1/runs/llama2_7b_4k/devastator/full/01,4,10,42.30363614112139,9.896660804748535,0,9.495436668395996,44602118656,84682997760,
llama2_7b_4k,devastator,full,/opt/hbv/trainir-h20-experiments/20260927-v1/runs/llama2_7b_4k/devastator/full/01,5,1,68.76884005218744,10.587432861328125,0,8.362884521484375,44605244928,78936801280,
llama2_7b_4k,devastator,full,/opt/hbv/trainir-h20-experiments/20260927-v1/runs/llama2_7b_4k/devastator/full/01,5,2,42.30868232809007,10.595775604248047,0,8.453756332397461,44605245952,84414562304,
llama2_7b_4k,devastator,full,/opt/hbv/trainir-h20-experiments/20260927-v1/runs/llama2_7b_4k/devastator/full/01,5,3,42.3045937307179,10.533649444580078,0,8.25987720489502,44605245952,84414562304,
llama2_7b_4k,devastator,full,/opt/hbv/trainir-h20-experiments/20260927-v1/runs/llama2_7b_4k/devastator/full/01,5,4,42.302199613302946,10.504101753234863,0,8.599690437316895,44605245952,84414562304,
llama2_7b_4k,devastator,full,/opt/hbv/trainir-h20-experiments/20260927-v1/runs/llama2_7b_4k/devastator/full/01,5,5,42.30256112385541,10.335062026977539,0,8.641897201538086,44605245952,84414562304,
llama2_7b_4k,devastator,full,/opt/hbv/trainir-h20-experiments/20260927-v1/runs/llama2_7b_4k/devastator/full/01,5,6,42.31049308460206,10.272197723388672,0,8.760644912719727,44605245952,84414562304,
llama2_7b_4k,devastator,full,/opt/hbv/trainir-h20-experiments/20260927-v1/runs/llama2_7b_4k/devastator/full/01,5,7,42.29621997475624,10.033287048339844,0,9.071234703063965,44605245952,84414562304,
llama2_7b_4k,devastator,full,/opt/hbv/trainir-h20-experiments/20260927-v1/runs/llama2_7b_4k/devastator/full/01,5,8,42.307281859219074,9.952726364135742,0,9.363897323608398,44605245952,84414562304,
llama2_7b_4k,devastator,full,/opt/hbv/trainir-h20-experiments/20260927-v1/runs/llama2_7b_4k/devastator/full/01,5,9,42.30611656885594,9.92506217956543,0,9.391477584838867,44605245952,84414562304,
llama2_7b_4k,devastator,full,/opt/hbv/trainir-h20-experiments/20260927-v1/runs/llama2_7b_4k/devastator/full/01,5,10,42.303697732277215,9.896660804748535,0,9.495436668395996,44605245952,84414562304,
llama2_7b_4k,devastator,full,/opt/hbv/trainir-h20-experiments/20260927-v1/runs/llama2_7b_4k/devastator/full/01,6,1,68.76888831611723,10.587432861328125,0,8.362884521484375,44602117632,77942751232,
llama2_7b_4k,devastator,full,/opt/hbv/trainir-h20-experiments/20260927-v1/runs/llama2_7b_4k/devastator/full/01,6,2,42.30950328614563,10.595775604248047,0,8.453756332397461,44602118656,83617644544,
llama2_7b_4k,devastator,full,/opt/hbv/trainir-h20-experiments/20260927-v1/runs/llama2_7b_4k/devastator/full/01,6,3,42.304422901943326,10.533649444580078,0,8.25987720489502,44602118656,83617644544,
llama2_7b_4k,devastator,full,/opt/hbv/trainir-h20-experiments/20260927-v1/runs/llama2_7b_4k/devastator/full/01,6,4,42.3023420823738,10.504101753234863,0,8.599690437316895,44602118656,83617644544,
llama2_7b_4k,devastator,full,/opt/hbv/trainir-h20-experiments/20260927-v1/runs/llama2_7b_4k/devastator/full/01,6,5,42.3026330024004,10.335062026977539,0,8.641897201538086,44602118656,83617644544,
llama2_7b_4k,devastator,full,/opt/hbv/trainir-h20-experiments/20260927-v1/runs/llama2_7b_4k/devastator/full/01,6,6,42.31063140556216,10.272197723388672,0,8.760644912719727,44602118656,83617644544,
llama2_7b_4k,devastator,full,/opt/hbv/trainir-h20-experiments/20260927-v1/runs/llama2_7b_4k/devastator/full/01,6,7,42.29628323111683,10.033287048339844,0,9.071234703063965,44602118656,83617644544,
llama2_7b_4k,devastator,full,/opt/hbv/trainir-h20-experiments/20260927-v1/runs/llama2_7b_4k/devastator/full/01,6,8,42.30737607181072,9.952726364135742,0,9.363897323608398,44602118656,83617644544,
llama2_7b_4k,devastator,full,/opt/hbv/trainir-h20-experiments/20260927-v1/runs/llama2_7b_4k/devastator/full/01,6,9,42.306345137767494,9.92506217956543,0,9.391477584838867,44602118656,83617644544,
llama2_7b_4k,devastator,full,/opt/hbv/trainir-h20-experiments/20260927-v1/runs/llama2_7b_4k/devastator/full/01,6,10,42.303730570711195,9.896660804748535,0,9.495436668395996,44602118656,83617644544,
llama2_7b_4k,devastator,full,/opt/hbv/trainir-h20-experiments/20260927-v1/runs/llama2_7b_4k/devastator/full/01,7,1,68.76886057946831,10.587432861328125,0,8.362884521484375,44602117632,77984694272,
llama2_7b_4k,devastator,full,/opt/hbv/trainir-h20-experiments/20260927-v1/runs/llama2_7b_4k/devastator/full/01,7,2,42.30964599829167,10.595775604248047,0,8.453756332397461,44602118656,84708163584,
llama2_7b_4k,devastator,full,/opt/hbv/trainir-h20-experiments/20260927-v1/runs/llama2_7b_4k/devastator/full/01,7,3,42.30443692486733,10.533649444580078,0,8.25987720489502,44602118656,84708163584,
llama2_7b_4k,devastator,full,/opt/hbv/trainir-h20-experiments/20260927-v1/runs/llama2_7b_4k/devastator/full/01,7,4,42.30217107292265,10.504101753234863,0,8.599690437316895,44602118656,84708163584,
llama2_7b_4k,devastator,full,/opt/hbv/trainir-h20-experiments/20260927-v1/runs/llama2_7b_4k/devastator/full/01,7,5,42.302583125419915,10.335062026977539,0,8.641897201538086,44602118656,84708163584,
llama2_7b_4k,devastator,full,/opt/hbv/trainir-h20-experiments/20260927-v1/runs/llama2_7b_4k/devastator/full/01,7,6,42.31070247665048,10.272197723388672,0,8.760644912719727,44602118656,84708163584,
llama2_7b_4k,devastator,full,/opt/hbv/trainir-h20-experiments/20260927-v1/runs/llama2_7b_4k/devastator/full/01,7,7,42.296293469145894,10.033287048339844,0,9.071234703063965,44602118656,84708163584,
llama2_7b_4k,devastator,full,/opt/hbv/trainir-h20-experiments/20260927-v1/runs/llama2_7b_4k/devastator/full/01,7,8,42.3073495933786,9.952726364135742,0,9.363897323608398,44602118656,84708163584,
llama2_7b_4k,devastator,full,/opt/hbv/trainir-h20-experiments/20260927-v1/runs/llama2_7b_4k/devastator/full/01,7,9,42.306372463703156,9.92506217956543,0,9.391477584838867,44602118656,84708163584,
llama2_7b_4k,devastator,full,/opt/hbv/trainir-h20-experiments/20260927-v1/runs/llama2_7b_4k/devastator/full/01,7,10,42.30369692482054,9.896660804748535,0,9.495436668395996,44602118656,84708163584,
llama2_7b_4k,galvatron,common,/opt/hbv/trainir-h20-experiments/20260927-v1/runs/llama2_7b_4k/galvatron/common/01,0,1,64.18097442854196,10.56941245496273,0,4.390995973818451,40541193216,91014299648,9.817718381265238e-07
llama2_7b_4k,galvatron,common,/opt/hbv/trainir-h20-experiments/20260927-v1/runs/llama2_7b_4k/galvatron/common/01,0,2,55.689870667643845,10.565837875008583,0,4.44118658242228,40543290880,95214895104,9.206544616434248e-07
llama2_7b_4k,galvatron,common,/opt/hbv/trainir-h20-experiments/20260927-v1/runs/llama2_7b_4k/galvatron/common/01,0,3,55.701267858967185,10.554267555475235,0,4.38169457632883,40545388544,95347015680,8.225243592119499e-07
llama2_7b_4k,galvatron,common,/opt/hbv/trainir-h20-experiments/20260927-v1/runs/llama2_7b_4k/galvatron/common/01,0,4,55.689528840593994,10.547989293932915,0,4.490803540210546,40547486208,95347015680,6.971805834928398e-07
llama2_7b_4k,galvatron,common,/opt/hbv/trainir-h20-experiments/20260927-v1/runs/llama2_7b_4k/galvatron/common/01,0,5,55.70154500287026,10.529390782117844,0,4.495585713654393,40549583872,95347015680,5.571396837256635e-07
llama2_7b_4k,galvatron,common,/opt/hbv/trainir-h20-experiments/20260927-v1/runs/llama2_7b_4k/galvatron/common/01,0,6,55.694770387373865,10.52163641154766,0,4.555413582509808,40551681536,95347015680,4.1638583110227627e-07
llama2_7b_4k,galvatron,common,/opt/hbv/trainir-h20-experiments/20260927-v1/runs/llama2_7b_4k/galvatron/common/01,0,7,55.73342310450971,10.523951441049576,0,4.508557976974266,40553779200,95347015680,2.889743906929609e-07
llama2_7b_4k,galvatron,common,/opt/hbv/trainir-h20-experiments/20260927-v1/runs/llama2_7b_4k/galvatron/common/01,0,8,55.73977136798203,10.520441368222237,0,4.591924810797492,40555876864,95347015680,1.876283841110236e-07
llama2_7b_4k,galvatron,common,/opt/hbv/trainir-h20-experiments/20260927-v1/runs/llama2_7b_4k/galvatron/common/01,0,9,55.730976205319166,10.508967027068138,0,4.612420165655542,40557974528,95347015680,1.224679970165746e-07
llama2_7b_4k,galvatron,common,/opt/hbv/trainir-h20-experiments/20260927-v1/runs/llama2_7b_4k/galvatron/common/01,0,10,55.72069277521223,10.51631835103035,0,4.586888385300442,40560072192,95347015680,1e-07
llama2_7b_4k,galvatron,common,/opt/hbv/trainir-h20-experiments/20260927-v1/runs/llama2_7b_4k/galvatron/common/01,1,1,64.17944978550076,10.56941245496273,0,4.390995973818451,40541193216,91014299648,9.817718381265238e-07
llama2_7b_4k,galvatron,common,/opt/hbv/trainir-h20-experiments/20260927-v1/runs/llama2_7b_4k/galvatron/common/01,1,2,55.68830426223576,10.565837875008583,0,4.44118658242228,40543290880,95214895104,9.206544616434248e-07
llama2_7b_4k,galvatron,common,/opt/hbv/trainir-h20-experiments/20260927-v1/runs/llama2_7b_4k/galvatron/common/01,1,3,55.69984799064696,10.554267555475235,0,4.38169457632883,40545388544,95347015680,8.225243592119499e-07
llama2_7b_4k,galvatron,common,/opt/hbv/trainir-h20-experiments/20260927-v1/runs/llama2_7b_4k/galvatron/common/01,1,4,55.68807618878782,10.547989293932915,0,4.490803540210546,40547486208,95347015680,6.971805834928398e-07
llama2_7b_4k,galvatron,common,/opt/hbv/trainir-h20-experiments/20260927-v1/runs/llama2_7b_4k/galvatron/common/01,1,5,55.700022022239864,10.529390782117844,0,4.495585713654393,40549583872,95347015680,5.571396837256635e-07
llama2_7b_4k,galvatron,common,/opt/hbv/trainir-h20-experiments/20260927-v1/runs/llama2_7b_4k/galvatron/common/01,1,6,55.693122887052596,10.52163641154766,0,4.555413582509808,40551681536,95347015680,4.1638583110227627e-07
llama2_7b_4k,galvatron,common,/opt/hbv/trainir-h20-experiments/20260927-v1/runs/llama2_7b_4k/galvatron/common/01,1,7,55.73189351987094,10.523951441049576,0,4.508557976974266,40553779200,95347015680,2.889743906929609e-07
llama2_7b_4k,galvatron,common,/opt/hbv/trainir-h20-experiments/20260927-v1/runs/llama2_7b_4k/galvatron/common/01,1,8,55.738264959305525,10.520441368222237,0,4.591924810797492,40555876864,95347015680,1.876283841110236e-07
llama2_7b_4k,galvatron,common,/opt/hbv/trainir-h20-experiments/20260927-v1/runs/llama2_7b_4k/galvatron/common/01,1,9,55.729417683556676,10.508967027068138,0,4.612420165655542,40557974528,95347015680,1.224679970165746e-07
llama2_7b_4k,galvatron,common,/opt/hbv/trainir-h20-experiments/20260927-v1/runs/llama2_7b_4k/galvatron/common/01,1,10,55.71917971316725,10.51631835103035,0,4.586888385300442,40560072192,95347015680,1e-07
llama2_7b_4k,galvatron,common,/opt/hbv/trainir-h20-experiments/20260927-v1/runs/llama2_7b_4k/galvatron/common/01,2,1,64.1799738239497,10.56941245496273,0,4.390995973818451,40541193216,91014299648,9.817718381265238e-07
llama2_7b_4k,galvatron,common,/opt/hbv/trainir-h20-experiments/20260927-v1/runs/llama2_7b_4k/galvatron/common/01,2,2,55.68833759613335,10.565837875008583,0,4.44118658242228,40543290880,95418318848,9.206544616434248e-07
llama2_7b_4k,galvatron,common,/opt/hbv/trainir-h20-experiments/20260927-v1/runs/llama2_7b_4k/galvatron/common/01,2,3,55.699629166163504,10.554267555475235,0,4.38169457632883,40545388544,95418318848,8.225243592119499e-07
llama2_7b_4k,galvatron,common,/opt/hbv/trainir-h20-experiments/20260927-v1/runs/llama2_7b_4k/galvatron/common/01,2,4,55.68798902258277,10.547989293932915,0,4.490803540210546,40547486208,95418318848,6.971805834928398e-07
llama2_7b_4k,galvatron,common,/opt/hbv/trainir-h20-experiments/20260927-v1/runs/llama2_7b_4k/galvatron/common/01,2,5,55.69995382986963,10.529390782117844,0,4.495585713654393,40549583872,95418318848,5.571396837256635e-07
llama2_7b_4k,galvatron,common,/opt/hbv/trainir-h20-experiments/20260927-v1/runs/llama2_7b_4k/galvatron/common/01,2,6,55.69310462940484,10.52163641154766,0,4.555413582509808,40551681536,95418318848,4.1638583110227627e-07
llama2_7b_4k,galvatron,common,/opt/hbv/trainir-h20-experiments/20260927-v1/runs/llama2_7b_4k/galvatron/common/01,2,7,55.73172799311578,10.523951441049576,0,4.508557976974266,40553779200,95418318848,2.889743906929609e-07
llama2_7b_4k,galvatron,common,/opt/hbv/trainir-h20-experiments/20260927-v1/runs/llama2_7b_4k/galvatron/common/01,2,8,55.73821758851409,10.520441368222237,0,4.591924810797492,40555876864,95418318848,1.876283841110236e-07
llama2_7b_4k,galvatron,common,/opt/hbv/trainir-h20-experiments/20260927-v1/runs/llama2_7b_4k/galvatron/common/01,2,9,55.72933838889003,10.508967027068138,0,4.612420165655542,40557974528,95418318848,1.224679970165746e-07
llama2_7b_4k,galvatron,common,/opt/hbv/trainir-h20-experiments/20260927-v1/runs/llama2_7b_4k/galvatron/common/01,2,10,55.71908965986222,10.51631835103035,0,4.586888385300442,40560072192,95418318848,1e-07
llama2_7b_4k,galvatron,common,/opt/hbv/trainir-h20-experiments/20260927-v1/runs/llama2_7b_4k/galvatron/common/01,3,1,64.17548636253923,10.56941245496273,0,4.390995973818451,40541193216,91014299648,9.817718381265238e-07
llama2_7b_4k,galvatron,common,/opt/hbv/trainir-h20-experiments/20260927-v1/runs/llama2_7b_4k/galvatron/common/01,3,2,55.68844091333449,10.565837875008583,0,4.44118658242228,40543290880,95418318848,9.206544616434248e-07
llama2_7b_4k,galvatron,common,/opt/hbv/trainir-h20-experiments/20260927-v1/runs/llama2_7b_4k/galvatron/common/01,3,3,55.69978765305132,10.554267555475235,0,4.38169457632883,40545388544,95418318848,8.225243592119499e-07
llama2_7b_4k,galvatron,common,/opt/hbv/trainir-h20-experiments/20260927-v1/runs/llama2_7b_4k/galvatron/common/01,3,4,55.68813279084861,10.547989293932915,0,4.490803540210546,40547486208,95418318848,6.971805834928398e-07
llama2_7b_4k,galvatron,common,/opt/hbv/trainir-h20-experiments/20260927-v1/runs/llama2_7b_4k/galvatron/common/01,3,5,55.70003744773567,10.529390782117844,0,4.495585713654393,40549583872,95418318848,5.571396837256635e-07
llama2_7b_4k,galvatron,common,/opt/hbv/trainir-h20-experiments/20260927-v1/runs/llama2_7b_4k/galvatron/common/01,3,6,55.693221256136894,10.52163641154766,0,4.555413582509808,40551681536,95418318848,4.1638583110227627e-07
llama2_7b_4k,galvatron,common,/opt/hbv/trainir-h20-experiments/20260927-v1/runs/llama2_7b_4k/galvatron/common/01,3,7,55.731948713772,10.523951441049576,0,4.508557976974266,40553779200,95418318848,2.889743906929609e-07
llama2_7b_4k,galvatron,common,/opt/hbv/trainir-h20-experiments/20260927-v1/runs/llama2_7b_4k/galvatron/common/01,3,8,55.738323834724724,10.520441368222237,0,4.591924810797492,40555876864,95418318848,1.876283841110236e-07
llama2_7b_4k,galvatron,common,/opt/hbv/trainir-h20-experiments/20260927-v1/runs/llama2_7b_4k/galvatron/common/01,3,9,55.72958838287741,10.508967027068138,0,4.612420165655542,40557974528,95418318848,1.224679970165746e-07
llama2_7b_4k,galvatron,common,/opt/hbv/trainir-h20-experiments/20260927-v1/runs/llama2_7b_4k/galvatron/common/01,3,10,55.71925950143486,10.51631835103035,0,4.586888385300442,40560072192,95418318848,1e-07
llama2_7b_4k,galvatron,common,/opt/hbv/trainir-h20-experiments/20260927-v1/runs/llama2_7b_4k/galvatron/common/01,4,1,64.17985790222883,10.56941245496273,0,4.390995973818451,40541193216,91014299648,9.817718381265238e-07
llama2_7b_4k,galvatron,common,/opt/hbv/trainir-h20-experiments/20260927-v1/runs/llama2_7b_4k/galvatron/common/01,4,2,55.68809588160366,10.565837875008583,0,4.44118658242228,40543290880,95418318848,9.206544616434248e-07
llama2_7b_4k,galvatron,common,/opt/hbv/trainir-h20-experiments/20260927-v1/runs/llama2_7b_4k/galvatron/common/01,4,3,55.6995769161731,10.554267555475235,0,4.38169457632883,40545388544,95418318848,8.225243592119499e-07
llama2_7b_4k,galvatron,common,/opt/hbv/trainir-h20-experiments/20260927-v1/runs/llama2_7b_4k/galvatron/common/01,4,4,55.687871403992176,10.547989293932915,0,4.490803540210546,40547486208,95418318848,6.971805834928398e-07
llama2_7b_4k,galvatron,common,/opt/hbv/trainir-h20-experiments/20260927-v1/runs/llama2_7b_4k/galvatron/common/01,4,5,55.69980060402304,10.529390782117844,0,4.495585713654393,40549583872,95418318848,5.571396837256635e-07
llama2_7b_4k,galvatron,common,/opt/hbv/trainir-h20-experiments/20260927-v1/runs/llama2_7b_4k/galvatron/common/01,4,6,55.69295287039131,10.52163641154766,0,4.555413582509808,40551681536,95418318848,4.1638583110227627e-07
llama2_7b_4k,galvatron,common,/opt/hbv/trainir-h20-experiments/20260927-v1/runs/llama2_7b_4k/galvatron/common/01,4,7,55.73161732312292,10.523951441049576,0,4.508557976974266,40553779200,95418318848,2.889743906929609e-07
llama2_7b_4k,galvatron,common,/opt/hbv/trainir-h20-experiments/20260927-v1/runs/llama2_7b_4k/galvatron/common/01,4,8,55.73804712295532,10.520441368222237,0,4.591924810797492,40555876864,95418318848,1.876283841110236e-07
llama2_7b_4k,galvatron,common,/opt/hbv/trainir-h20-experiments/20260927-v1/runs/llama2_7b_4k/galvatron/common/01,4,9,55.72923847474158,10.508967027068138,0,4.612420165655542,40557974528,95418318848,1.224679970165746e-07
llama2_7b_4k,galvatron,common,/opt/hbv/trainir-h20-experiments/20260927-v1/runs/llama2_7b_4k/galvatron/common/01,4,10,55.71902008727193,10.51631835103035,0,4.586888385300442,40560072192,95418318848,1e-07
llama2_7b_4k,galvatron,common,/opt/hbv/trainir-h20-experiments/20260927-v1/runs/llama2_7b_4k/galvatron/common/01,5,1,64.18060919363052,10.56941245496273,0,4.390995973818451,40541193216,91014299648,9.817718381265238e-07
llama2_7b_4k,galvatron,common,/opt/hbv/trainir-h20-experiments/20260927-v1/runs/llama2_7b_4k/galvatron/common/01,5,2,55.68824139237404,10.565837875008583,0,4.44118658242228,40543290880,95418318848,9.206544616434248e-07
llama2_7b_4k,galvatron,common,/opt/hbv/trainir-h20-experiments/20260927-v1/runs/llama2_7b_4k/galvatron/common/01,5,3,55.69959507882595,10.554267555475235,0,4.38169457632883,40545388544,95418318848,8.225243592119499e-07
llama2_7b_4k,galvatron,common,/opt/hbv/trainir-h20-experiments/20260927-v1/runs/llama2_7b_4k/galvatron/common/01,5,4,55.68791543971747,10.547989293932915,0,4.490803540210546,40547486208,95418318848,6.971805834928398e-07
llama2_7b_4k,galvatron,common,/opt/hbv/trainir-h20-experiments/20260927-v1/runs/llama2_7b_4k/galvatron/common/01,5,5,55.69979003071785,10.529390782117844,0,4.495585713654393,40549583872,95418318848,5.571396837256635e-07
llama2_7b_4k,galvatron,common,/opt/hbv/trainir-h20-experiments/20260927-v1/runs/llama2_7b_4k/galvatron/common/01,5,6,55.69305683579296,10.52163641154766,0,4.555413582509808,40551681536,95418318848,4.1638583110227627e-07
llama2_7b_4k,galvatron,common,/opt/hbv/trainir-h20-experiments/20260927-v1/runs/llama2_7b_4k/galvatron/common/01,5,7,55.73169262800366,10.523951441049576,0,4.508557976974266,40553779200,95418318848,2.889743906929609e-07
llama2_7b_4k,galvatron,common,/opt/hbv/trainir-h20-experiments/20260927-v1/runs/llama2_7b_4k/galvatron/common/01,5,8,55.738037220202386,10.520441368222237,0,4.591924810797492,40555876864,95418318848,1.876283841110236e-07
llama2_7b_4k,galvatron,common,/opt/hbv/trainir-h20-experiments/20260927-v1/runs/llama2_7b_4k/galvatron/common/01,5,9,55.72928130906075,10.508967027068138,0,4.612420165655542,40557974528,95418318848,1.224679970165746e-07
llama2_7b_4k,galvatron,common,/opt/hbv/trainir-h20-experiments/20260927-v1/runs/llama2_7b_4k/galvatron/common/01,5,10,55.71899237949401,10.51631835103035,0,4.586888385300442,40560072192,95418318848,1e-07
llama2_7b_4k,galvatron,common,/opt/hbv/trainir-h20-experiments/20260927-v1/runs/llama2_7b_4k/galvatron/common/01,6,1,64.1775904847309,10.56941245496273,0,4.390995973818451,40541193216,91014299648,9.817718381265238e-07
llama2_7b_4k,galvatron,common,/opt/hbv/trainir-h20-experiments/20260927-v1/runs/llama2_7b_4k/galvatron/common/01,6,2,55.68824573699385,10.565837875008583,0,4.44118658242228,40543290880,95418318848,9.206544616434248e-07
llama2_7b_4k,galvatron,common,/opt/hbv/trainir-h20-experiments/20260927-v1/runs/llama2_7b_4k/galvatron/common/01,6,3,55.69960783608258,10.554267555475235,0,4.38169457632883,40545388544,95418318848,8.225243592119499e-07
llama2_7b_4k,galvatron,common,/opt/hbv/trainir-h20-experiments/20260927-v1/runs/llama2_7b_4k/galvatron/common/01,6,4,55.68793897423893,10.547989293932915,0,4.490803540210546,40547486208,95418318848,6.971805834928398e-07
llama2_7b_4k,galvatron,common,/opt/hbv/trainir-h20-experiments/20260927-v1/runs/llama2_7b_4k/galvatron/common/01,6,5,55.69986675307155,10.529390782117844,0,4.495585713654393,40549583872,95418318848,5.571396837256635e-07
llama2_7b_4k,galvatron,common,/opt/hbv/trainir-h20-experiments/20260927-v1/runs/llama2_7b_4k/galvatron/common/01,6,6,55.693030655384064,10.52163641154766,0,4.555413582509808,40551681536,95418318848,4.1638583110227627e-07
llama2_7b_4k,galvatron,common,/opt/hbv/trainir-h20-experiments/20260927-v1/runs/llama2_7b_4k/galvatron/common/01,6,7,55.73168428428471,10.523951441049576,0,4.508557976974266,40553779200,95418318848,2.889743906929609e-07
llama2_7b_4k,galvatron,common,/opt/hbv/trainir-h20-experiments/20260927-v1/runs/llama2_7b_4k/galvatron/common/01,6,8,55.73813028819859,10.520441368222237,0,4.591924810797492,40555876864,95418318848,1.876283841110236e-07
llama2_7b_4k,galvatron,common,/opt/hbv/trainir-h20-experiments/20260927-v1/runs/llama2_7b_4k/galvatron/common/01,6,9,55.72936699446291,10.508967027068138,0,4.612420165655542,40557974528,95418318848,1.224679970165746e-07
llama2_7b_4k,galvatron,common,/opt/hbv/trainir-h20-experiments/20260927-v1/runs/llama2_7b_4k/galvatron/common/01,6,10,55.71911542583257,10.51631835103035,0,4.586888385300442,40560072192,95418318848,1e-07
llama2_7b_4k,galvatron,common,/opt/hbv/trainir-h20-experiments/20260927-v1/runs/llama2_7b_4k/galvatron/common/01,7,1,64.18067970778793,10.56941245496273,0,4.390995973818451,40541193216,91014299648,9.817718381265238e-07
llama2_7b_4k,galvatron,common,/opt/hbv/trainir-h20-experiments/20260927-v1/runs/llama2_7b_4k/galvatron/common/01,7,2,55.6885221619159,10.565837875008583,0,4.44118658242228,40543290880,95418318848,9.206544616434248e-07
llama2_7b_4k,galvatron,common,/opt/hbv/trainir-h20-experiments/20260927-v1/runs/llama2_7b_4k/galvatron/common/01,7,3,55.69993372168392,10.554267555475235,0,4.38169457632883,40545388544,95418318848,8.225243592119499e-07
llama2_7b_4k,galvatron,common,/opt/hbv/trainir-h20-experiments/20260927-v1/runs/llama2_7b_4k/galvatron/common/01,7,4,55.68821591883898,10.547989293932915,0,4.490803540210546,40547486208,95418318848,6.971805834928398e-07
llama2_7b_4k,galvatron,common,/opt/hbv/trainir-h20-experiments/20260927-v1/runs/llama2_7b_4k/galvatron/common/01,7,5,55.70016656443477,10.529390782117844,0,4.495585713654393,40549583872,95418318848,5.571396837256635e-07
llama2_7b_4k,galvatron,common,/opt/hbv/trainir-h20-experiments/20260927-v1/runs/llama2_7b_4k/galvatron/common/01,7,6,55.693329949863255,10.52163641154766,0,4.555413582509808,40551681536,95418318848,4.1638583110227627e-07
llama2_7b_4k,galvatron,common,/opt/hbv/trainir-h20-experiments/20260927-v1/runs/llama2_7b_4k/galvatron/common/01,7,7,55.732048262842,10.523951441049576,0,4.508557976974266,40553779200,95418318848,2.889743906929609e-07
llama2_7b_4k,galvatron,common,/opt/hbv/trainir-h20-experiments/20260927-v1/runs/llama2_7b_4k/galvatron/common/01,7,8,55.73842511884868,10.520441368222237,0,4.591924810797492,40555876864,95418318848,1.876283841110236e-07
llama2_7b_4k,galvatron,common,/opt/hbv/trainir-h20-experiments/20260927-v1/runs/llama2_7b_4k/galvatron/common/01,7,9,55.729633586481214,10.508967027068138,0,4.612420165655542,40557974528,95418318848,1.224679970165746e-07
llama2_7b_4k,galvatron,common,/opt/hbv/trainir-h20-experiments/20260927-v1/runs/llama2_7b_4k/galvatron/common/01,7,10,55.71935741323978,10.51631835103035,0,4.586888385300442,40560072192,95418318848,1e-07
llama2_7b_4k,galvatron,full,/opt/hbv/trainir-h20-experiments/20260927-v1/runs/llama2_7b_4k/galvatron/full/01,0,1,64.80828518047929,10.614849269390106,0,3.740604965933911,12305017856,73494691840,9.817718381265238e-07
llama2_7b_4k,galvatron,full,/opt/hbv/trainir-h20-experiments/20260927-v1/runs/llama2_7b_4k/galvatron/full/01,0,2,52.967005857266486,10.617530405521393,0,3.7650705776210587,12307115520,86278930432,9.206544616434248e-07
llama2_7b_4k,galvatron,full,/opt/hbv/trainir-h20-experiments/20260927-v1/runs/llama2_7b_4k/galvatron/full/01,0,3,52.95256370212883,10.546318292617798,0,3.714702294641844,12309213184,86278930432,8.225243592119499e-07
llama2_7b_4k,galvatron,full,/opt/hbv/trainir-h20-experiments/20260927-v1/runs/llama2_7b_4k/galvatron/full/01,0,4,52.9564991472289,10.479414522647858,0,3.8636083204098264,12311310848,86278930432,6.971805834928398e-07
llama2_7b_4k,galvatron,full,/opt/hbv/trainir-h20-experiments/20260927-v1/runs/llama2_7b_4k/galvatron/full/01,0,5,52.947728897444904,10.419082522392273,0,3.9165065543271966,12313408512,86278930432,5.571396837256635e-07
llama2_7b_4k,galvatron,full,/opt/hbv/trainir-h20-experiments/20260927-v1/runs/llama2_7b_4k/galvatron/full/01,0,6,53.4459950979799,10.36563378572464,0,4.077280008169006,12315506176,86278930432,4.1638583110227627e-07
llama2_7b_4k,galvatron,full,/opt/hbv/trainir-h20-experiments/20260927-v1/runs/llama2_7b_4k/galvatron/full/01,0,7,52.96176207438111,10.327040255069733,0,4.10489122736832,12317603840,86278930432,2.889743906929609e-07
llama2_7b_4k,galvatron,full,/opt/hbv/trainir-h20-experiments/20260927-v1/runs/llama2_7b_4k/galvatron/full/01,0,8,52.94295949861407,10.295890271663666,0,4.203217572749142,12319701504,86278930432,1.876283841110236e-07
llama2_7b_4k,galvatron,full,/opt/hbv/trainir-h20-experiments/20260927-v1/runs/llama2_7b_4k/galvatron/full/01,0,9,52.986404007300735,10.276559054851532,0,4.235894750409629,12321799168,86278930432,1.224679970165746e-07
llama2_7b_4k,galvatron,full,/opt/hbv/trainir-h20-experiments/20260927-v1/runs/llama2_7b_4k/galvatron/full/01,0,10,52.9749087234959,10.260478556156158,0,4.289548974859111,12323896832,86278930432,1e-07
llama2_7b_4k,galvatron,full,/opt/hbv/trainir-h20-experiments/20260927-v1/runs/llama2_7b_4k/galvatron/full/01,1,1,64.8061940073967,10.614849269390106,0,3.740604965933911,12305017856,73494691840,9.817718381265238e-07
llama2_7b_4k,galvatron,full,/opt/hbv/trainir-h20-experiments/20260927-v1/runs/llama2_7b_4k/galvatron/full/01,1,2,52.967193578369915,10.617530405521393,0,3.7650705776210587,12307115520,86436216832,9.206544616434248e-07
llama2_7b_4k,galvatron,full,/opt/hbv/trainir-h20-experiments/20260927-v1/runs/llama2_7b_4k/galvatron/full/01,1,3,52.95261297374964,10.546318292617798,0,3.714702294641844,12309213184,86843064320,8.225243592119499e-07
llama2_7b_4k,galvatron,full,/opt/hbv/trainir-h20-experiments/20260927-v1/runs/llama2_7b_4k/galvatron/full/01,1,4,52.95655211620033,10.479414522647858,0,3.8636083204098264,12311310848,86843064320,6.971805834928398e-07
llama2_7b_4k,galvatron,full,/opt/hbv/trainir-h20-experiments/20260927-v1/runs/llama2_7b_4k/galvatron/full/01,1,5,52.94780009612441,10.419082522392273,0,3.9165065543271966,12313408512,86843064320,5.571396837256635e-07
llama2_7b_4k,galvatron,full,/opt/hbv/trainir-h20-experiments/20260927-v1/runs/llama2_7b_4k/galvatron/full/01,1,6,53.44602208118886,10.36563378572464,0,4.077280008169006,12315506176,86843064320,4.1638583110227627e-07
llama2_7b_4k,galvatron,full,/opt/hbv/trainir-h20-experiments/20260927-v1/runs/llama2_7b_4k/galvatron/full/01,1,7,52.96178142912686,10.327040255069733,0,4.10489122736832,12317603840,86843064320,2.889743906929609e-07
llama2_7b_4k,galvatron,full,/opt/hbv/trainir-h20-experiments/20260927-v1/runs/llama2_7b_4k/galvatron/full/01,1,8,52.94300450384617,10.295890271663666,0,4.203217572749142,12319701504,86843064320,1.876283841110236e-07
llama2_7b_4k,galvatron,full,/opt/hbv/trainir-h20-experiments/20260927-v1/runs/llama2_7b_4k/galvatron/full/01,1,9,52.98642380814999,10.276559054851532,0,4.235894750409629,12321799168,86843064320,1.224679970165746e-07
llama2_7b_4k,galvatron,full,/opt/hbv/trainir-h20-experiments/20260927-v1/runs/llama2_7b_4k/galvatron/full/01,1,10,52.97496119979769,10.260478556156158,0,4.289548974859111,12323896832,86843064320,1e-07
llama2_7b_4k,galvatron,full,/opt/hbv/trainir-h20-experiments/20260927-v1/runs/llama2_7b_4k/galvatron/full/01,2,1,64.79700932931155,10.614849269390106,0,3.740604965933911,12305017856,73494691840,9.817718381265238e-07
llama2_7b_4k,galvatron,full,/opt/hbv/trainir-h20-experiments/20260927-v1/runs/llama2_7b_4k/galvatron/full/01,2,2,52.966929292306304,10.617530405521393,0,3.7650705776210587,12307115520,86436216832,9.206544616434248e-07
llama2_7b_4k,galvatron,full,/opt/hbv/trainir-h20-experiments/20260927-v1/runs/llama2_7b_4k/galvatron/full/01,2,3,52.95241181924939,10.546318292617798,0,3.714702294641844,12309213184,86843064320,8.225243592119499e-07
llama2_7b_4k,galvatron,full,/opt/hbv/trainir-h20-experiments/20260927-v1/runs/llama2_7b_4k/galvatron/full/01,2,4,52.9563293363899,10.479414522647858,0,3.8636083204098264,12311310848,86843064320,6.971805834928398e-07
llama2_7b_4k,galvatron,full,/opt/hbv/trainir-h20-experiments/20260927-v1/runs/llama2_7b_4k/galvatron/full/01,2,5,52.947581177577376,10.419082522392273,0,3.9165065543271966,12313408512,86843064320,5.571396837256635e-07
llama2_7b_4k,galvatron,full,/opt/hbv/trainir-h20-experiments/20260927-v1/runs/llama2_7b_4k/galvatron/full/01,2,6,53.445853712037206,10.36563378572464,0,4.077280008169006,12315506176,86843064320,4.1638583110227627e-07
llama2_7b_4k,galvatron,full,/opt/hbv/trainir-h20-experiments/20260927-v1/runs/llama2_7b_4k/galvatron/full/01,2,7,52.96159266587347,10.327040255069733,0,4.10489122736832,12317603840,86843064320,2.889743906929609e-07
llama2_7b_4k,galvatron,full,/opt/hbv/trainir-h20-experiments/20260927-v1/runs/llama2_7b_4k/galvatron/full/01,2,8,52.94280961994082,10.295890271663666,0,4.203217572749142,12319701504,86843064320,1.876283841110236e-07
llama2_7b_4k,galvatron,full,/opt/hbv/trainir-h20-experiments/20260927-v1/runs/llama2_7b_4k/galvatron/full/01,2,9,52.98626073729247,10.276559054851532,0,4.235894750409629,12321799168,86843064320,1.224679970165746e-07
llama2_7b_4k,galvatron,full,/opt/hbv/trainir-h20-experiments/20260927-v1/runs/llama2_7b_4k/galvatron/full/01,2,10,52.97477904520929,10.260478556156158,0,4.289548974859111,12323896832,86843064320,1e-07
llama2_7b_4k,galvatron,full,/opt/hbv/trainir-h20-experiments/20260927-v1/runs/llama2_7b_4k/galvatron/full/01,3,1,64.79598427191377,10.614849269390106,0,3.740604965933911,12305017856,73494691840,9.817718381265238e-07
llama2_7b_4k,galvatron,full,/opt/hbv/trainir-h20-experiments/20260927-v1/runs/llama2_7b_4k/galvatron/full/01,3,2,52.96630164794624,10.617530405521393,0,3.7650705776210587,12307115520,86436216832,9.206544616434248e-07
llama2_7b_4k,galvatron,full,/opt/hbv/trainir-h20-experiments/20260927-v1/runs/llama2_7b_4k/galvatron/full/01,3,3,52.95181582402438,10.546318292617798,0,3.714702294641844,12309213184,86843064320,8.225243592119499e-07
llama2_7b_4k,galvatron,full,/opt/hbv/trainir-h20-experiments/20260927-v1/runs/llama2_7b_4k/galvatron/full/01,3,4,52.955791435204446,10.479414522647858,0,3.8636083204098264,12311310848,86843064320,6.971805834928398e-07
llama2_7b_4k,galvatron,full,/opt/hbv/trainir-h20-experiments/20260927-v1/runs/llama2_7b_4k/galvatron/full/01,3,5,52.94702714122832,10.419082522392273,0,3.9165065543271966,12313408512,86843064320,5.571396837256635e-07
llama2_7b_4k,galvatron,full,/opt/hbv/trainir-h20-experiments/20260927-v1/runs/llama2_7b_4k/galvatron/full/01,3,6,53.445283581502736,10.36563378572464,0,4.077280008169006,12315506176,86843064320,4.1638583110227627e-07
llama2_7b_4k,galvatron,full,/opt/hbv/trainir-h20-experiments/20260927-v1/runs/llama2_7b_4k/galvatron/full/01,3,7,52.96107523050159,10.327040255069733,0,4.10489122736832,12317603840,86843064320,2.889743906929609e-07
llama2_7b_4k,galvatron,full,/opt/hbv/trainir-h20-experiments/20260927-v1/runs/llama2_7b_4k/galvatron/full/01,3,8,52.94232421461493,10.295890271663666,0,4.203217572749142,12319701504,86843064320,1.876283841110236e-07
llama2_7b_4k,galvatron,full,/opt/hbv/trainir-h20-experiments/20260927-v1/runs/llama2_7b_4k/galvatron/full/01,3,9,52.98574151284993,10.276559054851532,0,4.235894750409629,12321799168,86843064320,1.224679970165746e-07
llama2_7b_4k,galvatron,full,/opt/hbv/trainir-h20-experiments/20260927-v1/runs/llama2_7b_4k/galvatron/full/01,3,10,52.974273927509785,10.260478556156158,0,4.289548974859111,12323896832,86843064320,1e-07
llama2_7b_4k,galvatron,full,/opt/hbv/trainir-h20-experiments/20260927-v1/runs/llama2_7b_4k/galvatron/full/01,4,1,64.79577676113695,10.614849269390106,0,3.740604965933911,12305017856,73494691840,9.817718381265238e-07
llama2_7b_4k,galvatron,full,/opt/hbv/trainir-h20-experiments/20260927-v1/runs/llama2_7b_4k/galvatron/full/01,4,2,52.966236676089466,10.617530405521393,0,3.7650705776210587,12307115520,86383788032,9.206544616434248e-07
llama2_7b_4k,galvatron,full,/opt/hbv/trainir-h20-experiments/20260927-v1/runs/llama2_7b_4k/galvatron/full/01,4,3,52.95183556806296,10.546318292617798,0,3.714702294641844,12309213184,86790635520,8.225243592119499e-07
llama2_7b_4k,galvatron,full,/opt/hbv/trainir-h20-experiments/20260927-v1/runs/llama2_7b_4k/galvatron/full/01,4,4,52.95580041129142,10.479414522647858,0,3.8636083204098264,12311310848,86790635520,6.971805834928398e-07
llama2_7b_4k,galvatron,full,/opt/hbv/trainir-h20-experiments/20260927-v1/runs/llama2_7b_4k/galvatron/full/01,4,5,52.947070999071,10.419082522392273,0,3.9165065543271966,12313408512,86790635520,5.571396837256635e-07
llama2_7b_4k,galvatron,full,/opt/hbv/trainir-h20-experiments/20260927-v1/runs/llama2_7b_4k/galvatron/full/01,4,6,53.445305889472365,10.36563378572464,0,4.077280008169006,12315506176,86790635520,4.1638583110227627e-07
llama2_7b_4k,galvatron,full,/opt/hbv/trainir-h20-experiments/20260927-v1/runs/llama2_7b_4k/galvatron/full/01,4,7,52.96108445711434,10.327040255069733,0,4.10489122736832,12317603840,86790635520,2.889743906929609e-07
llama2_7b_4k,galvatron,full,/opt/hbv/trainir-h20-experiments/20260927-v1/runs/llama2_7b_4k/galvatron/full/01,4,8,52.94224316999316,10.295890271663666,0,4.203217572749142,12319701504,86790635520,1.876283841110236e-07
llama2_7b_4k,galvatron,full,/opt/hbv/trainir-h20-experiments/20260927-v1/runs/llama2_7b_4k/galvatron/full/01,4,9,52.985781874507666,10.276559054851532,0,4.235894750409629,12321799168,86790635520,1.224679970165746e-07
llama2_7b_4k,galvatron,full,/opt/hbv/trainir-h20-experiments/20260927-v1/runs/llama2_7b_4k/galvatron/full/01,4,10,52.97429305873811,10.260478556156158,0,4.289548974859111,12323896832,86790635520,1e-07
llama2_7b_4k,galvatron,full,/opt/hbv/trainir-h20-experiments/20260927-v1/runs/llama2_7b_4k/galvatron/full/01,5,1,64.79598543141037,10.614849269390106,0,3.740604965933911,12305017856,73494691840,9.817718381265238e-07
llama2_7b_4k,galvatron,full,/opt/hbv/trainir-h20-experiments/20260927-v1/runs/llama2_7b_4k/galvatron/full/01,5,2,52.966249900870025,10.617530405521393,0,3.7650705776210587,12307115520,86383788032,9.206544616434248e-07
llama2_7b_4k,galvatron,full,/opt/hbv/trainir-h20-experiments/20260927-v1/runs/llama2_7b_4k/galvatron/full/01,5,3,52.951785256154835,10.546318292617798,0,3.714702294641844,12309213184,86790635520,8.225243592119499e-07
llama2_7b_4k,galvatron,full,/opt/hbv/trainir-h20-experiments/20260927-v1/runs/llama2_7b_4k/galvatron/full/01,5,4,52.95574994571507,10.479414522647858,0,3.8636083204098264,12311310848,86790635520,6.971805834928398e-07
llama2_7b_4k,galvatron,full,/opt/hbv/trainir-h20-experiments/20260927-v1/runs/llama2_7b_4k/galvatron/full/01,5,5,52.94700085557997,10.419082522392273,0,3.9165065543271966,12313408512,86790635520,5.571396837256635e-07
llama2_7b_4k,galvatron,full,/opt/hbv/trainir-h20-experiments/20260927-v1/runs/llama2_7b_4k/galvatron/full/01,5,6,53.44525164272636,10.36563378572464,0,4.077280008169006,12315506176,86790635520,4.1638583110227627e-07
llama2_7b_4k,galvatron,full,/opt/hbv/trainir-h20-experiments/20260927-v1/runs/llama2_7b_4k/galvatron/full/01,5,7,52.96100199595094,10.327040255069733,0,4.10489122736832,12317603840,86790635520,2.889743906929609e-07
llama2_7b_4k,galvatron,full,/opt/hbv/trainir-h20-experiments/20260927-v1/runs/llama2_7b_4k/galvatron/full/01,5,8,52.94225368369371,10.295890271663666,0,4.203217572749142,12319701504,86790635520,1.876283841110236e-07
llama2_7b_4k,galvatron,full,/opt/hbv/trainir-h20-experiments/20260927-v1/runs/llama2_7b_4k/galvatron/full/01,5,9,52.98567177541554,10.276559054851532,0,4.235894750409629,12321799168,86790635520,1.224679970165746e-07
llama2_7b_4k,galvatron,full,/opt/hbv/trainir-h20-experiments/20260927-v1/runs/llama2_7b_4k/galvatron/full/01,5,10,52.97423186060041,10.260478556156158,0,4.289548974859111,12323896832,86790635520,1e-07
llama2_7b_4k,galvatron,full,/opt/hbv/trainir-h20-experiments/20260927-v1/runs/llama2_7b_4k/galvatron/full/01,6,1,64.7956306738779,10.614849269390106,0,3.740604965933911,12305017856,73494691840,9.817718381265238e-07
llama2_7b_4k,galvatron,full,/opt/hbv/trainir-h20-experiments/20260927-v1/runs/llama2_7b_4k/galvatron/full/01,6,2,52.96627346146852,10.617530405521393,0,3.7650705776210587,12307115520,86383788032,9.206544616434248e-07
llama2_7b_4k,galvatron,full,/opt/hbv/trainir-h20-experiments/20260927-v1/runs/llama2_7b_4k/galvatron/full/01,6,3,52.95194663107395,10.546318292617798,0,3.714702294641844,12309213184,86790635520,8.225243592119499e-07
llama2_7b_4k,galvatron,full,/opt/hbv/trainir-h20-experiments/20260927-v1/runs/llama2_7b_4k/galvatron/full/01,6,4,52.95578807871789,10.479414522647858,0,3.8636083204098264,12311310848,86790635520,6.971805834928398e-07
llama2_7b_4k,galvatron,full,/opt/hbv/trainir-h20-experiments/20260927-v1/runs/llama2_7b_4k/galvatron/full/01,6,5,52.947023999877274,10.419082522392273,0,3.9165065543271966,12313408512,86790635520,5.571396837256635e-07
llama2_7b_4k,galvatron,full,/opt/hbv/trainir-h20-experiments/20260927-v1/runs/llama2_7b_4k/galvatron/full/01,6,6,53.44534429721534,10.36563378572464,0,4.077280008169006,12315506176,86790635520,4.1638583110227627e-07
llama2_7b_4k,galvatron,full,/opt/hbv/trainir-h20-experiments/20260927-v1/runs/llama2_7b_4k/galvatron/full/01,6,7,52.96106190700084,10.327040255069733,0,4.10489122736832,12317603840,86790635520,2.889743906929609e-07
llama2_7b_4k,galvatron,full,/opt/hbv/trainir-h20-experiments/20260927-v1/runs/llama2_7b_4k/galvatron/full/01,6,8,52.94227355439216,10.295890271663666,0,4.203217572749142,12319701504,86790635520,1.876283841110236e-07
llama2_7b_4k,galvatron,full,/opt/hbv/trainir-h20-experiments/20260927-v1/runs/llama2_7b_4k/galvatron/full/01,6,9,52.98576551582664,10.276559054851532,0,4.235894750409629,12321799168,86790635520,1.224679970165746e-07
llama2_7b_4k,galvatron,full,/opt/hbv/trainir-h20-experiments/20260927-v1/runs/llama2_7b_4k/galvatron/full/01,6,10,52.974294937215745,10.260478556156158,0,4.289548974859111,12323896832,86790635520,1e-07
llama2_7b_4k,galvatron,full,/opt/hbv/trainir-h20-experiments/20260927-v1/runs/llama2_7b_4k/galvatron/full/01,7,1,64.79540406912565,10.614849269390106,0,3.740604965933911,12305017856,73494691840,9.817718381265238e-07
llama2_7b_4k,galvatron,full,/opt/hbv/trainir-h20-experiments/20260927-v1/runs/llama2_7b_4k/galvatron/full/01,7,2,52.966313084587455,10.617530405521393,0,3.7650705776210587,12307115520,86436216832,9.206544616434248e-07
llama2_7b_4k,galvatron,full,/opt/hbv/trainir-h20-experiments/20260927-v1/runs/llama2_7b_4k/galvatron/full/01,7,3,52.95188040100038,10.546318292617798,0,3.714702294641844,12309213184,86843064320,8.225243592119499e-07
llama2_7b_4k,galvatron,full,/opt/hbv/trainir-h20-experiments/20260927-v1/runs/llama2_7b_4k/galvatron/full/01,7,4,52.95586244482547,10.479414522647858,0,3.8636083204098264,12311310848,86843064320,6.971805834928398e-07
llama2_7b_4k,galvatron,full,/opt/hbv/trainir-h20-experiments/20260927-v1/runs/llama2_7b_4k/galvatron/full/01,7,5,52.94708208553493,10.419082522392273,0,3.9165065543271966,12313408512,86843064320,5.571396837256635e-07
llama2_7b_4k,galvatron,full,/opt/hbv/trainir-h20-experiments/20260927-v1/runs/llama2_7b_4k/galvatron/full/01,7,6,53.44537246413529,10.36563378572464,0,4.077280008169006,12315506176,86843064320,4.1638583110227627e-07
llama2_7b_4k,galvatron,full,/opt/hbv/trainir-h20-experiments/20260927-v1/runs/llama2_7b_4k/galvatron/full/01,7,7,52.96107934322208,10.327040255069733,0,4.10489122736832,12317603840,86843064320,2.889743906929609e-07
llama2_7b_4k,galvatron,full,/opt/hbv/trainir-h20-experiments/20260927-v1/runs/llama2_7b_4k/galvatron/full/01,7,8,52.94234656449407,10.295890271663666,0,4.203217572749142,12319701504,86843064320,1.876283841110236e-07
llama2_7b_4k,galvatron,full,/opt/hbv/trainir-h20-experiments/20260927-v1/runs/llama2_7b_4k/galvatron/full/01,7,9,52.985748486593366,10.276559054851532,0,4.235894750409629,12321799168,86843064320,1.224679970165746e-07
llama2_7b_4k,galvatron,full,/opt/hbv/trainir-h20-experiments/20260927-v1/runs/llama2_7b_4k/galvatron/full/01,7,10,52.974291333928704,10.260478556156158,0,4.289548974859111,12323896832,86843064320,1e-07
llama2_13b_4k,devastator,common,/opt/hbv/trainir-h20-experiments/20260927-v1/runs/llama2_13b_4k/devastator/common/01,0,1,293.64705220609903,,0,6.376666069030762,31542412288,59601059840,
llama2_13b_4k,devastator,common,/opt/hbv/trainir-h20-experiments/20260927-v1/runs/llama2_13b_4k/devastator/common/01,0,2,190.1899039959535,,0,6.487201690673828,31542412288,63612911616,
llama2_13b_4k,devastator,common,/opt/hbv/trainir-h20-experiments/20260927-v1/runs/llama2_13b_4k/devastator/common/01,0,3,190.15472019836307,,0,6.611731052398682,31542412288,63612911616,
llama2_13b_4k,devastator,common,/opt/hbv/trainir-h20-experiments/20260927-v1/runs/llama2_13b_4k/devastator/common/01,0,4,190.3297232715413,,0,6.624469757080078,31542412288,63612911616,
llama2_13b_4k,devastator,common,/opt/hbv/trainir-h20-experiments/20260927-v1/runs/llama2_13b_4k/devastator/common/01,0,5,190.6214803783223,,0,6.783600807189941,31542412288,63612911616,
llama2_13b_4k,devastator,common,/opt/hbv/trainir-h20-experiments/20260927-v1/runs/llama2_13b_4k/devastator/common/01,0,6,190.19621563144028,,0,6.796469688415527,31542412288,63612911616,
llama2_13b_4k,devastator,common,/opt/hbv/trainir-h20-experiments/20260927-v1/runs/llama2_13b_4k/devastator/common/01,0,7,190.1707865567878,,0,6.695768356323242,31542412288,63612911616,
llama2_13b_4k,devastator,common,/opt/hbv/trainir-h20-experiments/20260927-v1/runs/llama2_13b_4k/devastator/common/01,0,8,190.11454988550395,,0,6.576593399047852,31542412288,63612911616,
llama2_13b_4k,devastator,common,/opt/hbv/trainir-h20-experiments/20260927-v1/runs/llama2_13b_4k/devastator/common/01,0,9,190.13138665631413,,0,6.53234338760376,31542412288,63612911616,
llama2_13b_4k,devastator,common,/opt/hbv/trainir-h20-experiments/20260927-v1/runs/llama2_13b_4k/devastator/common/01,0,10,190.10247687157243,,0,6.343286037445068,31542412288,63612911616,
llama2_13b_4k,devastator,common,/opt/hbv/trainir-h20-experiments/20260927-v1/runs/llama2_13b_4k/devastator/common/01,1,1,293.64704952947795,,0,6.376666069030762,28673188864,52529463296,
llama2_13b_4k,devastator,common,/opt/hbv/trainir-h20-experiments/20260927-v1/runs/llama2_13b_4k/devastator/common/01,1,2,190.18987842462957,,0,6.487201690673828,28673188864,55926849536,
llama2_13b_4k,devastator,common,/opt/hbv/trainir-h20-experiments/20260927-v1/runs/llama2_13b_4k/devastator/common/01,1,3,190.1540142185986,,0,6.611731052398682,28673188864,55926849536,
llama2_13b_4k,devastator,common,/opt/hbv/trainir-h20-experiments/20260927-v1/runs/llama2_13b_4k/devastator/common/01,1,4,190.329728144221,,0,6.624469757080078,28673188864,55926849536,
llama2_13b_4k,devastator,common,/opt/hbv/trainir-h20-experiments/20260927-v1/runs/llama2_13b_4k/devastator/common/01,1,5,190.62140285875648,,0,6.783600807189941,28673188864,55926849536,
llama2_13b_4k,devastator,common,/opt/hbv/trainir-h20-experiments/20260927-v1/runs/llama2_13b_4k/devastator/common/01,1,6,190.1964280223474,,0,6.796469688415527,28673188864,55926849536,
llama2_13b_4k,devastator,common,/opt/hbv/trainir-h20-experiments/20260927-v1/runs/llama2_13b_4k/devastator/common/01,1,7,190.1708420543,,0,6.695768356323242,28673188864,55926849536,
llama2_13b_4k,devastator,common,/opt/hbv/trainir-h20-experiments/20260927-v1/runs/llama2_13b_4k/devastator/common/01,1,8,190.11473318375647,,0,6.576593399047852,28673188864,55926849536,
llama2_13b_4k,devastator,common,/opt/hbv/trainir-h20-experiments/20260927-v1/runs/llama2_13b_4k/devastator/common/01,1,9,190.13141988310963,,0,6.53234338760376,28673188864,55926849536,
llama2_13b_4k,devastator,common,/opt/hbv/trainir-h20-experiments/20260927-v1/runs/llama2_13b_4k/devastator/common/01,1,10,190.10245836526155,,0,6.343286037445068,28673188864,55926849536,
llama2_13b_4k,devastator,common,/opt/hbv/trainir-h20-experiments/20260927-v1/runs/llama2_13b_4k/devastator/common/01,2,1,293.64703600667417,,0,6.376666069030762,28673188864,49150951424,
llama2_13b_4k,devastator,common,/opt/hbv/trainir-h20-experiments/20260927-v1/runs/llama2_13b_4k/devastator/common/01,2,2,190.18985742423683,,0,6.487201690673828,28673188864,52506394624,
llama2_13b_4k,devastator,common,/opt/hbv/trainir-h20-experiments/20260927-v1/runs/llama2_13b_4k/devastator/common/01,2,3,190.1547570535913,,0,6.611731052398682,28673188864,52506394624,
llama2_13b_4k,devastator,common,/opt/hbv/trainir-h20-experiments/20260927-v1/runs/llama2_13b_4k/devastator/common/01,2,4,190.32971694227308,,0,6.624469757080078,28673188864,52506394624,
llama2_13b_4k,devastator,common,/opt/hbv/trainir-h20-experiments/20260927-v1/runs/llama2_13b_4k/devastator/common/01,2,5,190.62147064041346,,0,6.783600807189941,28673188864,52506394624,
llama2_13b_4k,devastator,common,/opt/hbv/trainir-h20-experiments/20260927-v1/runs/llama2_13b_4k/devastator/common/01,2,6,190.19645926356316,,0,6.796469688415527,28673188864,52506394624,
llama2_13b_4k,devastator,common,/opt/hbv/trainir-h20-experiments/20260927-v1/runs/llama2_13b_4k/devastator/common/01,2,7,190.1708702063188,,0,6.695768356323242,28673188864,52506394624,
llama2_13b_4k,devastator,common,/opt/hbv/trainir-h20-experiments/20260927-v1/runs/llama2_13b_4k/devastator/common/01,2,8,190.11476061679423,,0,6.576593399047852,28673188864,52506394624,
llama2_13b_4k,devastator,common,/opt/hbv/trainir-h20-experiments/20260927-v1/runs/llama2_13b_4k/devastator/common/01,2,9,190.13148650247604,,0,6.53234338760376,28673188864,52506394624,
llama2_13b_4k,devastator,common,/opt/hbv/trainir-h20-experiments/20260927-v1/runs/llama2_13b_4k/devastator/common/01,2,10,190.10244980454445,,0,6.343286037445068,28673188864,52506394624,
llama2_13b_4k,devastator,common,/opt/hbv/trainir-h20-experiments/20260927-v1/runs/llama2_13b_4k/devastator/common/01,3,1,293.647049177438,,0,6.376666069030762,28673188864,45770342400,
llama2_13b_4k,devastator,common,/opt/hbv/trainir-h20-experiments/20260927-v1/runs/llama2_13b_4k/devastator/common/01,3,2,190.18987554870546,,0,6.487201690673828,28673188864,49083842560,
llama2_13b_4k,devastator,common,/opt/hbv/trainir-h20-experiments/20260927-v1/runs/llama2_13b_4k/devastator/common/01,3,3,190.15412379521877,,0,6.611731052398682,28673188864,49083842560,
llama2_13b_4k,devastator,common,/opt/hbv/trainir-h20-experiments/20260927-v1/runs/llama2_13b_4k/devastator/common/01,3,4,190.3297109901905,,0,6.624469757080078,28673188864,49083842560,
llama2_13b_4k,devastator,common,/opt/hbv/trainir-h20-experiments/20260927-v1/runs/llama2_13b_4k/devastator/common/01,3,5,190.62143499124795,,0,6.783600807189941,28673188864,49083842560,
llama2_13b_4k,devastator,common,/opt/hbv/trainir-h20-experiments/20260927-v1/runs/llama2_13b_4k/devastator/common/01,3,6,190.1964878262952,,0,6.796469688415527,28673188864,49083842560,
llama2_13b_4k,devastator,common,/opt/hbv/trainir-h20-experiments/20260927-v1/runs/llama2_13b_4k/devastator/common/01,3,7,190.17088314332068,,0,6.695768356323242,28673188864,49083842560,
llama2_13b_4k,devastator,common,/opt/hbv/trainir-h20-experiments/20260927-v1/runs/llama2_13b_4k/devastator/common/01,3,8,190.11473814491183,,0,6.576593399047852,28673188864,49083842560,
llama2_13b_4k,devastator,common,/opt/hbv/trainir-h20-experiments/20260927-v1/runs/llama2_13b_4k/devastator/common/01,3,9,190.13148539885879,,0,6.53234338760376,28673188864,49083842560,
llama2_13b_4k,devastator,common,/opt/hbv/trainir-h20-experiments/20260927-v1/runs/llama2_13b_4k/devastator/common/01,3,10,190.10265017207712,,0,6.343286037445068,28673188864,49083842560,
llama2_13b_4k,devastator,common,/opt/hbv/trainir-h20-experiments/20260927-v1/runs/llama2_13b_4k/devastator/common/01,4,1,293.6469890382141,,0,6.376666069030762,28673188864,42389733376,
llama2_13b_4k,devastator,common,/opt/hbv/trainir-h20-experiments/20260927-v1/runs/llama2_13b_4k/devastator/common/01,4,2,190.18994619045407,,0,6.487201690673828,28673188864,45986349056,
llama2_13b_4k,devastator,common,/opt/hbv/trainir-h20-experiments/20260927-v1/runs/llama2_13b_4k/devastator/common/01,4,3,190.1549975750968,,0,6.611731052398682,28673188864,45986349056,
llama2_13b_4k,devastator,common,/opt/hbv/trainir-h20-experiments/20260927-v1/runs/llama2_13b_4k/devastator/common/01,4,4,190.32972095999867,,0,6.624469757080078,28673188864,45986349056,
llama2_13b_4k,devastator,common,/opt/hbv/trainir-h20-experiments/20260927-v1/runs/llama2_13b_4k/devastator/common/01,4,5,190.62147634197026,,0,6.783600807189941,28673188864,45986349056,
llama2_13b_4k,devastator,common,/opt/hbv/trainir-h20-experiments/20260927-v1/runs/llama2_13b_4k/devastator/common/01,4,6,190.19649730343372,,0,6.796469688415527,28673188864,45986349056,
llama2_13b_4k,devastator,common,/opt/hbv/trainir-h20-experiments/20260927-v1/runs/llama2_13b_4k/devastator/common/01,4,7,190.17091301642358,,0,6.695768356323242,28673188864,45986349056,
llama2_13b_4k,devastator,common,/opt/hbv/trainir-h20-experiments/20260927-v1/runs/llama2_13b_4k/devastator/common/01,4,8,190.1147978324443,,0,6.576593399047852,28673188864,45986349056,
llama2_13b_4k,devastator,common,/opt/hbv/trainir-h20-experiments/20260927-v1/runs/llama2_13b_4k/devastator/common/01,4,9,190.13149911444634,,0,6.53234338760376,28673188864,45986349056,
llama2_13b_4k,devastator,common,/opt/hbv/trainir-h20-experiments/20260927-v1/runs/llama2_13b_4k/devastator/common/01,4,10,190.10272083152086,,0,6.343286037445068,28673188864,45986349056,
llama2_13b_4k,devastator,common,/opt/hbv/trainir-h20-experiments/20260927-v1/runs/llama2_13b_4k/devastator/common/01,5,1,293.64697833918035,,0,6.376666069030762,28673188864,39011221504,
llama2_13b_4k,devastator,common,/opt/hbv/trainir-h20-experiments/20260927-v1/runs/llama2_13b_4k/devastator/common/01,5,2,190.1899578627199,,0,6.487201690673828,28673188864,42324721664,
llama2_13b_4k,devastator,common,/opt/hbv/trainir-h20-experiments/20260927-v1/runs/llama2_13b_4k/devastator/common/01,5,3,190.15498573053628,,0,6.611731052398682,28673188864,42324721664,
llama2_13b_4k,devastator,common,/opt/hbv/trainir-h20-experiments/20260927-v1/runs/llama2_13b_4k/devastator/common/01,5,4,190.32975146640092,,0,6.624469757080078,28673188864,42324721664,
llama2_13b_4k,devastator,common,/opt/hbv/trainir-h20-experiments/20260927-v1/runs/llama2_13b_4k/devastator/common/01,5,5,190.62148365657777,,0,6.783600807189941,28673188864,42324721664,
llama2_13b_4k,devastator,common,/opt/hbv/trainir-h20-experiments/20260927-v1/runs/llama2_13b_4k/devastator/common/01,5,6,190.19651053193957,,0,6.796469688415527,28673188864,42324721664,
llama2_13b_4k,devastator,common,/opt/hbv/trainir-h20-experiments/20260927-v1/runs/llama2_13b_4k/devastator/common/01,5,7,190.17084304988384,,0,6.695768356323242,28673188864,42324721664,
llama2_13b_4k,devastator,common,/opt/hbv/trainir-h20-experiments/20260927-v1/runs/llama2_13b_4k/devastator/common/01,5,8,190.11473257187754,,0,6.576593399047852,28673188864,42324721664,
llama2_13b_4k,devastator,common,/opt/hbv/trainir-h20-experiments/20260927-v1/runs/llama2_13b_4k/devastator/common/01,5,9,190.1315101403743,,0,6.53234338760376,28673188864,42324721664,
llama2_13b_4k,devastator,common,/opt/hbv/trainir-h20-experiments/20260927-v1/runs/llama2_13b_4k/devastator/common/01,5,10,190.10267927497625,,0,6.343286037445068,28673188864,42324721664,
llama2_13b_4k,devastator,common,/opt/hbv/trainir-h20-experiments/20260927-v1/runs/llama2_13b_4k/devastator/common/01,6,1,293.6470416011289,,0,6.376666069030762,28673188864,35404120064,
llama2_13b_4k,devastator,common,/opt/hbv/trainir-h20-experiments/20260927-v1/runs/llama2_13b_4k/devastator/common/01,6,2,190.1893498217687,,0,6.487201690673828,28673188864,38688260096,
llama2_13b_4k,devastator,common,/opt/hbv/trainir-h20-experiments/20260927-v1/runs/llama2_13b_4k/devastator/common/01,6,3,190.15495157707483,,0,6.611731052398682,28673188864,38688260096,
llama2_13b_4k,devastator,common,/opt/hbv/trainir-h20-experiments/20260927-v1/runs/llama2_13b_4k/devastator/common/01,6,4,190.32984462752938,,0,6.624469757080078,28673188864,38688260096,
llama2_13b_4k,devastator,common,/opt/hbv/trainir-h20-experiments/20260927-v1/runs/llama2_13b_4k/devastator/common/01,6,5,190.6214854447171,,0,6.783600807189941,28673188864,38688260096,
llama2_13b_4k,devastator,common,/opt/hbv/trainir-h20-experiments/20260927-v1/runs/llama2_13b_4k/devastator/common/01,6,6,190.1965098613873,,0,6.796469688415527,28673188864,38688260096,
llama2_13b_4k,devastator,common,/opt/hbv/trainir-h20-experiments/20260927-v1/runs/llama2_13b_4k/devastator/common/01,6,7,190.17075459472835,,0,6.695768356323242,28673188864,38688260096,
llama2_13b_4k,devastator,common,/opt/hbv/trainir-h20-experiments/20260927-v1/runs/llama2_13b_4k/devastator/common/01,6,8,190.114734060131,,0,6.576593399047852,28673188864,38688260096,
llama2_13b_4k,devastator,common,/opt/hbv/trainir-h20-experiments/20260927-v1/runs/llama2_13b_4k/devastator/common/01,6,9,190.13148989435285,,0,6.53234338760376,28673188864,38688260096,
llama2_13b_4k,devastator,common,/opt/hbv/trainir-h20-experiments/20260927-v1/runs/llama2_13b_4k/devastator/common/01,6,10,190.10265119373798,,0,6.343286037445068,28673188864,38688260096,
llama2_13b_4k,devastator,common,/opt/hbv/trainir-h20-experiments/20260927-v1/runs/llama2_13b_4k/devastator/common/01,7,1,293.65069466270506,10.596189498901367,0,6.376666069030762,31693479424,34697379840,
llama2_13b_4k,devastator,common,/opt/hbv/trainir-h20-experiments/20260927-v1/runs/llama2_13b_4k/devastator/common/01,7,2,190.19281714968383,10.595000267028809,0,6.487201690673828,31693480448,38367395840,
llama2_13b_4k,devastator,common,/opt/hbv/trainir-h20-experiments/20260927-v1/runs/llama2_13b_4k/devastator/common/01,7,3,190.15802561398596,10.52695083618164,0,6.611731052398682,31693480448,38367395840,
llama2_13b_4k,devastator,common,/opt/hbv/trainir-h20-experiments/20260927-v1/runs/llama2_13b_4k/devastator/common/01,7,4,190.33323620818555,10.482139587402344,0,6.624469757080078,31693480448,38367395840,
llama2_13b_4k,devastator,common,/opt/hbv/trainir-h20-experiments/20260927-v1/runs/llama2_13b_4k/devastator/common/01,7,5,190.6251463536173,10.26268196105957,0,6.783600807189941,31693480448,38367395840,
llama2_13b_4k,devastator,common,/opt/hbv/trainir-h20-experiments/20260927-v1/runs/llama2_13b_4k/devastator/common/01,7,6,190.19988242257386,10.187451362609863,0,6.796469688415527,31693480448,38367395840,
llama2_13b_4k,devastator,common,/opt/hbv/trainir-h20-experiments/20260927-v1/runs/llama2_13b_4k/devastator/common/01,7,7,190.17400620877743,9.858219146728516,0,6.695768356323242,31693480448,38367395840,
llama2_13b_4k,devastator,common,/opt/hbv/trainir-h20-experiments/20260927-v1/runs/llama2_13b_4k/devastator/common/01,7,8,190.11802616994828,9.750680923461914,0,6.576593399047852,31693480448,38367395840,
llama2_13b_4k,devastator,common,/opt/hbv/trainir-h20-experiments/20260927-v1/runs/llama2_13b_4k/devastator/common/01,7,9,190.13482128549367,9.719057083129883,0,6.53234338760376,31693480448,38367395840,
llama2_13b_4k,devastator,common,/opt/hbv/trainir-h20-experiments/20260927-v1/runs/llama2_13b_4k/devastator/common/01,7,10,190.10619926732033,9.7066011428833,0,6.343286037445068,31693480448,38367395840,
llama2_13b_4k,devastator,full,/opt/hbv/trainir-h20-experiments/20260927-v1/runs/llama2_13b_4k/devastator/full/01,0,1,193.6158010289073,,0,7.7150726318359375,51146196480,90051706880,
llama2_13b_4k,devastator,full,/opt/hbv/trainir-h20-experiments/20260927-v1/runs/llama2_13b_4k/devastator/full/01,0,2,160.55250717233866,,0,7.765209197998047,51146196480,96563363840,
llama2_13b_4k,devastator,full,/opt/hbv/trainir-h20-experiments/20260927-v1/runs/llama2_13b_4k/devastator/full/01,0,3,160.56792393233627,,0,7.881406307220459,51146196480,96563363840,
llama2_13b_4k,devastator,full,/opt/hbv/trainir-h20-experiments/20260927-v1/runs/llama2_13b_4k/devastator/full/01,0,4,160.68075942154974,,0,7.880342960357666,51146196480,96563363840,
llama2_13b_4k,devastator,full,/opt/hbv/trainir-h20-experiments/20260927-v1/runs/llama2_13b_4k/devastator/full/01,0,5,160.70405364315957,,0,8.112360000610352,51147245056,96892616704,
llama2_13b_4k,devastator,full,/opt/hbv/trainir-h20-experiments/20260927-v1/runs/llama2_13b_4k/devastator/full/01,0,6,160.60641402751207,,0,8.193297386169434,51146196480,96892616704,
llama2_13b_4k,devastator,full,/opt/hbv/trainir-h20-experiments/20260927-v1/runs/llama2_13b_4k/devastator/full/01,0,7,160.5616470007226,,0,8.85938835144043,51146196480,96892616704,
llama2_13b_4k,devastator,full,/opt/hbv/trainir-h20-experiments/20260927-v1/runs/llama2_13b_4k/devastator/full/01,0,8,160.54976649861783,,0,8.95862865447998,51146196480,96892616704,
llama2_13b_4k,devastator,full,/opt/hbv/trainir-h20-experiments/20260927-v1/runs/llama2_13b_4k/devastator/full/01,0,9,160.5489227157086,,0,9.011126518249512,51146196480,96892616704,
llama2_13b_4k,devastator,full,/opt/hbv/trainir-h20-experiments/20260927-v1/runs/llama2_13b_4k/devastator/full/01,0,10,160.57193404715508,,0,8.890170097351074,51146196480,96892616704,
llama2_13b_4k,devastator,full,/opt/hbv/trainir-h20-experiments/20260927-v1/runs/llama2_13b_4k/devastator/full/01,1,1,193.59326492156833,,0,7.7150726318359375,51143898624,89269469184,
llama2_13b_4k,devastator,full,/opt/hbv/trainir-h20-experiments/20260927-v1/runs/llama2_13b_4k/devastator/full/01,1,2,160.5532541014254,,0,7.765209197998047,51143898624,96970211328,
llama2_13b_4k,devastator,full,/opt/hbv/trainir-h20-experiments/20260927-v1/runs/llama2_13b_4k/devastator/full/01,1,3,160.5679904576391,,0,7.881406307220459,51143898624,97299464192,
llama2_13b_4k,devastator,full,/opt/hbv/trainir-h20-experiments/20260927-v1/runs/llama2_13b_4k/devastator/full/01,1,4,160.68087808042765,,0,7.880342960357666,51143898624,97299464192,
llama2_13b_4k,devastator,full,/opt/hbv/trainir-h20-experiments/20260927-v1/runs/llama2_13b_4k/devastator/full/01,1,5,160.70410012453794,,0,8.112360000610352,51143898624,97299464192,
llama2_13b_4k,devastator,full,/opt/hbv/trainir-h20-experiments/20260927-v1/runs/llama2_13b_4k/devastator/full/01,1,6,160.60646505467594,,0,8.193297386169434,51143898624,97299464192,
llama2_13b_4k,devastator,full,/opt/hbv/trainir-h20-experiments/20260927-v1/runs/llama2_13b_4k/devastator/full/01,1,7,160.56174858193845,,0,8.85938835144043,51143898624,97299464192,
llama2_13b_4k,devastator,full,/opt/hbv/trainir-h20-experiments/20260927-v1/runs/llama2_13b_4k/devastator/full/01,1,8,160.5498815337196,,0,8.95862865447998,51143898624,97299464192,
llama2_13b_4k,devastator,full,/opt/hbv/trainir-h20-experiments/20260927-v1/runs/llama2_13b_4k/devastator/full/01,1,9,160.5490949517116,,0,9.011126518249512,51143898624,97299464192,
llama2_13b_4k,devastator,full,/opt/hbv/trainir-h20-experiments/20260927-v1/runs/llama2_13b_4k/devastator/full/01,1,10,160.57203030213714,,0,8.890170097351074,51143898624,97299464192,
llama2_13b_4k,devastator,full,/opt/hbv/trainir-h20-experiments/20260927-v1/runs/llama2_13b_4k/devastator/full/01,2,1,193.59546163491905,,0,7.7150726318359375,51145471488,90573897728,
llama2_13b_4k,devastator,full,/opt/hbv/trainir-h20-experiments/20260927-v1/runs/llama2_13b_4k/devastator/full/01,2,2,160.5532736480236,,0,7.765209197998047,51145471488,96905199616,
llama2_13b_4k,devastator,full,/opt/hbv/trainir-h20-experiments/20260927-v1/runs/llama2_13b_4k/devastator/full/01,2,3,160.56780814472586,,0,7.881406307220459,51145471488,97234452480,
llama2_13b_4k,devastator,full,/opt/hbv/trainir-h20-experiments/20260927-v1/runs/llama2_13b_4k/devastator/full/01,2,4,160.68059970624745,,0,7.880342960357666,51145471488,97234452480,
llama2_13b_4k,devastator,full,/opt/hbv/trainir-h20-experiments/20260927-v1/runs/llama2_13b_4k/devastator/full/01,2,5,160.7032725289464,,0,8.112360000610352,51145471488,97234452480,
llama2_13b_4k,devastator,full,/opt/hbv/trainir-h20-experiments/20260927-v1/runs/llama2_13b_4k/devastator/full/01,2,6,160.60570242628455,,0,8.193297386169434,51145471488,97234452480,
llama2_13b_4k,devastator,full,/opt/hbv/trainir-h20-experiments/20260927-v1/runs/llama2_13b_4k/devastator/full/01,2,7,160.56173847336322,,0,8.85938835144043,51145471488,97234452480,
llama2_13b_4k,devastator,full,/opt/hbv/trainir-h20-experiments/20260927-v1/runs/llama2_13b_4k/devastator/full/01,2,8,160.54991302918643,,0,8.95862865447998,51145471488,97234452480,
llama2_13b_4k,devastator,full,/opt/hbv/trainir-h20-experiments/20260927-v1/runs/llama2_13b_4k/devastator/full/01,2,9,160.5488787535578,,0,9.011126518249512,51145471488,97234452480,
llama2_13b_4k,devastator,full,/opt/hbv/trainir-h20-experiments/20260927-v1/runs/llama2_13b_4k/devastator/full/01,2,10,160.57190381921828,,0,8.890170097351074,51145471488,97234452480,
llama2_13b_4k,devastator,full,/opt/hbv/trainir-h20-experiments/20260927-v1/runs/llama2_13b_4k/devastator/full/01,3,1,193.61764277890325,,0,7.7150726318359375,51147044352,90942996480,
llama2_13b_4k,devastator,full,/opt/hbv/trainir-h20-experiments/20260927-v1/runs/llama2_13b_4k/devastator/full/01,3,2,160.55315542966127,,0,7.765209197998047,51147044352,96435437568,
llama2_13b_4k,devastator,full,/opt/hbv/trainir-h20-experiments/20260927-v1/runs/llama2_13b_4k/devastator/full/01,3,3,160.5678315134719,,0,7.881406307220459,51147044352,96435437568,
llama2_13b_4k,devastator,full,/opt/hbv/trainir-h20-experiments/20260927-v1/runs/llama2_13b_4k/devastator/full/01,3,4,160.6806785147637,,0,7.880342960357666,51147044352,96435437568,
llama2_13b_4k,devastator,full,/opt/hbv/trainir-h20-experiments/20260927-v1/runs/llama2_13b_4k/devastator/full/01,3,5,160.70327380672097,,0,8.112360000610352,51147044352,96764690432,
llama2_13b_4k,devastator,full,/opt/hbv/trainir-h20-experiments/20260927-v1/runs/llama2_13b_4k/devastator/full/01,3,6,160.6057070195675,,0,8.193297386169434,51147044352,96764690432,
llama2_13b_4k,devastator,full,/opt/hbv/trainir-h20-experiments/20260927-v1/runs/llama2_13b_4k/devastator/full/01,3,7,160.56178518664092,,0,8.85938835144043,51147044352,97093943296,
llama2_13b_4k,devastator,full,/opt/hbv/trainir-h20-experiments/20260927-v1/runs/llama2_13b_4k/devastator/full/01,3,8,160.54986924026161,,0,8.95862865447998,51147044352,97093943296,
llama2_13b_4k,devastator,full,/opt/hbv/trainir-h20-experiments/20260927-v1/runs/llama2_13b_4k/devastator/full/01,3,9,160.54887087084353,,0,9.011126518249512,51147044352,97093943296,
llama2_13b_4k,devastator,full,/opt/hbv/trainir-h20-experiments/20260927-v1/runs/llama2_13b_4k/devastator/full/01,3,10,160.57195328362286,,0,8.890170097351074,51148092928,97093943296,
llama2_13b_4k,devastator,full,/opt/hbv/trainir-h20-experiments/20260927-v1/runs/llama2_13b_4k/devastator/full/01,4,1,193.61891515180469,10.64857006072998,0,7.7150726318359375,51298065408,79280734208,
llama2_13b_4k,devastator,full,/opt/hbv/trainir-h20-experiments/20260927-v1/runs/llama2_13b_4k/devastator/full/01,4,2,160.55407408531755,10.650906562805176,0,7.765209197998047,51298066432,84494254080,
llama2_13b_4k,devastator,full,/opt/hbv/trainir-h20-experiments/20260927-v1/runs/llama2_13b_4k/devastator/full/01,4,3,160.56919409427792,10.5819091796875,0,7.881406307220459,51298066432,85018542080,
llama2_13b_4k,devastator,full,/opt/hbv/trainir-h20-experiments/20260927-v1/runs/llama2_13b_4k/devastator/full/01,4,4,160.68174741510302,10.539337158203125,0,7.880342960357666,51298066432,85018542080,
llama2_13b_4k,devastator,full,/opt/hbv/trainir-h20-experiments/20260927-v1/runs/llama2_13b_4k/devastator/full/01,4,5,160.70465207472444,10.317792892456055,0,8.112360000610352,51298066432,85018542080,
llama2_13b_4k,devastator,full,/opt/hbv/trainir-h20-experiments/20260927-v1/runs/llama2_13b_4k/devastator/full/01,4,6,160.60769523121417,10.255573272705078,0,8.193297386169434,51298066432,85018542080,
llama2_13b_4k,devastator,full,/opt/hbv/trainir-h20-experiments/20260927-v1/runs/llama2_13b_4k/devastator/full/01,4,7,160.56272083800286,9.920720100402832,0,8.85938835144043,51298066432,85018542080,
llama2_13b_4k,devastator,full,/opt/hbv/trainir-h20-experiments/20260927-v1/runs/llama2_13b_4k/devastator/full/01,4,8,160.55108784977347,9.806702613830566,0,8.95862865447998,51298066432,85018542080,
llama2_13b_4k,devastator,full,/opt/hbv/trainir-h20-experiments/20260927-v1/runs/llama2_13b_4k/devastator/full/01,4,9,160.5503244800493,9.783563613891602,0,9.011126518249512,51298066432,85018542080,
llama2_13b_4k,devastator,full,/opt/hbv/trainir-h20-experiments/20260927-v1/runs/llama2_13b_4k/devastator/full/01,4,10,160.57309216167778,9.77838134765625,0,8.890170097351074,51298066432,85018542080,
llama2_13b_4k,devastator,full,/opt/hbv/trainir-h20-experiments/20260927-v1/runs/llama2_13b_4k/devastator/full/01,5,1,193.61882943473756,10.64857006072998,0,7.7150726318359375,51295413248,77370228736,
llama2_13b_4k,devastator,full,/opt/hbv/trainir-h20-experiments/20260927-v1/runs/llama2_13b_4k/devastator/full/01,5,2,160.5545560233295,10.650906562805176,0,7.765209197998047,51296462848,84110475264,
llama2_13b_4k,devastator,full,/opt/hbv/trainir-h20-experiments/20260927-v1/runs/llama2_13b_4k/devastator/full/01,5,3,160.56929582264274,10.5819091796875,0,7.881406307220459,51295414272,84917878784,
llama2_13b_4k,devastator,full,/opt/hbv/trainir-h20-experiments/20260927-v1/runs/llama2_13b_4k/devastator/full/01,5,4,160.68215951416641,10.539337158203125,0,7.880342960357666,51295414272,84917878784,
llama2_13b_4k,devastator,full,/opt/hbv/trainir-h20-experiments/20260927-v1/runs/llama2_13b_4k/devastator/full/01,5,5,160.70485367812216,10.317792892456055,0,8.112360000610352,51295414272,84917878784,
llama2_13b_4k,devastator,full,/opt/hbv/trainir-h20-experiments/20260927-v1/runs/llama2_13b_4k/devastator/full/01,5,6,160.60789094492793,10.255573272705078,0,8.193297386169434,51295414272,84917878784,
llama2_13b_4k,devastator,full,/opt/hbv/trainir-h20-experiments/20260927-v1/runs/llama2_13b_4k/devastator/full/01,5,7,160.5632605822757,9.920720100402832,0,8.85938835144043,51295414272,84917878784,
llama2_13b_4k,devastator,full,/opt/hbv/trainir-h20-experiments/20260927-v1/runs/llama2_13b_4k/devastator/full/01,5,8,160.55142350122333,9.806702613830566,0,8.95862865447998,51295414272,84917878784,
llama2_13b_4k,devastator,full,/opt/hbv/trainir-h20-experiments/20260927-v1/runs/llama2_13b_4k/devastator/full/01,5,9,160.5506028626114,9.783563613891602,0,9.011126518249512,51295414272,84917878784,
llama2_13b_4k,devastator,full,/opt/hbv/trainir-h20-experiments/20260927-v1/runs/llama2_13b_4k/devastator/full/01,5,10,160.5733861979097,9.77838134765625,0,8.890170097351074,51295414272,84917878784,
llama2_13b_4k,devastator,full,/opt/hbv/trainir-h20-experiments/20260927-v1/runs/llama2_13b_4k/devastator/full/01,6,1,193.61903153080493,10.64857006072998,0,7.7150726318359375,51295968256,77697384448,
llama2_13b_4k,devastator,full,/opt/hbv/trainir-h20-experiments/20260927-v1/runs/llama2_13b_4k/devastator/full/01,6,2,160.55454426351935,10.650906562805176,0,7.765209197998047,51294920704,84437630976,
llama2_13b_4k,devastator,full,/opt/hbv/trainir-h20-experiments/20260927-v1/runs/llama2_13b_4k/devastator/full/01,6,3,160.56920684222132,10.5819091796875,0,7.881406307220459,51294920704,84961918976,
llama2_13b_4k,devastator,full,/opt/hbv/trainir-h20-experiments/20260927-v1/runs/llama2_13b_4k/devastator/full/01,6,4,160.68179065082222,10.539337158203125,0,7.880342960357666,51294920704,84961918976,
llama2_13b_4k,devastator,full,/opt/hbv/trainir-h20-experiments/20260927-v1/runs/llama2_13b_4k/devastator/full/01,6,5,160.7053900146857,10.317792892456055,0,8.112360000610352,51294920704,84961918976,
llama2_13b_4k,devastator,full,/opt/hbv/trainir-h20-experiments/20260927-v1/runs/llama2_13b_4k/devastator/full/01,6,6,160.60785019863397,10.255573272705078,0,8.193297386169434,51294920704,84961918976,
llama2_13b_4k,devastator,full,/opt/hbv/trainir-h20-experiments/20260927-v1/runs/llama2_13b_4k/devastator/full/01,6,7,160.56303405575454,9.920720100402832,0,8.85938835144043,51294920704,84961918976,
llama2_13b_4k,devastator,full,/opt/hbv/trainir-h20-experiments/20260927-v1/runs/llama2_13b_4k/devastator/full/01,6,8,160.55116590298712,9.806702613830566,0,8.95862865447998,51294920704,84961918976,
llama2_13b_4k,devastator,full,/opt/hbv/trainir-h20-experiments/20260927-v1/runs/llama2_13b_4k/devastator/full/01,6,9,160.55018321890384,9.783563613891602,0,9.011126518249512,51294920704,84961918976,
llama2_13b_4k,devastator,full,/opt/hbv/trainir-h20-experiments/20260927-v1/runs/llama2_13b_4k/devastator/full/01,6,10,160.57333596143872,9.77838134765625,0,8.890170097351074,51294920704,84961918976,
llama2_13b_4k,devastator,full,/opt/hbv/trainir-h20-experiments/20260927-v1/runs/llama2_13b_4k/devastator/full/01,7,1,193.61965823359787,10.64857006072998,0,7.7150726318359375,51295721472,77930168320,
llama2_13b_4k,devastator,full,/opt/hbv/trainir-h20-experiments/20260927-v1/runs/llama2_13b_4k/devastator/full/01,7,2,160.5543651841581,10.650906562805176,0,7.765209197998047,51295722496,84387299328,
llama2_13b_4k,devastator,full,/opt/hbv/trainir-h20-experiments/20260927-v1/runs/llama2_13b_4k/devastator/full/01,7,3,160.56910515855998,10.5819091796875,0,7.881406307220459,51295722496,84911587328,
llama2_13b_4k,devastator,full,/opt/hbv/trainir-h20-experiments/20260927-v1/runs/llama2_13b_4k/devastator/full/01,7,4,160.68197535723448,10.539337158203125,0,7.880342960357666,51295722496,84911587328,
llama2_13b_4k,devastator,full,/opt/hbv/trainir-h20-experiments/20260927-v1/runs/llama2_13b_4k/devastator/full/01,7,5,160.70531857199967,10.317792892456055,0,8.112360000610352,51295722496,84911587328,
llama2_13b_4k,devastator,full,/opt/hbv/trainir-h20-experiments/20260927-v1/runs/llama2_13b_4k/devastator/full/01,7,6,160.6078438386321,10.255573272705078,0,8.193297386169434,51295722496,84911587328,
llama2_13b_4k,devastator,full,/opt/hbv/trainir-h20-experiments/20260927-v1/runs/llama2_13b_4k/devastator/full/01,7,7,160.562995380722,9.920720100402832,0,8.85938835144043,51295722496,84911587328,
llama2_13b_4k,devastator,full,/opt/hbv/trainir-h20-experiments/20260927-v1/runs/llama2_13b_4k/devastator/full/01,7,8,160.55118636321276,9.806702613830566,0,8.95862865447998,51295722496,84911587328,
llama2_13b_4k,devastator,full,/opt/hbv/trainir-h20-experiments/20260927-v1/runs/llama2_13b_4k/devastator/full/01,7,9,160.55022960249335,9.783563613891602,0,9.011126518249512,51295722496,84911587328,
llama2_13b_4k,devastator,full,/opt/hbv/trainir-h20-experiments/20260927-v1/runs/llama2_13b_4k/devastator/full/01,7,10,160.57319402415305,9.77838134765625,0,8.890170097351074,51295722496,84911587328,
llama2_13b_4k,galvatron,common,/opt/hbv/trainir-h20-experiments/20260927-v1/runs/llama2_13b_4k/galvatron/common/01,0,1,211.4295251518488,,0,2.794039007680535,39249824768,65819115520,9.817718381265238e-07
llama2_13b_4k,galvatron,common,/opt/hbv/trainir-h20-experiments/20260927-v1/runs/llama2_13b_4k/galvatron/common/01,0,2,204.3848389685154,,0,2.8268632972301306,39251922432,93096771584,9.206544616434248e-07
llama2_13b_4k,galvatron,common,/opt/hbv/trainir-h20-experiments/20260927-v1/runs/llama2_13b_4k/galvatron/common/01,0,3,204.30318863410503,,0,2.891145236652587,39254020096,93354721280,8.225243592119499e-07
llama2_13b_4k,galvatron,common,/opt/hbv/trainir-h20-experiments/20260927-v1/runs/llama2_13b_4k/galvatron/common/01,0,4,204.3217952940613,,0,2.868992208922994,39256117760,93799317504,6.971805834928398e-07
llama2_13b_4k,galvatron,common,/opt/hbv/trainir-h20-experiments/20260927-v1/runs/llama2_13b_4k/galvatron/common/01,0,5,204.32195589877665,,0,2.8837044015891484,39258215424,93799317504,5.571396837256635e-07
llama2_13b_4k,galvatron,common,/opt/hbv/trainir-h20-experiments/20260927-v1/runs/llama2_13b_4k/galvatron/common/01,0,6,204.24185446742922,,0,2.8927162647424765,39260313088,93891592192,4.1638583110227627e-07
llama2_13b_4k,galvatron,common,/opt/hbv/trainir-h20-experiments/20260927-v1/runs/llama2_13b_4k/galvatron/common/01,0,7,204.24725019279867,,0,2.8373854962743033,39262410752,93891592192,2.889743906929609e-07
llama2_13b_4k,galvatron,common,/opt/hbv/trainir-h20-experiments/20260927-v1/runs/llama2_13b_4k/galvatron/common/01,0,8,204.41961472388357,,0,2.885153215594211,39264508416,93891592192,1.876283841110236e-07
llama2_13b_4k,galvatron,common,/opt/hbv/trainir-h20-experiments/20260927-v1/runs/llama2_13b_4k/galvatron/common/01,0,9,204.25330433435738,,0,2.8943857833407725,39266606080,93891592192,1.224679970165746e-07
llama2_13b_4k,galvatron,common,/opt/hbv/trainir-h20-experiments/20260927-v1/runs/llama2_13b_4k/galvatron/common/01,0,10,204.3277528807521,,0,2.8346887787033928,39268703744,93891592192,1e-07
llama2_13b_4k,galvatron,common,/opt/hbv/trainir-h20-experiments/20260927-v1/runs/llama2_13b_4k/galvatron/common/01,1,1,211.4217276778072,,0,2.794039007680535,39237241856,65819115520,9.817718381265238e-07
llama2_13b_4k,galvatron,common,/opt/hbv/trainir-h20-experiments/20260927-v1/runs/llama2_13b_4k/galvatron/common/01,1,2,204.38293391186744,,0,2.8268632972301306,39239339520,92765421568,9.206544616434248e-07
llama2_13b_4k,galvatron,common,/opt/hbv/trainir-h20-experiments/20260927-v1/runs/llama2_13b_4k/galvatron/common/01,1,3,204.30132346600294,,0,2.891145236652587,39241437184,93497327616,8.225243592119499e-07
llama2_13b_4k,galvatron,common,/opt/hbv/trainir-h20-experiments/20260927-v1/runs/llama2_13b_4k/galvatron/common/01,1,4,204.3199377162382,,0,2.868992208922994,39243534848,93805608960,6.971805834928398e-07
llama2_13b_4k,galvatron,common,/opt/hbv/trainir-h20-experiments/20260927-v1/runs/llama2_13b_4k/galvatron/common/01,1,5,204.31995391193777,,0,2.8837044015891484,39245632512,93805608960,5.571396837256635e-07
llama2_13b_4k,galvatron,common,/opt/hbv/trainir-h20-experiments/20260927-v1/runs/llama2_13b_4k/galvatron/common/01,1,6,204.24002574384212,,0,2.8927162647424765,39247730176,94013227008,4.1638583110227627e-07
llama2_13b_4k,galvatron,common,/opt/hbv/trainir-h20-experiments/20260927-v1/runs/llama2_13b_4k/galvatron/common/01,1,7,204.24537565466017,,0,2.8373854962743033,39249827840,94013227008,2.889743906929609e-07
llama2_13b_4k,galvatron,common,/opt/hbv/trainir-h20-experiments/20260927-v1/runs/llama2_13b_4k/galvatron/common/01,1,8,204.41783257294446,,0,2.885153215594211,39251925504,94013227008,1.876283841110236e-07
llama2_13b_4k,galvatron,common,/opt/hbv/trainir-h20-experiments/20260927-v1/runs/llama2_13b_4k/galvatron/common/01,1,9,204.25144200678915,,0,2.8943857833407725,39254023168,94013227008,1.224679970165746e-07
llama2_13b_4k,galvatron,common,/opt/hbv/trainir-h20-experiments/20260927-v1/runs/llama2_13b_4k/galvatron/common/01,1,10,204.32590625900775,,0,2.8346887787033928,39256120832,94013227008,1e-07
llama2_13b_4k,galvatron,common,/opt/hbv/trainir-h20-experiments/20260927-v1/runs/llama2_13b_4k/galvatron/common/01,2,1,211.42482959665358,,0,2.794039007680535,39249824768,65819115520,9.817718381265238e-07
llama2_13b_4k,galvatron,common,/opt/hbv/trainir-h20-experiments/20260927-v1/runs/llama2_13b_4k/galvatron/common/01,2,2,204.383167905733,,0,2.8268632972301306,39251922432,92622815232,9.206544616434248e-07
llama2_13b_4k,galvatron,common,/opt/hbv/trainir-h20-experiments/20260927-v1/runs/llama2_13b_4k/galvatron/common/01,2,3,204.30143660027534,,0,2.891145236652587,39254020096,93778345984,8.225243592119499e-07
llama2_13b_4k,galvatron,common,/opt/hbv/trainir-h20-experiments/20260927-v1/runs/llama2_13b_4k/galvatron/common/01,2,4,204.31997136678547,,0,2.868992208922994,39256117760,93778345984,6.971805834928398e-07
llama2_13b_4k,galvatron,common,/opt/hbv/trainir-h20-experiments/20260927-v1/runs/llama2_13b_4k/galvatron/common/01,2,5,204.3201764319092,,0,2.8837044015891484,39258215424,93870620672,5.571396837256635e-07
llama2_13b_4k,galvatron,common,/opt/hbv/trainir-h20-experiments/20260927-v1/runs/llama2_13b_4k/galvatron/common/01,2,6,204.24024625122547,,0,2.8927162647424765,39260313088,93964992512,4.1638583110227627e-07
llama2_13b_4k,galvatron,common,/opt/hbv/trainir-h20-experiments/20260927-v1/runs/llama2_13b_4k/galvatron/common/01,2,7,204.245519278571,,0,2.8373854962743033,39262410752,93964992512,2.889743906929609e-07
llama2_13b_4k,galvatron,common,/opt/hbv/trainir-h20-experiments/20260927-v1/runs/llama2_13b_4k/galvatron/common/01,2,8,204.4178958069533,,0,2.885153215594211,39264508416,93964992512,1.876283841110236e-07
llama2_13b_4k,galvatron,common,/opt/hbv/trainir-h20-experiments/20260927-v1/runs/llama2_13b_4k/galvatron/common/01,2,9,204.2516048271209,,0,2.8943857833407725,39266606080,93964992512,1.224679970165746e-07
llama2_13b_4k,galvatron,common,/opt/hbv/trainir-h20-experiments/20260927-v1/runs/llama2_13b_4k/galvatron/common/01,2,10,204.32617928553373,,0,2.8346887787033928,39268703744,94130667520,1e-07
llama2_13b_4k,galvatron,common,/opt/hbv/trainir-h20-experiments/20260927-v1/runs/llama2_13b_4k/galvatron/common/01,3,1,211.42703858111054,,0,2.794039007680535,39237241856,65819115520,9.817718381265238e-07
llama2_13b_4k,galvatron,common,/opt/hbv/trainir-h20-experiments/20260927-v1/runs/llama2_13b_4k/galvatron/common/01,3,2,204.3830855684355,,0,2.8268632972301306,39239339520,93312778240,9.206544616434248e-07
llama2_13b_4k,galvatron,common,/opt/hbv/trainir-h20-experiments/20260927-v1/runs/llama2_13b_4k/galvatron/common/01,3,3,204.30151137243956,,0,2.891145236652587,39241437184,93847552000,8.225243592119499e-07
llama2_13b_4k,galvatron,common,/opt/hbv/trainir-h20-experiments/20260927-v1/runs/llama2_13b_4k/galvatron/common/01,3,4,204.320026345551,,0,2.868992208922994,39243534848,93847552000,6.971805834928398e-07
llama2_13b_4k,galvatron,common,/opt/hbv/trainir-h20-experiments/20260927-v1/runs/llama2_13b_4k/galvatron/common/01,3,5,204.32023738417774,,0,2.8837044015891484,39245632512,93847552000,5.571396837256635e-07
llama2_13b_4k,galvatron,common,/opt/hbv/trainir-h20-experiments/20260927-v1/runs/llama2_13b_4k/galvatron/common/01,3,6,204.24022470694035,,0,2.8927162647424765,39247730176,93847552000,4.1638583110227627e-07
llama2_13b_4k,galvatron,common,/opt/hbv/trainir-h20-experiments/20260927-v1/runs/llama2_13b_4k/galvatron/common/01,3,7,204.24548660218716,,0,2.8373854962743033,39249827840,93939826688,2.889743906929609e-07
llama2_13b_4k,galvatron,common,/opt/hbv/trainir-h20-experiments/20260927-v1/runs/llama2_13b_4k/galvatron/common/01,3,8,204.41797621082515,,0,2.885153215594211,39251925504,93939826688,1.876283841110236e-07
llama2_13b_4k,galvatron,common,/opt/hbv/trainir-h20-experiments/20260927-v1/runs/llama2_13b_4k/galvatron/common/01,3,9,204.25163688044995,,0,2.8943857833407725,39254023168,93939826688,1.224679970165746e-07
llama2_13b_4k,galvatron,common,/opt/hbv/trainir-h20-experiments/20260927-v1/runs/llama2_13b_4k/galvatron/common/01,3,10,204.32617438957095,,0,2.8346887787033928,39256120832,93939826688,1e-07
llama2_13b_4k,galvatron,common,/opt/hbv/trainir-h20-experiments/20260927-v1/runs/llama2_13b_4k/galvatron/common/01,4,1,211.14145134855062,10.607495293021202,0,2.794039007680535,39245650944,92366962688,9.817718381265238e-07
llama2_13b_4k,galvatron,common,/opt/hbv/trainir-h20-experiments/20260927-v1/runs/llama2_13b_4k/galvatron/common/01,4,2,204.38255117461085,10.605625681579113,0,2.8268632972301306,39247748608,92366962688,9.206544616434248e-07
llama2_13b_4k,galvatron,common,/opt/hbv/trainir-h20-experiments/20260927-v1/runs/llama2_13b_4k/galvatron/common/01,4,3,204.30096972733736,10.602360285818577,0,2.891145236652587,39249846272,92366962688,8.225243592119499e-07
llama2_13b_4k,galvatron,common,/opt/hbv/trainir-h20-experiments/20260927-v1/runs/llama2_13b_4k/galvatron/common/01,4,4,204.3196127684787,10.602654006332159,0,2.868992208922994,39251943936,92366962688,6.971805834928398e-07
llama2_13b_4k,galvatron,common,/opt/hbv/trainir-h20-experiments/20260927-v1/runs/llama2_13b_4k/galvatron/common/01,4,5,204.31983566470444,10.604192860424519,0,2.8837044015891484,39254041600,92366962688,5.571396837256635e-07
llama2_13b_4k,galvatron,common,/opt/hbv/trainir-h20-experiments/20260927-v1/runs/llama2_13b_4k/galvatron/common/01,4,6,204.23973412625492,10.606370851397514,0,2.8927162647424765,39256139264,92366962688,4.1638583110227627e-07
llama2_13b_4k,galvatron,common,/opt/hbv/trainir-h20-experiments/20260927-v1/runs/llama2_13b_4k/galvatron/common/01,4,7,204.24509938713163,10.60335461050272,0,2.8373854962743033,39258236928,92366962688,2.889743906929609e-07
llama2_13b_4k,galvatron,common,/opt/hbv/trainir-h20-experiments/20260927-v1/runs/llama2_13b_4k/galvatron/common/01,4,8,204.41739940922707,10.602433871477842,0,2.885153215594211,39260334592,92366962688,1.876283841110236e-07
llama2_13b_4k,galvatron,common,/opt/hbv/trainir-h20-experiments/20260927-v1/runs/llama2_13b_4k/galvatron/common/01,4,9,204.25107979495078,10.60439009591937,0,2.8943857833407725,39262432256,92366962688,1.224679970165746e-07
llama2_13b_4k,galvatron,common,/opt/hbv/trainir-h20-experiments/20260927-v1/runs/llama2_13b_4k/galvatron/common/01,4,10,204.3256061244756,10.605311430990696,0,2.8346887787033928,39264529920,92366962688,1e-07
llama2_13b_4k,galvatron,common,/opt/hbv/trainir-h20-experiments/20260927-v1/runs/llama2_13b_4k/galvatron/common/01,5,1,211.14077603723854,10.607495293021202,0,2.794039007680535,39228875776,92285173760,9.817718381265238e-07
llama2_13b_4k,galvatron,common,/opt/hbv/trainir-h20-experiments/20260927-v1/runs/llama2_13b_4k/galvatron/common/01,5,2,204.38260733895004,10.605625681579113,0,2.8268632972301306,39230973440,92285173760,9.206544616434248e-07
llama2_13b_4k,galvatron,common,/opt/hbv/trainir-h20-experiments/20260927-v1/runs/llama2_13b_4k/galvatron/common/01,5,3,204.3010905655101,10.602360285818577,0,2.891145236652587,39233071104,92285173760,8.225243592119499e-07
llama2_13b_4k,galvatron,common,/opt/hbv/trainir-h20-experiments/20260927-v1/runs/llama2_13b_4k/galvatron/common/01,5,4,204.31970988307148,10.602654006332159,0,2.868992208922994,39235168768,92285173760,6.971805834928398e-07
llama2_13b_4k,galvatron,common,/opt/hbv/trainir-h20-experiments/20260927-v1/runs/llama2_13b_4k/galvatron/common/01,5,5,204.31983275618404,10.604192860424519,0,2.8837044015891484,39237266432,92285173760,5.571396837256635e-07
llama2_13b_4k,galvatron,common,/opt/hbv/trainir-h20-experiments/20260927-v1/runs/llama2_13b_4k/galvatron/common/01,5,6,204.2398334313184,10.606370851397514,0,2.8927162647424765,39239364096,92285173760,4.1638583110227627e-07
llama2_13b_4k,galvatron,common,/opt/hbv/trainir-h20-experiments/20260927-v1/runs/llama2_13b_4k/galvatron/common/01,5,7,204.2450828626752,10.60335461050272,0,2.8373854962743033,39241461760,92285173760,2.889743906929609e-07
llama2_13b_4k,galvatron,common,/opt/hbv/trainir-h20-experiments/20260927-v1/runs/llama2_13b_4k/galvatron/common/01,5,8,204.41747697349638,10.602433871477842,0,2.885153215594211,39243559424,92285173760,1.876283841110236e-07
llama2_13b_4k,galvatron,common,/opt/hbv/trainir-h20-experiments/20260927-v1/runs/llama2_13b_4k/galvatron/common/01,5,9,204.25135514792055,10.60439009591937,0,2.8943857833407725,39245657088,92285173760,1.224679970165746e-07
llama2_13b_4k,galvatron,common,/opt/hbv/trainir-h20-experiments/20260927-v1/runs/llama2_13b_4k/galvatron/common/01,5,10,204.32565169222653,10.605311430990696,0,2.8346887787033928,39247754752,92285173760,1e-07
llama2_13b_4k,galvatron,common,/opt/hbv/trainir-h20-experiments/20260927-v1/runs/llama2_13b_4k/galvatron/common/01,6,1,211.14251483697444,10.607495293021202,0,2.794039007680535,39245650944,92366962688,9.817718381265238e-07
llama2_13b_4k,galvatron,common,/opt/hbv/trainir-h20-experiments/20260927-v1/runs/llama2_13b_4k/galvatron/common/01,6,2,204.38268521707505,10.605625681579113,0,2.8268632972301306,39247748608,92366962688,9.206544616434248e-07
llama2_13b_4k,galvatron,common,/opt/hbv/trainir-h20-experiments/20260927-v1/runs/llama2_13b_4k/galvatron/common/01,6,3,204.30124311614782,10.602360285818577,0,2.891145236652587,39249846272,92366962688,8.225243592119499e-07
llama2_13b_4k,galvatron,common,/opt/hbv/trainir-h20-experiments/20260927-v1/runs/llama2_13b_4k/galvatron/common/01,6,4,204.31974257156253,10.602654006332159,0,2.868992208922994,39251943936,92366962688,6.971805834928398e-07
llama2_13b_4k,galvatron,common,/opt/hbv/trainir-h20-experiments/20260927-v1/runs/llama2_13b_4k/galvatron/common/01,6,5,204.3199459752068,10.604192860424519,0,2.8837044015891484,39254041600,92366962688,5.571396837256635e-07
llama2_13b_4k,galvatron,common,/opt/hbv/trainir-h20-experiments/20260927-v1/runs/llama2_13b_4k/galvatron/common/01,6,6,204.23995508160442,10.606370851397514,0,2.8927162647424765,39256139264,92366962688,4.1638583110227627e-07
llama2_13b_4k,galvatron,common,/opt/hbv/trainir-h20-experiments/20260927-v1/runs/llama2_13b_4k/galvatron/common/01,6,7,204.24525087792426,10.60335461050272,0,2.8373854962743033,39258236928,92366962688,2.889743906929609e-07
llama2_13b_4k,galvatron,common,/opt/hbv/trainir-h20-experiments/20260927-v1/runs/llama2_13b_4k/galvatron/common/01,6,8,204.41763260494918,10.602433871477842,0,2.885153215594211,39260334592,92366962688,1.876283841110236e-07
llama2_13b_4k,galvatron,common,/opt/hbv/trainir-h20-experiments/20260927-v1/runs/llama2_13b_4k/galvatron/common/01,6,9,204.25125261209905,10.60439009591937,0,2.8943857833407725,39262432256,92366962688,1.224679970165746e-07
llama2_13b_4k,galvatron,common,/opt/hbv/trainir-h20-experiments/20260927-v1/runs/llama2_13b_4k/galvatron/common/01,6,10,204.32579442672431,10.605311430990696,0,2.8346887787033928,39264529920,92366962688,1e-07
llama2_13b_4k,galvatron,common,/opt/hbv/trainir-h20-experiments/20260927-v1/runs/llama2_13b_4k/galvatron/common/01,7,1,211.1393494764343,10.607495293021202,0,2.794039007680535,39228875776,92366962688,9.817718381265238e-07
llama2_13b_4k,galvatron,common,/opt/hbv/trainir-h20-experiments/20260927-v1/runs/llama2_13b_4k/galvatron/common/01,7,2,204.3826169623062,10.605625681579113,0,2.8268632972301306,39230973440,92366962688,9.206544616434248e-07
llama2_13b_4k,galvatron,common,/opt/hbv/trainir-h20-experiments/20260927-v1/runs/llama2_13b_4k/galvatron/common/01,7,3,204.30110788252205,10.602360285818577,0,2.891145236652587,39233071104,92366962688,8.225243592119499e-07
llama2_13b_4k,galvatron,common,/opt/hbv/trainir-h20-experiments/20260927-v1/runs/llama2_13b_4k/galvatron/common/01,7,4,204.31972486246377,10.602654006332159,0,2.868992208922994,39235168768,92366962688,6.971805834928398e-07
llama2_13b_4k,galvatron,common,/opt/hbv/trainir-h20-experiments/20260927-v1/runs/llama2_13b_4k/galvatron/common/01,7,5,204.31985443271697,10.604192860424519,0,2.8837044015891484,39237266432,92366962688,5.571396837256635e-07
llama2_13b_4k,galvatron,common,/opt/hbv/trainir-h20-experiments/20260927-v1/runs/llama2_13b_4k/galvatron/common/01,7,6,204.2399159949273,10.606370851397514,0,2.8927162647424765,39239364096,92366962688,4.1638583110227627e-07
llama2_13b_4k,galvatron,common,/opt/hbv/trainir-h20-experiments/20260927-v1/runs/llama2_13b_4k/galvatron/common/01,7,7,204.2452046731487,10.60335461050272,0,2.8373854962743033,39241461760,92366962688,2.889743906929609e-07
llama2_13b_4k,galvatron,common,/opt/hbv/trainir-h20-experiments/20260927-v1/runs/llama2_13b_4k/galvatron/common/01,7,8,204.41760437004268,10.602433871477842,0,2.885153215594211,39243559424,92366962688,1.876283841110236e-07
llama2_13b_4k,galvatron,common,/opt/hbv/trainir-h20-experiments/20260927-v1/runs/llama2_13b_4k/galvatron/common/01,7,9,204.25120654515922,10.60439009591937,0,2.8943857833407725,39245657088,92366962688,1.224679970165746e-07
llama2_13b_4k,galvatron,common,/opt/hbv/trainir-h20-experiments/20260927-v1/runs/llama2_13b_4k/galvatron/common/01,7,10,204.32574852369726,10.605311430990696,0,2.8346887787033928,39247754752,92366962688,1e-07
llama2_13b_4k,galvatron,full,/opt/hbv/trainir-h20-experiments/20260927-v1/runs/llama2_13b_4k/galvatron/full/01,0,1,215.81412435509264,,0,1.1157097279406882,40699341824,68952260608,9.817718381265238e-07
llama2_13b_4k,galvatron,full,/opt/hbv/trainir-h20-experiments/20260927-v1/runs/llama2_13b_4k/galvatron/full/01,0,2,205.00082619208843,,0,1.1283288026622003,40700431872,93105160192,9.206544616434248e-07
llama2_13b_4k,galvatron,full,/opt/hbv/trainir-h20-experiments/20260927-v1/runs/llama2_13b_4k/galvatron/full/01,0,3,204.89373127743602,,0,1.143358065464637,40702529536,93105160192,8.225243592119499e-07
llama2_13b_4k,galvatron,full,/opt/hbv/trainir-h20-experiments/20260927-v1/runs/llama2_13b_4k/galvatron/full/01,0,4,205.36123781185597,,0,1.1456976665753082,40704627200,93105160192,6.971805834928398e-07
llama2_13b_4k,galvatron,full,/opt/hbv/trainir-h20-experiments/20260927-v1/runs/llama2_13b_4k/galvatron/full/01,0,5,204.8750313958153,,0,1.1540284853316967,40706724864,93105160192,5.571396837256635e-07
llama2_13b_4k,galvatron,full,/opt/hbv/trainir-h20-experiments/20260927-v1/runs/llama2_13b_4k/galvatron/full/01,0,6,204.90059293061495,,0,1.1504112980123333,40708822528,93105160192,4.1638583110227627e-07
llama2_13b_4k,galvatron,full,/opt/hbv/trainir-h20-experiments/20260927-v1/runs/llama2_13b_4k/galvatron/full/01,0,7,205.00098228547722,,0,1.1412540947964964,40710920192,93105160192,2.889743906929609e-07
llama2_13b_4k,galvatron,full,/opt/hbv/trainir-h20-experiments/20260927-v1/runs/llama2_13b_4k/galvatron/full/01,0,8,205.02719494327903,,0,1.1506328748674923,40713017856,93105160192,1.876283841110236e-07
llama2_13b_4k,galvatron,full,/opt/hbv/trainir-h20-experiments/20260927-v1/runs/llama2_13b_4k/galvatron/full/01,0,9,204.78616922255605,,0,1.1496435566680248,40715115520,93105160192,1.224679970165746e-07
llama2_13b_4k,galvatron,full,/opt/hbv/trainir-h20-experiments/20260927-v1/runs/llama2_13b_4k/galvatron/full/01,0,10,205.32307205256075,,0,1.1271764048132613,40717213184,93105160192,1e-07
llama2_13b_4k,galvatron,full,/opt/hbv/trainir-h20-experiments/20260927-v1/runs/llama2_13b_4k/galvatron/full/01,1,1,215.8119897712022,,0,1.1157097279406882,40699341824,68952260608,9.817718381265238e-07
llama2_13b_4k,galvatron,full,/opt/hbv/trainir-h20-experiments/20260927-v1/runs/llama2_13b_4k/galvatron/full/01,1,2,204.99870589654893,,0,1.1283288026622003,40700431872,93105160192,9.206544616434248e-07
llama2_13b_4k,galvatron,full,/opt/hbv/trainir-h20-experiments/20260927-v1/runs/llama2_13b_4k/galvatron/full/01,1,3,204.89156103972346,,0,1.143358065464637,40702529536,93105160192,8.225243592119499e-07
llama2_13b_4k,galvatron,full,/opt/hbv/trainir-h20-experiments/20260927-v1/runs/llama2_13b_4k/galvatron/full/01,1,4,205.35913408733904,,0,1.1456976665753082,40704627200,93105160192,6.971805834928398e-07
llama2_13b_4k,galvatron,full,/opt/hbv/trainir-h20-experiments/20260927-v1/runs/llama2_13b_4k/galvatron/full/01,1,5,204.87277802918106,,0,1.1540284853316967,40706724864,93105160192,5.571396837256635e-07
llama2_13b_4k,galvatron,full,/opt/hbv/trainir-h20-experiments/20260927-v1/runs/llama2_13b_4k/galvatron/full/01,1,6,204.898441568017,,0,1.1504112980123333,40708822528,93105160192,4.1638583110227627e-07
llama2_13b_4k,galvatron,full,/opt/hbv/trainir-h20-experiments/20260927-v1/runs/llama2_13b_4k/galvatron/full/01,1,7,204.99884037859738,,0,1.1412540947964964,40710920192,93105160192,2.889743906929609e-07
llama2_13b_4k,galvatron,full,/opt/hbv/trainir-h20-experiments/20260927-v1/runs/llama2_13b_4k/galvatron/full/01,1,8,205.02507625333965,,0,1.1506328748674923,40713017856,93105160192,1.876283841110236e-07
llama2_13b_4k,galvatron,full,/opt/hbv/trainir-h20-experiments/20260927-v1/runs/llama2_13b_4k/galvatron/full/01,1,9,204.7841064464301,,0,1.1496435566680248,40715115520,93105160192,1.224679970165746e-07
llama2_13b_4k,galvatron,full,/opt/hbv/trainir-h20-experiments/20260927-v1/runs/llama2_13b_4k/galvatron/full/01,1,10,205.32098540943116,,0,1.1271764048132613,40717213184,93105160192,1e-07
llama2_13b_4k,galvatron,full,/opt/hbv/trainir-h20-experiments/20260927-v1/runs/llama2_13b_4k/galvatron/full/01,2,1,215.80439001973718,,0,1.1157097279406882,40699341824,68998397952,9.817718381265238e-07
llama2_13b_4k,galvatron,full,/opt/hbv/trainir-h20-experiments/20260927-v1/runs/llama2_13b_4k/galvatron/full/01,2,2,204.99897987022996,,0,1.1283288026622003,40700431872,92759130112,9.206544616434248e-07
llama2_13b_4k,galvatron,full,/opt/hbv/trainir-h20-experiments/20260927-v1/runs/llama2_13b_4k/galvatron/full/01,2,3,204.89194090198725,,0,1.143358065464637,40702529536,93088382976,8.225243592119499e-07
llama2_13b_4k,galvatron,full,/opt/hbv/trainir-h20-experiments/20260927-v1/runs/llama2_13b_4k/galvatron/full/01,2,4,205.3593917042017,,0,1.1456976665753082,40704627200,93088382976,6.971805834928398e-07
llama2_13b_4k,galvatron,full,/opt/hbv/trainir-h20-experiments/20260927-v1/runs/llama2_13b_4k/galvatron/full/01,2,5,204.87318915687501,,0,1.1540284853316967,40706724864,93088382976,5.571396837256635e-07
llama2_13b_4k,galvatron,full,/opt/hbv/trainir-h20-experiments/20260927-v1/runs/llama2_13b_4k/galvatron/full/01,2,6,204.89876328967512,,0,1.1504112980123333,40708822528,93088382976,4.1638583110227627e-07
llama2_13b_4k,galvatron,full,/opt/hbv/trainir-h20-experiments/20260927-v1/runs/llama2_13b_4k/galvatron/full/01,2,7,204.9992496818304,,0,1.1412540947964964,40710920192,93088382976,2.889743906929609e-07
llama2_13b_4k,galvatron,full,/opt/hbv/trainir-h20-experiments/20260927-v1/runs/llama2_13b_4k/galvatron/full/01,2,8,205.02533785440028,,0,1.1506328748674923,40713017856,93088382976,1.876283841110236e-07
llama2_13b_4k,galvatron,full,/opt/hbv/trainir-h20-experiments/20260927-v1/runs/llama2_13b_4k/galvatron/full/01,2,9,204.78437170013785,,0,1.1496435566680248,40715115520,93088382976,1.224679970165746e-07
llama2_13b_4k,galvatron,full,/opt/hbv/trainir-h20-experiments/20260927-v1/runs/llama2_13b_4k/galvatron/full/01,2,10,205.3213058738038,,0,1.1271764048132613,40717213184,93088382976,1e-07
llama2_13b_4k,galvatron,full,/opt/hbv/trainir-h20-experiments/20260927-v1/runs/llama2_13b_4k/galvatron/full/01,3,1,215.81178072746843,,0,1.1157097279406882,40699341824,68998397952,9.817718381265238e-07
llama2_13b_4k,galvatron,full,/opt/hbv/trainir-h20-experiments/20260927-v1/runs/llama2_13b_4k/galvatron/full/01,3,2,204.9987493949011,,0,1.1283288026622003,40700431872,92759130112,9.206544616434248e-07
llama2_13b_4k,galvatron,full,/opt/hbv/trainir-h20-experiments/20260927-v1/runs/llama2_13b_4k/galvatron/full/01,3,3,204.89168525207788,,0,1.143358065464637,40702529536,93088382976,8.225243592119499e-07
llama2_13b_4k,galvatron,full,/opt/hbv/trainir-h20-experiments/20260927-v1/runs/llama2_13b_4k/galvatron/full/01,3,4,205.35916495788842,,0,1.1456976665753082,40704627200,93088382976,6.971805834928398e-07
llama2_13b_4k,galvatron,full,/opt/hbv/trainir-h20-experiments/20260927-v1/runs/llama2_13b_4k/galvatron/full/01,3,5,204.87294701766223,,0,1.1540284853316967,40706724864,93088382976,5.571396837256635e-07
llama2_13b_4k,galvatron,full,/opt/hbv/trainir-h20-experiments/20260927-v1/runs/llama2_13b_4k/galvatron/full/01,3,6,204.89858397189528,,0,1.1504112980123333,40708822528,93088382976,4.1638583110227627e-07
llama2_13b_4k,galvatron,full,/opt/hbv/trainir-h20-experiments/20260927-v1/runs/llama2_13b_4k/galvatron/full/01,3,7,204.9988614944741,,0,1.1412540947964964,40710920192,93088382976,2.889743906929609e-07
llama2_13b_4k,galvatron,full,/opt/hbv/trainir-h20-experiments/20260927-v1/runs/llama2_13b_4k/galvatron/full/01,3,8,205.0251147095114,,0,1.1506328748674923,40713017856,93088382976,1.876283841110236e-07
llama2_13b_4k,galvatron,full,/opt/hbv/trainir-h20-experiments/20260927-v1/runs/llama2_13b_4k/galvatron/full/01,3,9,204.7841044301167,,0,1.1496435566680248,40715115520,93088382976,1.224679970165746e-07
llama2_13b_4k,galvatron,full,/opt/hbv/trainir-h20-experiments/20260927-v1/runs/llama2_13b_4k/galvatron/full/01,3,10,205.32103899028152,,0,1.1271764048132613,40717213184,93088382976,1e-07
llama2_13b_4k,galvatron,full,/opt/hbv/trainir-h20-experiments/20260927-v1/runs/llama2_13b_4k/galvatron/full/01,4,1,215.66072446573526,10.63284918665886,0,1.1157097279406882,46391396352,78395736064,9.817718381265238e-07
llama2_13b_4k,galvatron,full,/opt/hbv/trainir-h20-experiments/20260927-v1/runs/llama2_13b_4k/galvatron/full/01,4,2,205.01602527219802,10.63761181011796,0,1.1283288026622003,46393494016,96552878080,9.206544616434248e-07
llama2_13b_4k,galvatron,full,/opt/hbv/trainir-h20-experiments/20260927-v1/runs/llama2_13b_4k/galvatron/full/01,4,3,204.90897534880787,10.638260405510664,0,1.143358065464637,46395591680,96552878080,8.225243592119499e-07
llama2_13b_4k,galvatron,full,/opt/hbv/trainir-h20-experiments/20260927-v1/runs/llama2_13b_4k/galvatron/full/01,4,4,205.37643469125032,10.636349566280842,0,1.1456976665753082,46397689344,96552878080,6.971805834928398e-07
llama2_13b_4k,galvatron,full,/opt/hbv/trainir-h20-experiments/20260927-v1/runs/llama2_13b_4k/galvatron/full/01,4,5,204.89033496566117,10.636053021997213,0,1.1540284853316967,46399787008,96552878080,5.571396837256635e-07
llama2_13b_4k,galvatron,full,/opt/hbv/trainir-h20-experiments/20260927-v1/runs/llama2_13b_4k/galvatron/full/01,4,6,204.9158133836463,10.636385709047318,0,1.1504112980123333,46401884672,96552878080,4.1638583110227627e-07
llama2_13b_4k,galvatron,full,/opt/hbv/trainir-h20-experiments/20260927-v1/runs/llama2_13b_4k/galvatron/full/01,4,7,205.01621932536364,10.634604047983885,0,1.1412540947964964,46403982336,96552878080,2.889743906929609e-07
llama2_13b_4k,galvatron,full,/opt/hbv/trainir-h20-experiments/20260927-v1/runs/llama2_13b_4k/galvatron/full/01,4,8,205.04237461835146,10.63165608793497,0,1.1506328748674923,46406080000,96552878080,1.876283841110236e-07
llama2_13b_4k,galvatron,full,/opt/hbv/trainir-h20-experiments/20260927-v1/runs/llama2_13b_4k/galvatron/full/01,4,9,204.8013852275908,10.629689302295446,0,1.1496435566680248,46408177664,96552878080,1.224679970165746e-07
llama2_13b_4k,galvatron,full,/opt/hbv/trainir-h20-experiments/20260927-v1/runs/llama2_13b_4k/galvatron/full/01,4,10,205.3383060004562,10.630536288022995,0,1.1271764048132613,46410275328,96552878080,1e-07
llama2_13b_4k,galvatron,full,/opt/hbv/trainir-h20-experiments/20260927-v1/runs/llama2_13b_4k/galvatron/full/01,5,1,215.64811530523002,10.63284918665886,0,1.1157097279406882,46391396352,78395736064,9.817718381265238e-07
llama2_13b_4k,galvatron,full,/opt/hbv/trainir-h20-experiments/20260927-v1/runs/llama2_13b_4k/galvatron/full/01,5,2,205.01583971641958,10.63761181011796,0,1.1283288026622003,46393494016,96385105920,9.206544616434248e-07
llama2_13b_4k,galvatron,full,/opt/hbv/trainir-h20-experiments/20260927-v1/runs/llama2_13b_4k/galvatron/full/01,5,3,204.90873766317964,10.638260405510664,0,1.143358065464637,46395591680,96385105920,8.225243592119499e-07
llama2_13b_4k,galvatron,full,/opt/hbv/trainir-h20-experiments/20260927-v1/runs/llama2_13b_4k/galvatron/full/01,5,4,205.37624187301844,10.636349566280842,0,1.1456976665753082,46397689344,96385105920,6.971805834928398e-07
llama2_13b_4k,galvatron,full,/opt/hbv/trainir-h20-experiments/20260927-v1/runs/llama2_13b_4k/galvatron/full/01,5,5,204.89008742943406,10.636053021997213,0,1.1540284853316967,46399787008,96385105920,5.571396837256635e-07
llama2_13b_4k,galvatron,full,/opt/hbv/trainir-h20-experiments/20260927-v1/runs/llama2_13b_4k/galvatron/full/01,5,6,204.91560044698417,10.636385709047318,0,1.1504112980123333,46401884672,96385105920,4.1638583110227627e-07
llama2_13b_4k,galvatron,full,/opt/hbv/trainir-h20-experiments/20260927-v1/runs/llama2_13b_4k/galvatron/full/01,5,7,205.01609804481268,10.634604047983885,0,1.1412540947964964,46403982336,96385105920,2.889743906929609e-07
llama2_13b_4k,galvatron,full,/opt/hbv/trainir-h20-experiments/20260927-v1/runs/llama2_13b_4k/galvatron/full/01,5,8,205.04226631857455,10.63165608793497,0,1.1506328748674923,46406080000,96385105920,1.876283841110236e-07
llama2_13b_4k,galvatron,full,/opt/hbv/trainir-h20-experiments/20260927-v1/runs/llama2_13b_4k/galvatron/full/01,5,9,204.80124387703836,10.629689302295446,0,1.1496435566680248,46408177664,96385105920,1.224679970165746e-07
llama2_13b_4k,galvatron,full,/opt/hbv/trainir-h20-experiments/20260927-v1/runs/llama2_13b_4k/galvatron/full/01,5,10,205.33829407952726,10.630536288022995,0,1.1271764048132613,46410275328,96385105920,1e-07
llama2_13b_4k,galvatron,full,/opt/hbv/trainir-h20-experiments/20260927-v1/runs/llama2_13b_4k/galvatron/full/01,6,1,215.64114945661277,10.63284918665886,0,1.1157097279406882,46391396352,78395736064,9.817718381265238e-07
llama2_13b_4k,galvatron,full,/opt/hbv/trainir-h20-experiments/20260927-v1/runs/llama2_13b_4k/galvatron/full/01,6,2,205.0161004634574,10.63761181011796,0,1.1283288026622003,46393494016,96468992000,9.206544616434248e-07
llama2_13b_4k,galvatron,full,/opt/hbv/trainir-h20-experiments/20260927-v1/runs/llama2_13b_4k/galvatron/full/01,6,3,204.90902210399508,10.638260405510664,0,1.143358065464637,46395591680,96468992000,8.225243592119499e-07
llama2_13b_4k,galvatron,full,/opt/hbv/trainir-h20-experiments/20260927-v1/runs/llama2_13b_4k/galvatron/full/01,6,4,205.37656798306853,10.636349566280842,0,1.1456976665753082,46397689344,96468992000,6.971805834928398e-07
llama2_13b_4k,galvatron,full,/opt/hbv/trainir-h20-experiments/20260927-v1/runs/llama2_13b_4k/galvatron/full/01,6,5,204.8902608640492,10.636053021997213,0,1.1540284853316967,46399787008,96468992000,5.571396837256635e-07
llama2_13b_4k,galvatron,full,/opt/hbv/trainir-h20-experiments/20260927-v1/runs/llama2_13b_4k/galvatron/full/01,6,6,204.91588196065277,10.636385709047318,0,1.1504112980123333,46401884672,96468992000,4.1638583110227627e-07
llama2_13b_4k,galvatron,full,/opt/hbv/trainir-h20-experiments/20260927-v1/runs/llama2_13b_4k/galvatron/full/01,6,7,205.0163454124704,10.634604047983885,0,1.1412540947964964,46403982336,96468992000,2.889743906929609e-07
llama2_13b_4k,galvatron,full,/opt/hbv/trainir-h20-experiments/20260927-v1/runs/llama2_13b_4k/galvatron/full/01,6,8,205.0423619840294,10.63165608793497,0,1.1506328748674923,46406080000,96468992000,1.876283841110236e-07
llama2_13b_4k,galvatron,full,/opt/hbv/trainir-h20-experiments/20260927-v1/runs/llama2_13b_4k/galvatron/full/01,6,9,204.8015608675778,10.629689302295446,0,1.1496435566680248,46408177664,96468992000,1.224679970165746e-07
llama2_13b_4k,galvatron,full,/opt/hbv/trainir-h20-experiments/20260927-v1/runs/llama2_13b_4k/galvatron/full/01,6,10,205.33842788636684,10.630536288022995,0,1.1271764048132613,46410275328,96468992000,1e-07
llama2_13b_4k,galvatron,full,/opt/hbv/trainir-h20-experiments/20260927-v1/runs/llama2_13b_4k/galvatron/full/01,7,1,215.64490591641515,10.63284918665886,0,1.1157097279406882,46391396352,78395736064,9.817718381265238e-07
llama2_13b_4k,galvatron,full,/opt/hbv/trainir-h20-experiments/20260927-v1/runs/llama2_13b_4k/galvatron/full/01,7,2,205.01619161944836,10.63761181011796,0,1.1283288026622003,46393494016,96385105920,9.206544616434248e-07
llama2_13b_4k,galvatron,full,/opt/hbv/trainir-h20-experiments/20260927-v1/runs/llama2_13b_4k/galvatron/full/01,7,3,204.9091694066301,10.638260405510664,0,1.143358065464637,46395591680,96385105920,8.225243592119499e-07
llama2_13b_4k,galvatron,full,/opt/hbv/trainir-h20-experiments/20260927-v1/runs/llama2_13b_4k/galvatron/full/01,7,4,205.37663939315826,10.636349566280842,0,1.1456976665753082,46397689344,96385105920,6.971805834928398e-07
llama2_13b_4k,galvatron,full,/opt/hbv/trainir-h20-experiments/20260927-v1/runs/llama2_13b_4k/galvatron/full/01,7,5,204.89039672445506,10.636053021997213,0,1.1540284853316967,46399787008,96385105920,5.571396837256635e-07
llama2_13b_4k,galvatron,full,/opt/hbv/trainir-h20-experiments/20260927-v1/runs/llama2_13b_4k/galvatron/full/01,7,6,204.91620129533112,10.636385709047318,0,1.1504112980123333,46401884672,96385105920,4.1638583110227627e-07
llama2_13b_4k,galvatron,full,/opt/hbv/trainir-h20-experiments/20260927-v1/runs/llama2_13b_4k/galvatron/full/01,7,7,205.01644981559366,10.634604047983885,0,1.1412540947964964,46403982336,96385105920,2.889743906929609e-07
llama2_13b_4k,galvatron,full,/opt/hbv/trainir-h20-experiments/20260927-v1/runs/llama2_13b_4k/galvatron/full/01,7,8,205.042522049509,10.63165608793497,0,1.1506328748674923,46406080000,96385105920,1.876283841110236e-07
llama2_13b_4k,galvatron,full,/opt/hbv/trainir-h20-experiments/20260927-v1/runs/llama2_13b_4k/galvatron/full/01,7,9,204.80163317918777,10.629689302295446,0,1.1496435566680248,46408177664,96385105920,1.224679970165746e-07
llama2_13b_4k,galvatron,full,/opt/hbv/trainir-h20-experiments/20260927-v1/runs/llama2_13b_4k/galvatron/full/01,7,10,205.33858421444893,10.630536288022995,0,1.1271764048132613,46410275328,96385105920,1e-07
llama3_8b_8k,devastator,common,/opt/hbv/trainir-h20-experiments/20260927-v1/runs/llama3_8b_8k/devastator/common/01,0,1,89.83015828672796,,0,10.036710739135742,40901939200,68354572288,
llama3_8b_8k,devastator,common,/opt/hbv/trainir-h20-experiments/20260927-v1/runs/llama3_8b_8k/devastator/common/01,0,2,35.42055649589747,,0,10.187203407287598,40901939200,82340478976,
llama3_8b_8k,devastator,common,/opt/hbv/trainir-h20-experiments/20260927-v1/runs/llama3_8b_8k/devastator/common/01,0,3,35.41619856003672,,0,10.076184272766113,40901939200,82575360000,
llama3_8b_8k,devastator,common,/opt/hbv/trainir-h20-experiments/20260927-v1/runs/llama3_8b_8k/devastator/common/01,0,4,35.39440240897238,,0,10.632213592529297,40901939200,82575360000,
llama3_8b_8k,devastator,common,/opt/hbv/trainir-h20-experiments/20260927-v1/runs/llama3_8b_8k/devastator/common/01,0,5,35.40014050807804,,0,9.900208473205566,40901939200,82575360000,
llama3_8b_8k,devastator,common,/opt/hbv/trainir-h20-experiments/20260927-v1/runs/llama3_8b_8k/devastator/common/01,0,6,35.394288749434054,,0,10.061841011047363,40901939200,82575360000,
llama3_8b_8k,devastator,common,/opt/hbv/trainir-h20-experiments/20260927-v1/runs/llama3_8b_8k/devastator/common/01,0,7,35.42683875747025,,0,10.27749252319336,40901939200,82575360000,
llama3_8b_8k,devastator,common,/opt/hbv/trainir-h20-experiments/20260927-v1/runs/llama3_8b_8k/devastator/common/01,0,8,35.412314504384995,,0,10.822088241577148,40901939200,82575360000,
llama3_8b_8k,devastator,common,/opt/hbv/trainir-h20-experiments/20260927-v1/runs/llama3_8b_8k/devastator/common/01,0,9,35.391246570274234,,0,10.185380935668945,40901939200,82575360000,
llama3_8b_8k,devastator,common,/opt/hbv/trainir-h20-experiments/20260927-v1/runs/llama3_8b_8k/devastator/common/01,0,10,35.48479687515646,,0,10.85953140258789,40901939200,82575360000,
llama3_8b_8k,devastator,common,/opt/hbv/trainir-h20-experiments/20260927-v1/runs/llama3_8b_8k/devastator/common/01,1,1,89.93764360528439,,0,10.036710739135742,40901939200,68119691264,
llama3_8b_8k,devastator,common,/opt/hbv/trainir-h20-experiments/20260927-v1/runs/llama3_8b_8k/devastator/common/01,1,2,35.42026194743812,,0,10.187203407287598,40901939200,82340478976,
llama3_8b_8k,devastator,common,/opt/hbv/trainir-h20-experiments/20260927-v1/runs/llama3_8b_8k/devastator/common/01,1,3,35.41620724089444,,0,10.076184272766113,40901939200,82575360000,
llama3_8b_8k,devastator,common,/opt/hbv/trainir-h20-experiments/20260927-v1/runs/llama3_8b_8k/devastator/common/01,1,4,35.39431704301387,,0,10.632213592529297,40901939200,82575360000,
llama3_8b_8k,devastator,common,/opt/hbv/trainir-h20-experiments/20260927-v1/runs/llama3_8b_8k/devastator/common/01,1,5,35.39998017437756,,0,9.900208473205566,40901939200,82575360000,
llama3_8b_8k,devastator,common,/opt/hbv/trainir-h20-experiments/20260927-v1/runs/llama3_8b_8k/devastator/common/01,1,6,35.39404282066971,,0,10.061841011047363,40901939200,82575360000,
llama3_8b_8k,devastator,common,/opt/hbv/trainir-h20-experiments/20260927-v1/runs/llama3_8b_8k/devastator/common/01,1,7,35.42670389916748,,0,10.27749252319336,40901939200,82575360000,
llama3_8b_8k,devastator,common,/opt/hbv/trainir-h20-experiments/20260927-v1/runs/llama3_8b_8k/devastator/common/01,1,8,35.41228012368083,,0,10.822088241577148,40901939200,82575360000,
llama3_8b_8k,devastator,common,/opt/hbv/trainir-h20-experiments/20260927-v1/runs/llama3_8b_8k/devastator/common/01,1,9,35.391175609081984,,0,10.185380935668945,40901939200,82575360000,
llama3_8b_8k,devastator,common,/opt/hbv/trainir-h20-experiments/20260927-v1/runs/llama3_8b_8k/devastator/common/01,1,10,35.48461393173784,,0,10.85953140258789,40901939200,82575360000,
llama3_8b_8k,devastator,common,/opt/hbv/trainir-h20-experiments/20260927-v1/runs/llama3_8b_8k/devastator/common/01,2,1,89.8299244903028,,0,10.036710739135742,31580098560,46384807936,
llama3_8b_8k,devastator,common,/opt/hbv/trainir-h20-experiments/20260927-v1/runs/llama3_8b_8k/devastator/common/01,2,2,35.420516486279666,,0,10.187203407287598,31580098560,60597207040,
llama3_8b_8k,devastator,common,/opt/hbv/trainir-h20-experiments/20260927-v1/runs/llama3_8b_8k/devastator/common/01,2,3,35.41621919628233,,0,10.076184272766113,31580098560,60597207040,
llama3_8b_8k,devastator,common,/opt/hbv/trainir-h20-experiments/20260927-v1/runs/llama3_8b_8k/devastator/common/01,2,4,35.3945278218016,,0,10.632213592529297,31580098560,60597207040,
llama3_8b_8k,devastator,common,/opt/hbv/trainir-h20-experiments/20260927-v1/runs/llama3_8b_8k/devastator/common/01,2,5,35.40033261291683,,0,9.900208473205566,31580098560,60597207040,
llama3_8b_8k,devastator,common,/opt/hbv/trainir-h20-experiments/20260927-v1/runs/llama3_8b_8k/devastator/common/01,2,6,35.39424849767238,,0,10.061841011047363,31580098560,60597207040,
llama3_8b_8k,devastator,common,/opt/hbv/trainir-h20-experiments/20260927-v1/runs/llama3_8b_8k/devastator/common/01,2,7,35.4269635733217,,0,10.27749252319336,31580098560,60597207040,
llama3_8b_8k,devastator,common,/opt/hbv/trainir-h20-experiments/20260927-v1/runs/llama3_8b_8k/devastator/common/01,2,8,35.41231539007276,,0,10.822088241577148,31580098560,60597207040,
llama3_8b_8k,devastator,common,/opt/hbv/trainir-h20-experiments/20260927-v1/runs/llama3_8b_8k/devastator/common/01,2,9,35.39126038365066,,0,10.185380935668945,31580098560,60597207040,
llama3_8b_8k,devastator,common,/opt/hbv/trainir-h20-experiments/20260927-v1/runs/llama3_8b_8k/devastator/common/01,2,10,35.484967950731516,,0,10.85953140258789,31580098560,60597207040,
llama3_8b_8k,devastator,common,/opt/hbv/trainir-h20-experiments/20260927-v1/runs/llama3_8b_8k/devastator/common/01,3,1,89.93768538720906,,0,10.036710739135742,31580098560,46384807936,
llama3_8b_8k,devastator,common,/opt/hbv/trainir-h20-experiments/20260927-v1/runs/llama3_8b_8k/devastator/common/01,3,2,35.420405191369355,,0,10.187203407287598,31580098560,60597207040,
llama3_8b_8k,devastator,common,/opt/hbv/trainir-h20-experiments/20260927-v1/runs/llama3_8b_8k/devastator/common/01,3,3,35.41623101849109,,0,10.076184272766113,31580098560,60597207040,
llama3_8b_8k,devastator,common,/opt/hbv/trainir-h20-experiments/20260927-v1/runs/llama3_8b_8k/devastator/common/01,3,4,35.394296860322356,,0,10.632213592529297,31580098560,60597207040,
llama3_8b_8k,devastator,common,/opt/hbv/trainir-h20-experiments/20260927-v1/runs/llama3_8b_8k/devastator/common/01,3,5,35.40013733506203,,0,9.900208473205566,31580098560,60597207040,
llama3_8b_8k,devastator,common,/opt/hbv/trainir-h20-experiments/20260927-v1/runs/llama3_8b_8k/devastator/common/01,3,6,35.394229700788856,,0,10.061841011047363,31580098560,60597207040,
llama3_8b_8k,devastator,common,/opt/hbv/trainir-h20-experiments/20260927-v1/runs/llama3_8b_8k/devastator/common/01,3,7,35.42670062277466,,0,10.27749252319336,31580098560,60597207040,
llama3_8b_8k,devastator,common,/opt/hbv/trainir-h20-experiments/20260927-v1/runs/llama3_8b_8k/devastator/common/01,3,8,35.4122783401981,,0,10.822088241577148,31580098560,60597207040,
llama3_8b_8k,devastator,common,/opt/hbv/trainir-h20-experiments/20260927-v1/runs/llama3_8b_8k/devastator/common/01,3,9,35.39105015527457,,0,10.185380935668945,31580098560,60597207040,
llama3_8b_8k,devastator,common,/opt/hbv/trainir-h20-experiments/20260927-v1/runs/llama3_8b_8k/devastator/common/01,3,10,35.48468080256134,,0,10.85953140258789,31580098560,60597207040,
llama3_8b_8k,devastator,common,/opt/hbv/trainir-h20-experiments/20260927-v1/runs/llama3_8b_8k/devastator/common/01,4,1,89.82994433492422,,0,10.036710739135742,31580098560,37249613824,
llama3_8b_8k,devastator,common,/opt/hbv/trainir-h20-experiments/20260927-v1/runs/llama3_8b_8k/devastator/common/01,4,2,35.42090161703527,,0,10.187203407287598,31580098560,51258589184,
llama3_8b_8k,devastator,common,/opt/hbv/trainir-h20-experiments/20260927-v1/runs/llama3_8b_8k/devastator/common/01,4,3,35.41627594828606,,0,10.076184272766113,31580098560,51258589184,
llama3_8b_8k,devastator,common,/opt/hbv/trainir-h20-experiments/20260927-v1/runs/llama3_8b_8k/devastator/common/01,4,4,35.39455612003803,,0,10.632213592529297,31580098560,51258589184,
llama3_8b_8k,devastator,common,/opt/hbv/trainir-h20-experiments/20260927-v1/runs/llama3_8b_8k/devastator/common/01,4,5,35.40040138922632,,0,9.900208473205566,31580098560,51258589184,
llama3_8b_8k,devastator,common,/opt/hbv/trainir-h20-experiments/20260927-v1/runs/llama3_8b_8k/devastator/common/01,4,6,35.39442992489785,,0,10.061841011047363,31580098560,51258589184,
llama3_8b_8k,devastator,common,/opt/hbv/trainir-h20-experiments/20260927-v1/runs/llama3_8b_8k/devastator/common/01,4,7,35.42708056606352,,0,10.27749252319336,31580098560,51258589184,
llama3_8b_8k,devastator,common,/opt/hbv/trainir-h20-experiments/20260927-v1/runs/llama3_8b_8k/devastator/common/01,4,8,35.41228456702083,,0,10.822088241577148,31580098560,51258589184,
llama3_8b_8k,devastator,common,/opt/hbv/trainir-h20-experiments/20260927-v1/runs/llama3_8b_8k/devastator/common/01,4,9,35.39117603562772,,0,10.185380935668945,31580098560,51258589184,
llama3_8b_8k,devastator,common,/opt/hbv/trainir-h20-experiments/20260927-v1/runs/llama3_8b_8k/devastator/common/01,4,10,35.48502034973353,,0,10.85953140258789,31580098560,51258589184,
llama3_8b_8k,devastator,common,/opt/hbv/trainir-h20-experiments/20260927-v1/runs/llama3_8b_8k/devastator/common/01,5,1,89.93743145652115,,0,10.036710739135742,31580098560,37249613824,
llama3_8b_8k,devastator,common,/opt/hbv/trainir-h20-experiments/20260927-v1/runs/llama3_8b_8k/devastator/common/01,5,2,35.42013378906995,,0,10.187203407287598,31580098560,51258589184,
llama3_8b_8k,devastator,common,/opt/hbv/trainir-h20-experiments/20260927-v1/runs/llama3_8b_8k/devastator/common/01,5,3,35.41606532596052,,0,10.076184272766113,31580098560,51258589184,
llama3_8b_8k,devastator,common,/opt/hbv/trainir-h20-experiments/20260927-v1/runs/llama3_8b_8k/devastator/common/01,5,4,35.394247425720096,,0,10.632213592529297,31580098560,51258589184,
llama3_8b_8k,devastator,common,/opt/hbv/trainir-h20-experiments/20260927-v1/runs/llama3_8b_8k/devastator/common/01,5,5,35.400024875067174,,0,9.900208473205566,31580098560,51258589184,
llama3_8b_8k,devastator,common,/opt/hbv/trainir-h20-experiments/20260927-v1/runs/llama3_8b_8k/devastator/common/01,5,6,35.39414849691093,,0,10.061841011047363,31580098560,51258589184,
llama3_8b_8k,devastator,common,/opt/hbv/trainir-h20-experiments/20260927-v1/runs/llama3_8b_8k/devastator/common/01,5,7,35.42678797990084,,0,10.27749252319336,31580098560,51258589184,
llama3_8b_8k,devastator,common,/opt/hbv/trainir-h20-experiments/20260927-v1/runs/llama3_8b_8k/devastator/common/01,5,8,35.4120859047398,,0,10.822088241577148,31580098560,51258589184,
llama3_8b_8k,devastator,common,/opt/hbv/trainir-h20-experiments/20260927-v1/runs/llama3_8b_8k/devastator/common/01,5,9,35.39099684916437,,0,10.185380935668945,31580098560,51258589184,
llama3_8b_8k,devastator,common,/opt/hbv/trainir-h20-experiments/20260927-v1/runs/llama3_8b_8k/devastator/common/01,5,10,35.48449823819101,,0,10.85953140258789,31580098560,51258589184,
llama3_8b_8k,devastator,common,/opt/hbv/trainir-h20-experiments/20260927-v1/runs/llama3_8b_8k/devastator/common/01,6,1,89.93799406755716,11.94001579284668,0,10.036710739135742,41103340032,42710597632,
llama3_8b_8k,devastator,common,/opt/hbv/trainir-h20-experiments/20260927-v1/runs/llama3_8b_8k/devastator/common/01,6,2,35.42121407482773,11.946368217468262,0,10.187203407287598,41103341056,60901294080,
llama3_8b_8k,devastator,common,/opt/hbv/trainir-h20-experiments/20260927-v1/runs/llama3_8b_8k/devastator/common/01,6,3,35.416517549194396,11.93177604675293,0,10.076184272766113,41103341056,60901294080,
llama3_8b_8k,devastator,common,/opt/hbv/trainir-h20-experiments/20260927-v1/runs/llama3_8b_8k/devastator/common/01,6,4,35.394834394566715,11.927019119262695,0,10.632213592529297,41103341056,60901294080,
llama3_8b_8k,devastator,common,/opt/hbv/trainir-h20-experiments/20260927-v1/runs/llama3_8b_8k/devastator/common/01,6,5,35.40067089907825,11.908270835876465,0,9.900208473205566,41103341056,60901294080,
llama3_8b_8k,devastator,common,/opt/hbv/trainir-h20-experiments/20260927-v1/runs/llama3_8b_8k/devastator/common/01,6,6,35.394900997169316,11.89758014678955,0,10.061841011047363,41103341056,60901294080,
llama3_8b_8k,devastator,common,/opt/hbv/trainir-h20-experiments/20260927-v1/runs/llama3_8b_8k/devastator/common/01,6,7,35.42741797398776,11.84231185913086,0,10.27749252319336,41103341056,60901294080,
llama3_8b_8k,devastator,common,/opt/hbv/trainir-h20-experiments/20260927-v1/runs/llama3_8b_8k/devastator/common/01,6,8,35.41251127049327,11.813095092773438,0,10.822088241577148,41103341056,60901294080,
llama3_8b_8k,devastator,common,/opt/hbv/trainir-h20-experiments/20260927-v1/runs/llama3_8b_8k/devastator/common/01,6,9,35.39176888484508,11.812568664550781,0,10.185380935668945,41103341056,60901294080,
llama3_8b_8k,devastator,common,/opt/hbv/trainir-h20-experiments/20260927-v1/runs/llama3_8b_8k/devastator/common/01,6,10,35.48524049203843,11.79318618774414,0,10.85953140258789,41103341056,60901294080,
llama3_8b_8k,devastator,common,/opt/hbv/trainir-h20-experiments/20260927-v1/runs/llama3_8b_8k/devastator/common/01,7,1,89.93811079207808,11.94001579284668,0,10.036710739135742,41103340032,42710597632,
llama3_8b_8k,devastator,common,/opt/hbv/trainir-h20-experiments/20260927-v1/runs/llama3_8b_8k/devastator/common/01,7,2,35.42088807094842,11.946368217468262,0,10.187203407287598,41103341056,60901294080,
llama3_8b_8k,devastator,common,/opt/hbv/trainir-h20-experiments/20260927-v1/runs/llama3_8b_8k/devastator/common/01,7,3,35.416566383093596,11.93177604675293,0,10.076184272766113,41103341056,60901294080,
llama3_8b_8k,devastator,common,/opt/hbv/trainir-h20-experiments/20260927-v1/runs/llama3_8b_8k/devastator/common/01,7,4,35.394577886909246,11.927019119262695,0,10.632213592529297,41103341056,60901294080,
llama3_8b_8k,devastator,common,/opt/hbv/trainir-h20-experiments/20260927-v1/runs/llama3_8b_8k/devastator/common/01,7,5,35.400468786247075,11.908270835876465,0,9.900208473205566,41103341056,60901294080,
llama3_8b_8k,devastator,common,/opt/hbv/trainir-h20-experiments/20260927-v1/runs/llama3_8b_8k/devastator/common/01,7,6,35.394532192498446,11.89758014678955,0,10.061841011047363,41103341056,60901294080,
llama3_8b_8k,devastator,common,/opt/hbv/trainir-h20-experiments/20260927-v1/runs/llama3_8b_8k/devastator/common/01,7,7,35.42729670461267,11.84231185913086,0,10.27749252319336,41103341056,60901294080,
llama3_8b_8k,devastator,common,/opt/hbv/trainir-h20-experiments/20260927-v1/runs/llama3_8b_8k/devastator/common/01,7,8,35.41250333096832,11.813095092773438,0,10.822088241577148,41103341056,60901294080,
llama3_8b_8k,devastator,common,/opt/hbv/trainir-h20-experiments/20260927-v1/runs/llama3_8b_8k/devastator/common/01,7,9,35.39171764720231,11.812568664550781,0,10.185380935668945,41103341056,60901294080,
llama3_8b_8k,devastator,common,/opt/hbv/trainir-h20-experiments/20260927-v1/runs/llama3_8b_8k/devastator/common/01,7,10,35.48504990246147,11.79318618774414,0,10.85953140258789,41103341056,60901294080,
llama3_8b_8k,devastator,full,/opt/hbv/trainir-h20-experiments/20260927-v1/runs/llama3_8b_8k/devastator/full/01,0,1,65.03070360887796,,0,10.14163875579834,36590196224,82927681536,
llama3_8b_8k,devastator,full,/opt/hbv/trainir-h20-experiments/20260927-v1/runs/llama3_8b_8k/devastator/full/01,0,2,28.994573486037552,,0,10.271743774414062,36590196224,91018493952,
llama3_8b_8k,devastator,full,/opt/hbv/trainir-h20-experiments/20260927-v1/runs/llama3_8b_8k/devastator/full/01,0,3,29.056093187071383,,0,10.11874771118164,36590196224,91018493952,
llama3_8b_8k,devastator,full,/opt/hbv/trainir-h20-experiments/20260927-v1/runs/llama3_8b_8k/devastator/full/01,0,4,29.04020767007023,,0,10.61352252960205,36590196224,91018493952,
llama3_8b_8k,devastator,full,/opt/hbv/trainir-h20-experiments/20260927-v1/runs/llama3_8b_8k/devastator/full/01,0,5,29.045905141159892,,0,9.73396110534668,36590196224,91018493952,
llama3_8b_8k,devastator,full,/opt/hbv/trainir-h20-experiments/20260927-v1/runs/llama3_8b_8k/devastator/full/01,0,6,29.04415123257786,,0,9.995136260986328,36590196224,91018493952,
llama3_8b_8k,devastator,full,/opt/hbv/trainir-h20-experiments/20260927-v1/runs/llama3_8b_8k/devastator/full/01,0,7,29.073753620497882,,0,10.376941680908203,36590196224,91018493952,
llama3_8b_8k,devastator,full,/opt/hbv/trainir-h20-experiments/20260927-v1/runs/llama3_8b_8k/devastator/full/01,0,8,29.052768423222005,,0,10.72933578491211,36590196224,91018493952,
llama3_8b_8k,devastator,full,/opt/hbv/trainir-h20-experiments/20260927-v1/runs/llama3_8b_8k/devastator/full/01,0,9,29.05063644889742,,0,10.17393970489502,36590196224,91018493952,
llama3_8b_8k,devastator,full,/opt/hbv/trainir-h20-experiments/20260927-v1/runs/llama3_8b_8k/devastator/full/01,0,10,29.052393494173884,,0,10.78609848022461,36590196224,91018493952,
llama3_8b_8k,devastator,full,/opt/hbv/trainir-h20-experiments/20260927-v1/runs/llama3_8b_8k/devastator/full/01,1,1,65.00384084694088,,0,10.14163875579834,36589147648,82447433728,
llama3_8b_8k,devastator,full,/opt/hbv/trainir-h20-experiments/20260927-v1/runs/llama3_8b_8k/devastator/full/01,1,2,28.99484735634178,,0,10.271743774414062,36589147648,91125448704,
llama3_8b_8k,devastator,full,/opt/hbv/trainir-h20-experiments/20260927-v1/runs/llama3_8b_8k/devastator/full/01,1,3,29.05610099248588,,0,10.11874771118164,36589147648,91125448704,
llama3_8b_8k,devastator,full,/opt/hbv/trainir-h20-experiments/20260927-v1/runs/llama3_8b_8k/devastator/full/01,1,4,29.04006486479193,,0,10.61352252960205,36589147648,91125448704,
llama3_8b_8k,devastator,full,/opt/hbv/trainir-h20-experiments/20260927-v1/runs/llama3_8b_8k/devastator/full/01,1,5,29.045644018799067,,0,9.73396110534668,36589147648,91125448704,
llama3_8b_8k,devastator,full,/opt/hbv/trainir-h20-experiments/20260927-v1/runs/llama3_8b_8k/devastator/full/01,1,6,29.043874222785234,,0,9.995136260986328,36589147648,91125448704,
llama3_8b_8k,devastator,full,/opt/hbv/trainir-h20-experiments/20260927-v1/runs/llama3_8b_8k/devastator/full/01,1,7,29.073688415810466,,0,10.376941680908203,36589147648,91125448704,
llama3_8b_8k,devastator,full,/opt/hbv/trainir-h20-experiments/20260927-v1/runs/llama3_8b_8k/devastator/full/01,1,8,29.052879758179188,,0,10.72933578491211,36589147648,91125448704,
llama3_8b_8k,devastator,full,/opt/hbv/trainir-h20-experiments/20260927-v1/runs/llama3_8b_8k/devastator/full/01,1,9,29.050555371679366,,0,10.17393970489502,36589147648,91125448704,
llama3_8b_8k,devastator,full,/opt/hbv/trainir-h20-experiments/20260927-v1/runs/llama3_8b_8k/devastator/full/01,1,10,29.052459495142102,,0,10.78609848022461,36589147648,91125448704,
llama3_8b_8k,devastator,full,/opt/hbv/trainir-h20-experiments/20260927-v1/runs/llama3_8b_8k/devastator/full/01,2,1,65.03898487612605,,0,10.14163875579834,36589147648,82397102080,
llama3_8b_8k,devastator,full,/opt/hbv/trainir-h20-experiments/20260927-v1/runs/llama3_8b_8k/devastator/full/01,2,2,28.9947674786672,,0,10.271743774414062,36589147648,90437582848,
llama3_8b_8k,devastator,full,/opt/hbv/trainir-h20-experiments/20260927-v1/runs/llama3_8b_8k/devastator/full/01,2,3,29.055393860675395,,0,10.11874771118164,36589147648,90437582848,
llama3_8b_8k,devastator,full,/opt/hbv/trainir-h20-experiments/20260927-v1/runs/llama3_8b_8k/devastator/full/01,2,4,29.040159332565963,,0,10.61352252960205,36589147648,90437582848,
llama3_8b_8k,devastator,full,/opt/hbv/trainir-h20-experiments/20260927-v1/runs/llama3_8b_8k/devastator/full/01,2,5,29.04584768321365,,0,9.73396110534668,36589147648,90437582848,
llama3_8b_8k,devastator,full,/opt/hbv/trainir-h20-experiments/20260927-v1/runs/llama3_8b_8k/devastator/full/01,2,6,29.044204185716808,,0,9.995136260986328,36589147648,90437582848,
llama3_8b_8k,devastator,full,/opt/hbv/trainir-h20-experiments/20260927-v1/runs/llama3_8b_8k/devastator/full/01,2,7,29.073800747282803,,0,10.376941680908203,36589147648,90437582848,
llama3_8b_8k,devastator,full,/opt/hbv/trainir-h20-experiments/20260927-v1/runs/llama3_8b_8k/devastator/full/01,2,8,29.052849777042866,,0,10.72933578491211,36589147648,90437582848,
llama3_8b_8k,devastator,full,/opt/hbv/trainir-h20-experiments/20260927-v1/runs/llama3_8b_8k/devastator/full/01,2,9,29.05048229265958,,0,10.17393970489502,36589147648,90437582848,
llama3_8b_8k,devastator,full,/opt/hbv/trainir-h20-experiments/20260927-v1/runs/llama3_8b_8k/devastator/full/01,2,10,29.052471523173153,,0,10.78609848022461,36589147648,90907344896,
llama3_8b_8k,devastator,full,/opt/hbv/trainir-h20-experiments/20260927-v1/runs/llama3_8b_8k/devastator/full/01,3,1,65.02481200546026,,0,10.14163875579834,36592195072,85234548736,
llama3_8b_8k,devastator,full,/opt/hbv/trainir-h20-experiments/20260927-v1/runs/llama3_8b_8k/devastator/full/01,3,2,28.9945850353688,,0,10.271743774414062,36592195072,90741669888,
llama3_8b_8k,devastator,full,/opt/hbv/trainir-h20-experiments/20260927-v1/runs/llama3_8b_8k/devastator/full/01,3,3,29.056128405965865,,0,10.11874771118164,36592195072,90741669888,
llama3_8b_8k,devastator,full,/opt/hbv/trainir-h20-experiments/20260927-v1/runs/llama3_8b_8k/devastator/full/01,3,4,29.040280720219016,,0,10.61352252960205,36592195072,90741669888,
llama3_8b_8k,devastator,full,/opt/hbv/trainir-h20-experiments/20260927-v1/runs/llama3_8b_8k/devastator/full/01,3,5,29.045892095193267,,0,9.73396110534668,36592195072,90741669888,
llama3_8b_8k,devastator,full,/opt/hbv/trainir-h20-experiments/20260927-v1/runs/llama3_8b_8k/devastator/full/01,3,6,29.044220684096217,,0,9.995136260986328,36592195072,91211431936,
llama3_8b_8k,devastator,full,/opt/hbv/trainir-h20-experiments/20260927-v1/runs/llama3_8b_8k/devastator/full/01,3,7,29.07364302687347,,0,10.376941680908203,36592195072,91211431936,
llama3_8b_8k,devastator,full,/opt/hbv/trainir-h20-experiments/20260927-v1/runs/llama3_8b_8k/devastator/full/01,3,8,29.05306529905647,,0,10.72933578491211,36592195072,91211431936,
llama3_8b_8k,devastator,full,/opt/hbv/trainir-h20-experiments/20260927-v1/runs/llama3_8b_8k/devastator/full/01,3,9,29.049836023710668,,0,10.17393970489502,36592195072,91211431936,
llama3_8b_8k,devastator,full,/opt/hbv/trainir-h20-experiments/20260927-v1/runs/llama3_8b_8k/devastator/full/01,3,10,29.05241939239204,,0,10.78609848022461,36592195072,91211431936,
llama3_8b_8k,devastator,full,/opt/hbv/trainir-h20-experiments/20260927-v1/runs/llama3_8b_8k/devastator/full/01,4,1,65.03937637154013,12.001932144165039,0,10.14163875579834,36791523328,79299608576,
llama3_8b_8k,devastator,full,/opt/hbv/trainir-h20-experiments/20260927-v1/runs/llama3_8b_8k/devastator/full/01,4,2,28.995006944052875,12.018536567687988,0,10.271743774414062,36791524352,87704993792,
llama3_8b_8k,devastator,full,/opt/hbv/trainir-h20-experiments/20260927-v1/runs/llama3_8b_8k/devastator/full/01,4,3,29.056386291980743,12.001644134521484,0,10.11874771118164,36791524352,87704993792,
llama3_8b_8k,devastator,full,/opt/hbv/trainir-h20-experiments/20260927-v1/runs/llama3_8b_8k/devastator/full/01,4,4,29.04052991606295,12.003683090209961,0,10.61352252960205,36791524352,87704993792,
llama3_8b_8k,devastator,full,/opt/hbv/trainir-h20-experiments/20260927-v1/runs/llama3_8b_8k/devastator/full/01,4,5,29.046401286497712,11.975873947143555,0,9.73396110534668,36791524352,87704993792,
llama3_8b_8k,devastator,full,/opt/hbv/trainir-h20-experiments/20260927-v1/runs/llama3_8b_8k/devastator/full/01,4,6,29.044333275407553,11.977029800415039,0,9.995136260986328,36791524352,87704993792,
llama3_8b_8k,devastator,full,/opt/hbv/trainir-h20-experiments/20260927-v1/runs/llama3_8b_8k/devastator/full/01,4,7,29.07400413043797,11.911028861999512,0,10.376941680908203,36791524352,87704993792,
llama3_8b_8k,devastator,full,/opt/hbv/trainir-h20-experiments/20260927-v1/runs/llama3_8b_8k/devastator/full/01,4,8,29.05337130278349,11.870965957641602,0,10.72933578491211,36791524352,87704993792,
llama3_8b_8k,devastator,full,/opt/hbv/trainir-h20-experiments/20260927-v1/runs/llama3_8b_8k/devastator/full/01,4,9,29.051048488356173,11.877645492553711,0,10.17393970489502,36791524352,87704993792,
llama3_8b_8k,devastator,full,/opt/hbv/trainir-h20-experiments/20260927-v1/runs/llama3_8b_8k/devastator/full/01,4,10,29.052688280120492,11.867491722106934,0,10.78609848022461,36791524352,87704993792,
llama3_8b_8k,devastator,full,/opt/hbv/trainir-h20-experiments/20260927-v1/runs/llama3_8b_8k/devastator/full/01,5,1,65.03949622064829,12.001932144165039,0,10.14163875579834,36790511616,83525369856,
llama3_8b_8k,devastator,full,/opt/hbv/trainir-h20-experiments/20260927-v1/runs/llama3_8b_8k/devastator/full/01,5,2,28.995153507217765,12.018536567687988,0,10.271743774414062,36790512640,87728062464,
llama3_8b_8k,devastator,full,/opt/hbv/trainir-h20-experiments/20260927-v1/runs/llama3_8b_8k/devastator/full/01,5,3,29.056480104103684,12.001644134521484,0,10.11874771118164,36790512640,87728062464,
llama3_8b_8k,devastator,full,/opt/hbv/trainir-h20-experiments/20260927-v1/runs/llama3_8b_8k/devastator/full/01,5,4,29.040497572161257,12.003683090209961,0,10.61352252960205,36790512640,87728062464,
llama3_8b_8k,devastator,full,/opt/hbv/trainir-h20-experiments/20260927-v1/runs/llama3_8b_8k/devastator/full/01,5,5,29.046305750496686,11.975873947143555,0,9.73396110534668,36790512640,87728062464,
llama3_8b_8k,devastator,full,/opt/hbv/trainir-h20-experiments/20260927-v1/runs/llama3_8b_8k/devastator/full/01,5,6,29.044476891867816,11.977029800415039,0,9.995136260986328,36790512640,87728062464,
llama3_8b_8k,devastator,full,/opt/hbv/trainir-h20-experiments/20260927-v1/runs/llama3_8b_8k/devastator/full/01,5,7,29.073987176641822,11.911028861999512,0,10.376941680908203,36790512640,87728062464,
llama3_8b_8k,devastator,full,/opt/hbv/trainir-h20-experiments/20260927-v1/runs/llama3_8b_8k/devastator/full/01,5,8,29.05334656033665,11.870965957641602,0,10.72933578491211,36790512640,87728062464,
llama3_8b_8k,devastator,full,/opt/hbv/trainir-h20-experiments/20260927-v1/runs/llama3_8b_8k/devastator/full/01,5,9,29.05098320916295,11.877645492553711,0,10.17393970489502,36790512640,87728062464,
llama3_8b_8k,devastator,full,/opt/hbv/trainir-h20-experiments/20260927-v1/runs/llama3_8b_8k/devastator/full/01,5,10,29.052916353568435,11.867491722106934,0,10.78609848022461,36790512640,87728062464,
llama3_8b_8k,devastator,full,/opt/hbv/trainir-h20-experiments/20260927-v1/runs/llama3_8b_8k/devastator/full/01,6,1,65.04020462185144,12.001932144165039,0,10.14163875579834,36791531520,79146516480,
llama3_8b_8k,devastator,full,/opt/hbv/trainir-h20-experiments/20260927-v1/runs/llama3_8b_8k/devastator/full/01,6,2,28.99536732211709,12.018536567687988,0,10.271743774414062,36791532544,89653248000,
llama3_8b_8k,devastator,full,/opt/hbv/trainir-h20-experiments/20260927-v1/runs/llama3_8b_8k/devastator/full/01,6,3,29.056478089652956,12.001644134521484,0,10.11874771118164,36791532544,89653248000,
llama3_8b_8k,devastator,full,/opt/hbv/trainir-h20-experiments/20260927-v1/runs/llama3_8b_8k/devastator/full/01,6,4,29.040567437186837,12.003683090209961,0,10.61352252960205,36791532544,89653248000,
llama3_8b_8k,devastator,full,/opt/hbv/trainir-h20-experiments/20260927-v1/runs/llama3_8b_8k/devastator/full/01,6,5,29.04628595151007,11.975873947143555,0,9.73396110534668,36791532544,89653248000,
llama3_8b_8k,devastator,full,/opt/hbv/trainir-h20-experiments/20260927-v1/runs/llama3_8b_8k/devastator/full/01,6,6,29.0445657344535,11.977029800415039,0,9.995136260986328,36791532544,89653248000,
llama3_8b_8k,devastator,full,/opt/hbv/trainir-h20-experiments/20260927-v1/runs/llama3_8b_8k/devastator/full/01,6,7,29.07426343858242,11.911028861999512,0,10.376941680908203,36791532544,89653248000,
llama3_8b_8k,devastator,full,/opt/hbv/trainir-h20-experiments/20260927-v1/runs/llama3_8b_8k/devastator/full/01,6,8,29.05329029355198,11.870965957641602,0,10.72933578491211,36791532544,89653248000,
llama3_8b_8k,devastator,full,/opt/hbv/trainir-h20-experiments/20260927-v1/runs/llama3_8b_8k/devastator/full/01,6,9,29.050165134482086,11.877645492553711,0,10.17393970489502,36791532544,89653248000,
llama3_8b_8k,devastator,full,/opt/hbv/trainir-h20-experiments/20260927-v1/runs/llama3_8b_8k/devastator/full/01,6,10,29.052892779000103,11.867491722106934,0,10.78609848022461,36791532544,89653248000,
llama3_8b_8k,devastator,full,/opt/hbv/trainir-h20-experiments/20260927-v1/runs/llama3_8b_8k/devastator/full/01,7,1,65.03960240539163,12.001932144165039,0,10.14163875579834,36790511616,79236694016,
llama3_8b_8k,devastator,full,/opt/hbv/trainir-h20-experiments/20260927-v1/runs/llama3_8b_8k/devastator/full/01,7,2,28.995247122831643,12.018536567687988,0,10.271743774414062,36790512640,87642079232,
llama3_8b_8k,devastator,full,/opt/hbv/trainir-h20-experiments/20260927-v1/runs/llama3_8b_8k/devastator/full/01,7,3,29.055919473990798,12.001644134521484,0,10.11874771118164,36790512640,87642079232,
llama3_8b_8k,devastator,full,/opt/hbv/trainir-h20-experiments/20260927-v1/runs/llama3_8b_8k/devastator/full/01,7,4,29.040554369799793,12.003683090209961,0,10.61352252960205,36790512640,87642079232,
llama3_8b_8k,devastator,full,/opt/hbv/trainir-h20-experiments/20260927-v1/runs/llama3_8b_8k/devastator/full/01,7,5,29.046308360993862,11.975873947143555,0,9.73396110534668,36790512640,87642079232,
llama3_8b_8k,devastator,full,/opt/hbv/trainir-h20-experiments/20260927-v1/runs/llama3_8b_8k/devastator/full/01,7,6,29.044418768025935,11.977029800415039,0,9.995136260986328,36790512640,87642079232,
llama3_8b_8k,devastator,full,/opt/hbv/trainir-h20-experiments/20260927-v1/runs/llama3_8b_8k/devastator/full/01,7,7,29.07415195181966,11.911028861999512,0,10.376941680908203,36790512640,87642079232,
llama3_8b_8k,devastator,full,/opt/hbv/trainir-h20-experiments/20260927-v1/runs/llama3_8b_8k/devastator/full/01,7,8,29.053349745459855,11.870965957641602,0,10.72933578491211,36790512640,87642079232,
llama3_8b_8k,devastator,full,/opt/hbv/trainir-h20-experiments/20260927-v1/runs/llama3_8b_8k/devastator/full/01,7,9,29.0508605632931,11.877645492553711,0,10.17393970489502,36790512640,87642079232,
llama3_8b_8k,devastator,full,/opt/hbv/trainir-h20-experiments/20260927-v1/runs/llama3_8b_8k/devastator/full/01,7,10,29.052784617990255,11.867491722106934,0,10.78609848022461,36790512640,87642079232,
llama3_8b_8k,galvatron,common,/opt/hbv/trainir-h20-experiments/20260927-v1/runs/llama3_8b_8k/galvatron/common/01,0,1,48.50278451293707,11.974005818367004,0,13.597825695583134,24310285312,65808629760,9.817718381265238e-07
llama3_8b_8k,galvatron,common,/opt/hbv/trainir-h20-experiments/20260927-v1/runs/llama3_8b_8k/galvatron/common/01,0,2,33.63978693727404,11.984336495399475,0,13.851326757018171,24314480128,80348184576,9.206544616434248e-07
llama3_8b_8k,galvatron,common,/opt/hbv/trainir-h20-experiments/20260927-v1/runs/llama3_8b_8k/galvatron/common/01,0,3,33.64657608419657,11.846348404884338,0,13.715214788665133,24318674944,80348184576,8.225243592119499e-07
llama3_8b_8k,galvatron,common,/opt/hbv/trainir-h20-experiments/20260927-v1/runs/llama3_8b_8k/galvatron/common/01,0,4,33.6616099961102,11.689793884754181,0,14.444589963000638,24322869760,80348184576,6.971805834928398e-07
llama3_8b_8k,galvatron,common,/opt/hbv/trainir-h20-experiments/20260927-v1/runs/llama3_8b_8k/galvatron/common/01,0,5,33.657260255888104,11.61677348613739,0,13.412761680702461,24327064576,80348184576,5.571396837256635e-07
llama3_8b_8k,galvatron,common,/opt/hbv/trainir-h20-experiments/20260927-v1/runs/llama3_8b_8k/galvatron/common/01,0,6,33.64167778007686,11.507372617721558,0,13.941470277766953,24331259392,80348184576,4.1638583110227627e-07
llama3_8b_8k,galvatron,common,/opt/hbv/trainir-h20-experiments/20260927-v1/runs/llama3_8b_8k/galvatron/common/01,0,7,33.661042594350874,11.40763008594513,0,14.297835521012875,24335454208,80348184576,2.889743906929609e-07
llama3_8b_8k,galvatron,common,/opt/hbv/trainir-h20-experiments/20260927-v1/runs/llama3_8b_8k/galvatron/common/01,0,8,33.66924922261387,11.323424696922302,0,15.036471976562625,24339649024,80348184576,1.876283841110236e-07
llama3_8b_8k,galvatron,common,/opt/hbv/trainir-h20-experiments/20260927-v1/runs/llama3_8b_8k/galvatron/common/01,0,9,33.65138183534145,11.321003139019012,0,14.372277043395364,24343843840,80348184576,1.224679970165746e-07
llama3_8b_8k,galvatron,common,/opt/hbv/trainir-h20-experiments/20260927-v1/runs/llama3_8b_8k/galvatron/common/01,0,10,33.64932872541249,11.254806578159332,0,15.455440336215856,24348038656,80348184576,1e-07
llama3_8b_8k,galvatron,common,/opt/hbv/trainir-h20-experiments/20260927-v1/runs/llama3_8b_8k/galvatron/common/01,1,1,48.50143197737634,11.974005818367004,0,13.597825695583134,24310285312,65808629760,9.817718381265238e-07
llama3_8b_8k,galvatron,common,/opt/hbv/trainir-h20-experiments/20260927-v1/runs/llama3_8b_8k/galvatron/common/01,1,2,33.63923139963299,11.984336495399475,0,13.851326757018171,24314480128,80348184576,9.206544616434248e-07
llama3_8b_8k,galvatron,common,/opt/hbv/trainir-h20-experiments/20260927-v1/runs/llama3_8b_8k/galvatron/common/01,1,3,33.64605340361595,11.846348404884338,0,13.715214788665133,24318674944,80348184576,8.225243592119499e-07
llama3_8b_8k,galvatron,common,/opt/hbv/trainir-h20-experiments/20260927-v1/runs/llama3_8b_8k/galvatron/common/01,1,4,33.66110258642584,11.689793884754181,0,14.444589963000638,24322869760,80348184576,6.971805834928398e-07
llama3_8b_8k,galvatron,common,/opt/hbv/trainir-h20-experiments/20260927-v1/runs/llama3_8b_8k/galvatron/common/01,1,5,33.65671376604587,11.61677348613739,0,13.412761680702461,24327064576,80348184576,5.571396837256635e-07
llama3_8b_8k,galvatron,common,/opt/hbv/trainir-h20-experiments/20260927-v1/runs/llama3_8b_8k/galvatron/common/01,1,6,33.64108773134649,11.507372617721558,0,13.941470277766953,24331259392,80348184576,4.1638583110227627e-07
llama3_8b_8k,galvatron,common,/opt/hbv/trainir-h20-experiments/20260927-v1/runs/llama3_8b_8k/galvatron/common/01,1,7,33.66043918207288,11.40763008594513,0,14.297835521012875,24335454208,80348184576,2.889743906929609e-07
llama3_8b_8k,galvatron,common,/opt/hbv/trainir-h20-experiments/20260927-v1/runs/llama3_8b_8k/galvatron/common/01,1,8,33.66872300673276,11.323424696922302,0,15.036471976562625,24339649024,80348184576,1.876283841110236e-07
llama3_8b_8k,galvatron,common,/opt/hbv/trainir-h20-experiments/20260927-v1/runs/llama3_8b_8k/galvatron/common/01,1,9,33.65083143580705,11.321003139019012,0,14.372277043395364,24343843840,80348184576,1.224679970165746e-07
llama3_8b_8k,galvatron,common,/opt/hbv/trainir-h20-experiments/20260927-v1/runs/llama3_8b_8k/galvatron/common/01,1,10,33.648814539425075,11.254806578159332,0,15.455440336215856,24348038656,80348184576,1e-07
llama3_8b_8k,galvatron,common,/opt/hbv/trainir-h20-experiments/20260927-v1/runs/llama3_8b_8k/galvatron/common/01,2,1,48.50137902703136,11.974005818367004,0,13.597825695583134,24310285312,65808629760,9.817718381265238e-07
llama3_8b_8k,galvatron,common,/opt/hbv/trainir-h20-experiments/20260927-v1/runs/llama3_8b_8k/galvatron/common/01,2,2,33.63931371178478,11.984336495399475,0,13.851326757018171,24314480128,80348184576,9.206544616434248e-07
llama3_8b_8k,galvatron,common,/opt/hbv/trainir-h20-experiments/20260927-v1/runs/llama3_8b_8k/galvatron/common/01,2,3,33.646073035895824,11.846348404884338,0,13.715214788665133,24318674944,80348184576,8.225243592119499e-07
llama3_8b_8k,galvatron,common,/opt/hbv/trainir-h20-experiments/20260927-v1/runs/llama3_8b_8k/galvatron/common/01,2,4,33.66113218571991,11.689793884754181,0,14.444589963000638,24322869760,80348184576,6.971805834928398e-07
llama3_8b_8k,galvatron,common,/opt/hbv/trainir-h20-experiments/20260927-v1/runs/llama3_8b_8k/galvatron/common/01,2,5,33.656820226460695,11.61677348613739,0,13.412761680702461,24327064576,80348184576,5.571396837256635e-07
llama3_8b_8k,galvatron,common,/opt/hbv/trainir-h20-experiments/20260927-v1/runs/llama3_8b_8k/galvatron/common/01,2,6,33.64114553015679,11.507372617721558,0,13.941470277766953,24331259392,80348184576,4.1638583110227627e-07
llama3_8b_8k,galvatron,common,/opt/hbv/trainir-h20-experiments/20260927-v1/runs/llama3_8b_8k/galvatron/common/01,2,7,33.66047814767808,11.40763008594513,0,14.297835521012875,24335454208,80348184576,2.889743906929609e-07
llama3_8b_8k,galvatron,common,/opt/hbv/trainir-h20-experiments/20260927-v1/runs/llama3_8b_8k/galvatron/common/01,2,8,33.66874720621854,11.323424696922302,0,15.036471976562625,24339649024,80348184576,1.876283841110236e-07
llama3_8b_8k,galvatron,common,/opt/hbv/trainir-h20-experiments/20260927-v1/runs/llama3_8b_8k/galvatron/common/01,2,9,33.65086765959859,11.321003139019012,0,14.372277043395364,24343843840,80348184576,1.224679970165746e-07
llama3_8b_8k,galvatron,common,/opt/hbv/trainir-h20-experiments/20260927-v1/runs/llama3_8b_8k/galvatron/common/01,2,10,33.64887666795403,11.254806578159332,0,15.455440336215856,24348038656,80348184576,1e-07
llama3_8b_8k,galvatron,common,/opt/hbv/trainir-h20-experiments/20260927-v1/runs/llama3_8b_8k/galvatron/common/01,3,1,48.49619509279728,11.974005818367004,0,13.597825695583134,24310285312,65697480704,9.817718381265238e-07
llama3_8b_8k,galvatron,common,/opt/hbv/trainir-h20-experiments/20260927-v1/runs/llama3_8b_8k/galvatron/common/01,3,2,33.63927015848458,11.984336495399475,0,13.851326757018171,24314480128,80348184576,9.206544616434248e-07
llama3_8b_8k,galvatron,common,/opt/hbv/trainir-h20-experiments/20260927-v1/runs/llama3_8b_8k/galvatron/common/01,3,3,33.64616198744625,11.846348404884338,0,13.715214788665133,24318674944,80348184576,8.225243592119499e-07
llama3_8b_8k,galvatron,common,/opt/hbv/trainir-h20-experiments/20260927-v1/runs/llama3_8b_8k/galvatron/common/01,3,4,33.66111719980836,11.689793884754181,0,14.444589963000638,24322869760,80348184576,6.971805834928398e-07
llama3_8b_8k,galvatron,common,/opt/hbv/trainir-h20-experiments/20260927-v1/runs/llama3_8b_8k/galvatron/common/01,3,5,33.656804943457246,11.61677348613739,0,13.412761680702461,24327064576,80348184576,5.571396837256635e-07
llama3_8b_8k,galvatron,common,/opt/hbv/trainir-h20-experiments/20260927-v1/runs/llama3_8b_8k/galvatron/common/01,3,6,33.64118127524853,11.507372617721558,0,13.941470277766953,24331259392,80348184576,4.1638583110227627e-07
llama3_8b_8k,galvatron,common,/opt/hbv/trainir-h20-experiments/20260927-v1/runs/llama3_8b_8k/galvatron/common/01,3,7,33.660592403262854,11.40763008594513,0,14.297835521012875,24335454208,80348184576,2.889743906929609e-07
llama3_8b_8k,galvatron,common,/opt/hbv/trainir-h20-experiments/20260927-v1/runs/llama3_8b_8k/galvatron/common/01,3,8,33.6687619658187,11.323424696922302,0,15.036471976562625,24339649024,80348184576,1.876283841110236e-07
llama3_8b_8k,galvatron,common,/opt/hbv/trainir-h20-experiments/20260927-v1/runs/llama3_8b_8k/galvatron/common/01,3,9,33.65095583163202,11.321003139019012,0,14.372277043395364,24343843840,80348184576,1.224679970165746e-07
llama3_8b_8k,galvatron,common,/opt/hbv/trainir-h20-experiments/20260927-v1/runs/llama3_8b_8k/galvatron/common/01,3,10,33.64884962141514,11.254806578159332,0,15.455440336215856,24348038656,80348184576,1e-07
llama3_8b_8k,galvatron,common,/opt/hbv/trainir-h20-experiments/20260927-v1/runs/llama3_8b_8k/galvatron/common/01,4,1,48.49986814241856,11.974005818367004,0,13.597825695583134,24310285312,65655537664,9.817718381265238e-07
llama3_8b_8k,galvatron,common,/opt/hbv/trainir-h20-experiments/20260927-v1/runs/llama3_8b_8k/galvatron/common/01,4,2,33.639033291488886,11.984336495399475,0,13.851326757018171,24314480128,80306241536,9.206544616434248e-07
llama3_8b_8k,galvatron,common,/opt/hbv/trainir-h20-experiments/20260927-v1/runs/llama3_8b_8k/galvatron/common/01,4,3,33.645801913924515,11.846348404884338,0,13.715214788665133,24318674944,80306241536,8.225243592119499e-07
llama3_8b_8k,galvatron,common,/opt/hbv/trainir-h20-experiments/20260927-v1/runs/llama3_8b_8k/galvatron/common/01,4,4,33.66080202721059,11.689793884754181,0,14.444589963000638,24322869760,80306241536,6.971805834928398e-07
llama3_8b_8k,galvatron,common,/opt/hbv/trainir-h20-experiments/20260927-v1/runs/llama3_8b_8k/galvatron/common/01,4,5,33.6564931795001,11.61677348613739,0,13.412761680702461,24327064576,80306241536,5.571396837256635e-07
llama3_8b_8k,galvatron,common,/opt/hbv/trainir-h20-experiments/20260927-v1/runs/llama3_8b_8k/galvatron/common/01,4,6,33.64088874962181,11.507372617721558,0,13.941470277766953,24331259392,80306241536,4.1638583110227627e-07
llama3_8b_8k,galvatron,common,/opt/hbv/trainir-h20-experiments/20260927-v1/runs/llama3_8b_8k/galvatron/common/01,4,7,33.66021917574108,11.40763008594513,0,14.297835521012875,24335454208,80306241536,2.889743906929609e-07
llama3_8b_8k,galvatron,common,/opt/hbv/trainir-h20-experiments/20260927-v1/runs/llama3_8b_8k/galvatron/common/01,4,8,33.668475412763655,11.323424696922302,0,15.036471976562625,24339649024,80306241536,1.876283841110236e-07
llama3_8b_8k,galvatron,common,/opt/hbv/trainir-h20-experiments/20260927-v1/runs/llama3_8b_8k/galvatron/common/01,4,9,33.650592654943466,11.321003139019012,0,14.372277043395364,24343843840,80306241536,1.224679970165746e-07
llama3_8b_8k,galvatron,common,/opt/hbv/trainir-h20-experiments/20260927-v1/runs/llama3_8b_8k/galvatron/common/01,4,10,33.64851596020162,11.254806578159332,0,15.455440336215856,24348038656,80306241536,1e-07
llama3_8b_8k,galvatron,common,/opt/hbv/trainir-h20-experiments/20260927-v1/runs/llama3_8b_8k/galvatron/common/01,5,1,48.49990759417415,11.974005818367004,0,13.597825695583134,24310285312,65655537664,9.817718381265238e-07
llama3_8b_8k,galvatron,common,/opt/hbv/trainir-h20-experiments/20260927-v1/runs/llama3_8b_8k/galvatron/common/01,5,2,33.63906112592667,11.984336495399475,0,13.851326757018171,24314480128,80306241536,9.206544616434248e-07
llama3_8b_8k,galvatron,common,/opt/hbv/trainir-h20-experiments/20260927-v1/runs/llama3_8b_8k/galvatron/common/01,5,3,33.64585836417973,11.846348404884338,0,13.715214788665133,24318674944,80306241536,8.225243592119499e-07
llama3_8b_8k,galvatron,common,/opt/hbv/trainir-h20-experiments/20260927-v1/runs/llama3_8b_8k/galvatron/common/01,5,4,33.66088986210525,11.689793884754181,0,14.444589963000638,24322869760,80306241536,6.971805834928398e-07
llama3_8b_8k,galvatron,common,/opt/hbv/trainir-h20-experiments/20260927-v1/runs/llama3_8b_8k/galvatron/common/01,5,5,33.65657150838524,11.61677348613739,0,13.412761680702461,24327064576,80306241536,5.571396837256635e-07
llama3_8b_8k,galvatron,common,/opt/hbv/trainir-h20-experiments/20260927-v1/runs/llama3_8b_8k/galvatron/common/01,5,6,33.640911707654595,11.507372617721558,0,13.941470277766953,24331259392,80306241536,4.1638583110227627e-07
llama3_8b_8k,galvatron,common,/opt/hbv/trainir-h20-experiments/20260927-v1/runs/llama3_8b_8k/galvatron/common/01,5,7,33.66027310118079,11.40763008594513,0,14.297835521012875,24335454208,80306241536,2.889743906929609e-07
llama3_8b_8k,galvatron,common,/opt/hbv/trainir-h20-experiments/20260927-v1/runs/llama3_8b_8k/galvatron/common/01,5,8,33.668574115261436,11.323424696922302,0,15.036471976562625,24339649024,80306241536,1.876283841110236e-07
llama3_8b_8k,galvatron,common,/opt/hbv/trainir-h20-experiments/20260927-v1/runs/llama3_8b_8k/galvatron/common/01,5,9,33.65062074828893,11.321003139019012,0,14.372277043395364,24343843840,80306241536,1.224679970165746e-07
llama3_8b_8k,galvatron,common,/opt/hbv/trainir-h20-experiments/20260927-v1/runs/llama3_8b_8k/galvatron/common/01,5,10,33.64858209434897,11.254806578159332,0,15.455440336215856,24348038656,80306241536,1e-07
llama3_8b_8k,galvatron,common,/opt/hbv/trainir-h20-experiments/20260927-v1/runs/llama3_8b_8k/galvatron/common/01,6,1,48.499541752040386,11.974005818367004,0,13.597825695583134,24310285312,65655537664,9.817718381265238e-07
llama3_8b_8k,galvatron,common,/opt/hbv/trainir-h20-experiments/20260927-v1/runs/llama3_8b_8k/galvatron/common/01,6,2,33.6391568435356,11.984336495399475,0,13.851326757018171,24314480128,80306241536,9.206544616434248e-07
llama3_8b_8k,galvatron,common,/opt/hbv/trainir-h20-experiments/20260927-v1/runs/llama3_8b_8k/galvatron/common/01,6,3,33.645998664200306,11.846348404884338,0,13.715214788665133,24318674944,80306241536,8.225243592119499e-07
llama3_8b_8k,galvatron,common,/opt/hbv/trainir-h20-experiments/20260927-v1/runs/llama3_8b_8k/galvatron/common/01,6,4,33.66095845680684,11.689793884754181,0,14.444589963000638,24322869760,80306241536,6.971805834928398e-07
llama3_8b_8k,galvatron,common,/opt/hbv/trainir-h20-experiments/20260927-v1/runs/llama3_8b_8k/galvatron/common/01,6,5,33.65663315355778,11.61677348613739,0,13.412761680702461,24327064576,80306241536,5.571396837256635e-07
llama3_8b_8k,galvatron,common,/opt/hbv/trainir-h20-experiments/20260927-v1/runs/llama3_8b_8k/galvatron/common/01,6,6,33.64105374738574,11.507372617721558,0,13.941470277766953,24331259392,80306241536,4.1638583110227627e-07
llama3_8b_8k,galvatron,common,/opt/hbv/trainir-h20-experiments/20260927-v1/runs/llama3_8b_8k/galvatron/common/01,6,7,33.66038573347032,11.40763008594513,0,14.297835521012875,24335454208,80306241536,2.889743906929609e-07
llama3_8b_8k,galvatron,common,/opt/hbv/trainir-h20-experiments/20260927-v1/runs/llama3_8b_8k/galvatron/common/01,6,8,33.66864491067827,11.323424696922302,0,15.036471976562625,24339649024,80306241536,1.876283841110236e-07
llama3_8b_8k,galvatron,common,/opt/hbv/trainir-h20-experiments/20260927-v1/runs/llama3_8b_8k/galvatron/common/01,6,9,33.65074437018484,11.321003139019012,0,14.372277043395364,24343843840,80306241536,1.224679970165746e-07
llama3_8b_8k,galvatron,common,/opt/hbv/trainir-h20-experiments/20260927-v1/runs/llama3_8b_8k/galvatron/common/01,6,10,33.648688992485404,11.254806578159332,0,15.455440336215856,24348038656,80306241536,1e-07
llama3_8b_8k,galvatron,common,/opt/hbv/trainir-h20-experiments/20260927-v1/runs/llama3_8b_8k/galvatron/common/01,7,1,48.501119911670685,11.974005818367004,0,13.597825695583134,24310285312,65655537664,9.817718381265238e-07
llama3_8b_8k,galvatron,common,/opt/hbv/trainir-h20-experiments/20260927-v1/runs/llama3_8b_8k/galvatron/common/01,7,2,33.63932799175382,11.984336495399475,0,13.851326757018171,24314480128,80306241536,9.206544616434248e-07
llama3_8b_8k,galvatron,common,/opt/hbv/trainir-h20-experiments/20260927-v1/runs/llama3_8b_8k/galvatron/common/01,7,3,33.64607790950686,11.846348404884338,0,13.715214788665133,24318674944,80306241536,8.225243592119499e-07
llama3_8b_8k,galvatron,common,/opt/hbv/trainir-h20-experiments/20260927-v1/runs/llama3_8b_8k/galvatron/common/01,7,4,33.661101716570556,11.689793884754181,0,14.444589963000638,24322869760,80306241536,6.971805834928398e-07
llama3_8b_8k,galvatron,common,/opt/hbv/trainir-h20-experiments/20260927-v1/runs/llama3_8b_8k/galvatron/common/01,7,5,33.65683831181377,11.61677348613739,0,13.412761680702461,24327064576,80306241536,5.571396837256635e-07
llama3_8b_8k,galvatron,common,/opt/hbv/trainir-h20-experiments/20260927-v1/runs/llama3_8b_8k/galvatron/common/01,7,6,33.64109702408314,11.507372617721558,0,13.941470277766953,24331259392,80306241536,4.1638583110227627e-07
llama3_8b_8k,galvatron,common,/opt/hbv/trainir-h20-experiments/20260927-v1/runs/llama3_8b_8k/galvatron/common/01,7,7,33.66051125898957,11.40763008594513,0,14.297835521012875,24335454208,80306241536,2.889743906929609e-07
llama3_8b_8k,galvatron,common,/opt/hbv/trainir-h20-experiments/20260927-v1/runs/llama3_8b_8k/galvatron/common/01,7,8,33.66874451003969,11.323424696922302,0,15.036471976562625,24339649024,80306241536,1.876283841110236e-07
llama3_8b_8k,galvatron,common,/opt/hbv/trainir-h20-experiments/20260927-v1/runs/llama3_8b_8k/galvatron/common/01,7,9,33.65084756538272,11.321003139019012,0,14.372277043395364,24343843840,80306241536,1.224679970165746e-07
llama3_8b_8k,galvatron,common,/opt/hbv/trainir-h20-experiments/20260927-v1/runs/llama3_8b_8k/galvatron/common/01,7,10,33.648809417150915,11.254806578159332,0,15.455440336215856,24348038656,80306241536,1e-07
llama3_8b_8k,galvatron,full,/opt/hbv/trainir-h20-experiments/20260927-v1/runs/llama3_8b_8k/galvatron/full/01,0,1,43.1253724116832,11.970355927944183,0,10.809191600063114,30836675584,84024492032,9.817718381265238e-07
llama3_8b_8k,galvatron,full,/opt/hbv/trainir-h20-experiments/20260927-v1/runs/llama3_8b_8k/galvatron/full/01,0,2,33.12242939323187,11.960212647914886,0,10.955958545418369,30840870400,89542098944,9.206544616434248e-07
llama3_8b_8k,galvatron,full,/opt/hbv/trainir-h20-experiments/20260927-v1/runs/llama3_8b_8k/galvatron/full/01,0,3,33.13525720406324,11.815338611602783,0,11.028494255648639,30845065216,89542098944,8.225243592119499e-07
llama3_8b_8k,galvatron,full,/opt/hbv/trainir-h20-experiments/20260927-v1/runs/llama3_8b_8k/galvatron/full/01,0,4,33.12015441339463,11.645775556564331,0,11.663155236190443,30849260032,89542098944,6.971805834928398e-07
llama3_8b_8k,galvatron,full,/opt/hbv/trainir-h20-experiments/20260927-v1/runs/llama3_8b_8k/galvatron/full/01,0,5,33.11344629805535,11.574187517166138,0,10.711715658845554,30853454848,89542098944,5.571396837256635e-07
llama3_8b_8k,galvatron,full,/opt/hbv/trainir-h20-experiments/20260927-v1/runs/llama3_8b_8k/galvatron/full/01,0,6,33.02123726345599,11.461530685424805,0,11.271553246897973,30857649664,89542098944,4.1638583110227627e-07
llama3_8b_8k,galvatron,full,/opt/hbv/trainir-h20-experiments/20260927-v1/runs/llama3_8b_8k/galvatron/full/01,0,7,32.81062958389521,11.332754850387573,0,11.525644650913918,30861844480,89542098944,2.889743906929609e-07
llama3_8b_8k,galvatron,full,/opt/hbv/trainir-h20-experiments/20260927-v1/runs/llama3_8b_8k/galvatron/full/01,0,8,32.81150304060429,11.243448495864868,0,12.126136962439272,30866039296,89542098944,1.876283841110236e-07
llama3_8b_8k,galvatron,full,/opt/hbv/trainir-h20-experiments/20260927-v1/runs/llama3_8b_8k/galvatron/full/01,0,9,32.809553591534495,11.250709295272827,0,11.749150671597766,30870234112,89542098944,1.224679970165746e-07
llama3_8b_8k,galvatron,full,/opt/hbv/trainir-h20-experiments/20260927-v1/runs/llama3_8b_8k/galvatron/full/01,0,10,32.98123028036207,11.187619745731354,0,12.32160109878969,30874428928,89542098944,1e-07
llama3_8b_8k,galvatron,full,/opt/hbv/trainir-h20-experiments/20260927-v1/runs/llama3_8b_8k/galvatron/full/01,1,1,43.12408781051636,11.970355927944183,0,10.809191600063114,30836675584,84024492032,9.817718381265238e-07
llama3_8b_8k,galvatron,full,/opt/hbv/trainir-h20-experiments/20260927-v1/runs/llama3_8b_8k/galvatron/full/01,1,2,33.12162488885224,11.960212647914886,0,10.955958545418369,30840870400,89542098944,9.206544616434248e-07
llama3_8b_8k,galvatron,full,/opt/hbv/trainir-h20-experiments/20260927-v1/runs/llama3_8b_8k/galvatron/full/01,1,3,33.13442015461624,11.815338611602783,0,11.028494255648639,30845065216,89542098944,8.225243592119499e-07
llama3_8b_8k,galvatron,full,/opt/hbv/trainir-h20-experiments/20260927-v1/runs/llama3_8b_8k/galvatron/full/01,1,4,33.119331249035895,11.645775556564331,0,11.663155236190443,30849260032,89542098944,6.971805834928398e-07
llama3_8b_8k,galvatron,full,/opt/hbv/trainir-h20-experiments/20260927-v1/runs/llama3_8b_8k/galvatron/full/01,1,5,33.1126473993063,11.574187517166138,0,10.711715658845554,30853454848,89542098944,5.571396837256635e-07
llama3_8b_8k,galvatron,full,/opt/hbv/trainir-h20-experiments/20260927-v1/runs/llama3_8b_8k/galvatron/full/01,1,6,33.020344831980765,11.461530685424805,0,11.271553246897973,30857649664,89542098944,4.1638583110227627e-07
llama3_8b_8k,galvatron,full,/opt/hbv/trainir-h20-experiments/20260927-v1/runs/llama3_8b_8k/galvatron/full/01,1,7,32.80990994721651,11.332754850387573,0,11.525644650913918,30861844480,89542098944,2.889743906929609e-07
llama3_8b_8k,galvatron,full,/opt/hbv/trainir-h20-experiments/20260927-v1/runs/llama3_8b_8k/galvatron/full/01,1,8,32.81063683889806,11.243448495864868,0,12.126136962439272,30866039296,89542098944,1.876283841110236e-07
llama3_8b_8k,galvatron,full,/opt/hbv/trainir-h20-experiments/20260927-v1/runs/llama3_8b_8k/galvatron/full/01,1,9,32.8087879922241,11.250709295272827,0,11.749150671597766,30870234112,89542098944,1.224679970165746e-07
llama3_8b_8k,galvatron,full,/opt/hbv/trainir-h20-experiments/20260927-v1/runs/llama3_8b_8k/galvatron/full/01,1,10,32.98038569372147,11.187619745731354,0,12.32160109878969,30874428928,89542098944,1e-07
llama3_8b_8k,galvatron,full,/opt/hbv/trainir-h20-experiments/20260927-v1/runs/llama3_8b_8k/galvatron/full/01,2,1,43.120647243224084,11.970355927944183,0,10.809191600063114,30836675584,84156612608,9.817718381265238e-07
llama3_8b_8k,galvatron,full,/opt/hbv/trainir-h20-experiments/20260927-v1/runs/llama3_8b_8k/galvatron/full/01,2,2,33.12157213035971,11.960212647914886,0,10.955958545418369,30840870400,89674219520,9.206544616434248e-07
llama3_8b_8k,galvatron,full,/opt/hbv/trainir-h20-experiments/20260927-v1/runs/llama3_8b_8k/galvatron/full/01,2,3,33.13448133971542,11.815338611602783,0,11.028494255648639,30845065216,89674219520,8.225243592119499e-07
llama3_8b_8k,galvatron,full,/opt/hbv/trainir-h20-experiments/20260927-v1/runs/llama3_8b_8k/galvatron/full/01,2,4,33.11938432790339,11.645775556564331,0,11.663155236190443,30849260032,89674219520,6.971805834928398e-07
llama3_8b_8k,galvatron,full,/opt/hbv/trainir-h20-experiments/20260927-v1/runs/llama3_8b_8k/galvatron/full/01,2,5,33.11267503909767,11.574187517166138,0,10.711715658845554,30853454848,89674219520,5.571396837256635e-07
llama3_8b_8k,galvatron,full,/opt/hbv/trainir-h20-experiments/20260927-v1/runs/llama3_8b_8k/galvatron/full/01,2,6,33.020473442971706,11.461530685424805,0,11.271553246897973,30857649664,89674219520,4.1638583110227627e-07
llama3_8b_8k,galvatron,full,/opt/hbv/trainir-h20-experiments/20260927-v1/runs/llama3_8b_8k/galvatron/full/01,2,7,32.809842424467206,11.332754850387573,0,11.525644650913918,30861844480,89674219520,2.889743906929609e-07
llama3_8b_8k,galvatron,full,/opt/hbv/trainir-h20-experiments/20260927-v1/runs/llama3_8b_8k/galvatron/full/01,2,8,32.810663976706564,11.243448495864868,0,12.126136962439272,30866039296,89674219520,1.876283841110236e-07
llama3_8b_8k,galvatron,full,/opt/hbv/trainir-h20-experiments/20260927-v1/runs/llama3_8b_8k/galvatron/full/01,2,9,32.808799986727536,11.250709295272827,0,11.749150671597766,30870234112,89674219520,1.224679970165746e-07
llama3_8b_8k,galvatron,full,/opt/hbv/trainir-h20-experiments/20260927-v1/runs/llama3_8b_8k/galvatron/full/01,2,10,32.98039197642356,11.187619745731354,0,12.32160109878969,30874428928,89674219520,1e-07
llama3_8b_8k,galvatron,full,/opt/hbv/trainir-h20-experiments/20260927-v1/runs/llama3_8b_8k/galvatron/full/01,3,1,43.11282178387046,11.970355927944183,0,10.809191600063114,30836675584,84156612608,9.817718381265238e-07
llama3_8b_8k,galvatron,full,/opt/hbv/trainir-h20-experiments/20260927-v1/runs/llama3_8b_8k/galvatron/full/01,3,2,33.12156573217362,11.960212647914886,0,10.955958545418369,30840870400,89674219520,9.206544616434248e-07
llama3_8b_8k,galvatron,full,/opt/hbv/trainir-h20-experiments/20260927-v1/runs/llama3_8b_8k/galvatron/full/01,3,3,33.13447141367942,11.815338611602783,0,11.028494255648639,30845065216,89674219520,8.225243592119499e-07
llama3_8b_8k,galvatron,full,/opt/hbv/trainir-h20-experiments/20260927-v1/runs/llama3_8b_8k/galvatron/full/01,3,4,33.119384477846324,11.645775556564331,0,11.663155236190443,30849260032,89674219520,6.971805834928398e-07
llama3_8b_8k,galvatron,full,/opt/hbv/trainir-h20-experiments/20260927-v1/runs/llama3_8b_8k/galvatron/full/01,3,5,33.11266539245844,11.574187517166138,0,10.711715658845554,30853454848,89674219520,5.571396837256635e-07
llama3_8b_8k,galvatron,full,/opt/hbv/trainir-h20-experiments/20260927-v1/runs/llama3_8b_8k/galvatron/full/01,3,6,33.020402578637004,11.461530685424805,0,11.271553246897973,30857649664,89674219520,4.1638583110227627e-07
llama3_8b_8k,galvatron,full,/opt/hbv/trainir-h20-experiments/20260927-v1/runs/llama3_8b_8k/galvatron/full/01,3,7,32.80987331457436,11.332754850387573,0,11.525644650913918,30861844480,89674219520,2.889743906929609e-07
llama3_8b_8k,galvatron,full,/opt/hbv/trainir-h20-experiments/20260927-v1/runs/llama3_8b_8k/galvatron/full/01,3,8,32.810716047883034,11.243448495864868,0,12.126136962439272,30866039296,89674219520,1.876283841110236e-07
llama3_8b_8k,galvatron,full,/opt/hbv/trainir-h20-experiments/20260927-v1/runs/llama3_8b_8k/galvatron/full/01,3,9,32.80879038013518,11.250709295272827,0,11.749150671597766,30870234112,89674219520,1.224679970165746e-07
llama3_8b_8k,galvatron,full,/opt/hbv/trainir-h20-experiments/20260927-v1/runs/llama3_8b_8k/galvatron/full/01,3,10,32.98043103516102,11.187619745731354,0,12.32160109878969,30874428928,89674219520,1e-07
llama3_8b_8k,galvatron,full,/opt/hbv/trainir-h20-experiments/20260927-v1/runs/llama3_8b_8k/galvatron/full/01,4,1,43.122594863176346,11.970355927944183,0,10.809191600063114,30836675584,84156612608,9.817718381265238e-07
llama3_8b_8k,galvatron,full,/opt/hbv/trainir-h20-experiments/20260927-v1/runs/llama3_8b_8k/galvatron/full/01,4,2,33.12154754623771,11.960212647914886,0,10.955958545418369,30840870400,89674219520,9.206544616434248e-07
llama3_8b_8k,galvatron,full,/opt/hbv/trainir-h20-experiments/20260927-v1/runs/llama3_8b_8k/galvatron/full/01,4,3,33.134383958764374,11.815338611602783,0,11.028494255648639,30845065216,89674219520,8.225243592119499e-07
llama3_8b_8k,galvatron,full,/opt/hbv/trainir-h20-experiments/20260927-v1/runs/llama3_8b_8k/galvatron/full/01,4,4,33.119306216947734,11.645775556564331,0,11.663155236190443,30849260032,89674219520,6.971805834928398e-07
llama3_8b_8k,galvatron,full,/opt/hbv/trainir-h20-experiments/20260927-v1/runs/llama3_8b_8k/galvatron/full/01,4,5,33.112603191286325,11.574187517166138,0,10.711715658845554,30853454848,89674219520,5.571396837256635e-07
llama3_8b_8k,galvatron,full,/opt/hbv/trainir-h20-experiments/20260927-v1/runs/llama3_8b_8k/galvatron/full/01,4,6,33.020339887589216,11.461530685424805,0,11.271553246897973,30857649664,89674219520,4.1638583110227627e-07
llama3_8b_8k,galvatron,full,/opt/hbv/trainir-h20-experiments/20260927-v1/runs/llama3_8b_8k/galvatron/full/01,4,7,32.80978896841407,11.332754850387573,0,11.525644650913918,30861844480,89674219520,2.889743906929609e-07
llama3_8b_8k,galvatron,full,/opt/hbv/trainir-h20-experiments/20260927-v1/runs/llama3_8b_8k/galvatron/full/01,4,8,32.810610285028815,11.243448495864868,0,12.126136962439272,30866039296,89674219520,1.876283841110236e-07
llama3_8b_8k,galvatron,full,/opt/hbv/trainir-h20-experiments/20260927-v1/runs/llama3_8b_8k/galvatron/full/01,4,9,32.80872284807265,11.250709295272827,0,11.749150671597766,30870234112,89674219520,1.224679970165746e-07
llama3_8b_8k,galvatron,full,/opt/hbv/trainir-h20-experiments/20260927-v1/runs/llama3_8b_8k/galvatron/full/01,4,10,32.980425412766635,11.187619745731354,0,12.32160109878969,30874428928,89674219520,1e-07
llama3_8b_8k,galvatron,full,/opt/hbv/trainir-h20-experiments/20260927-v1/runs/llama3_8b_8k/galvatron/full/01,5,1,43.12273146491498,11.970355927944183,0,10.809191600063114,30836675584,84156612608,9.817718381265238e-07
llama3_8b_8k,galvatron,full,/opt/hbv/trainir-h20-experiments/20260927-v1/runs/llama3_8b_8k/galvatron/full/01,5,2,33.12144702952355,11.960212647914886,0,10.955958545418369,30840870400,89674219520,9.206544616434248e-07
llama3_8b_8k,galvatron,full,/opt/hbv/trainir-h20-experiments/20260927-v1/runs/llama3_8b_8k/galvatron/full/01,5,3,33.134352625347674,11.815338611602783,0,11.028494255648639,30845065216,89674219520,8.225243592119499e-07
llama3_8b_8k,galvatron,full,/opt/hbv/trainir-h20-experiments/20260927-v1/runs/llama3_8b_8k/galvatron/full/01,5,4,33.11926248576492,11.645775556564331,0,11.663155236190443,30849260032,89674219520,6.971805834928398e-07
llama3_8b_8k,galvatron,full,/opt/hbv/trainir-h20-experiments/20260927-v1/runs/llama3_8b_8k/galvatron/full/01,5,5,33.11253720149398,11.574187517166138,0,10.711715658845554,30853454848,89674219520,5.571396837256635e-07
llama3_8b_8k,galvatron,full,/opt/hbv/trainir-h20-experiments/20260927-v1/runs/llama3_8b_8k/galvatron/full/01,5,6,33.02033167053014,11.461530685424805,0,11.271553246897973,30857649664,89674219520,4.1638583110227627e-07
llama3_8b_8k,galvatron,full,/opt/hbv/trainir-h20-experiments/20260927-v1/runs/llama3_8b_8k/galvatron/full/01,5,7,32.809774161316454,11.332754850387573,0,11.525644650913918,30861844480,89674219520,2.889743906929609e-07
llama3_8b_8k,galvatron,full,/opt/hbv/trainir-h20-experiments/20260927-v1/runs/llama3_8b_8k/galvatron/full/01,5,8,32.81064375024289,11.243448495864868,0,12.126136962439272,30866039296,89674219520,1.876283841110236e-07
llama3_8b_8k,galvatron,full,/opt/hbv/trainir-h20-experiments/20260927-v1/runs/llama3_8b_8k/galvatron/full/01,5,9,32.80866553261876,11.250709295272827,0,11.749150671597766,30870234112,89674219520,1.224679970165746e-07
llama3_8b_8k,galvatron,full,/opt/hbv/trainir-h20-experiments/20260927-v1/runs/llama3_8b_8k/galvatron/full/01,5,10,32.98031366337091,11.187619745731354,0,12.32160109878969,30874428928,89674219520,1e-07
llama3_8b_8k,galvatron,full,/opt/hbv/trainir-h20-experiments/20260927-v1/runs/llama3_8b_8k/galvatron/full/01,6,1,43.12281250860542,11.970355927944183,0,10.809191600063114,30836675584,84156612608,9.817718381265238e-07
llama3_8b_8k,galvatron,full,/opt/hbv/trainir-h20-experiments/20260927-v1/runs/llama3_8b_8k/galvatron/full/01,6,2,33.12139433436096,11.960212647914886,0,10.955958545418369,30840870400,89674219520,9.206544616434248e-07
llama3_8b_8k,galvatron,full,/opt/hbv/trainir-h20-experiments/20260927-v1/runs/llama3_8b_8k/galvatron/full/01,6,3,33.134336004033685,11.815338611602783,0,11.028494255648639,30845065216,89674219520,8.225243592119499e-07
llama3_8b_8k,galvatron,full,/opt/hbv/trainir-h20-experiments/20260927-v1/runs/llama3_8b_8k/galvatron/full/01,6,4,33.11917448975146,11.645775556564331,0,11.663155236190443,30849260032,89674219520,6.971805834928398e-07
llama3_8b_8k,galvatron,full,/opt/hbv/trainir-h20-experiments/20260927-v1/runs/llama3_8b_8k/galvatron/full/01,6,5,33.11251338850707,11.574187517166138,0,10.711715658845554,30853454848,89674219520,5.571396837256635e-07
llama3_8b_8k,galvatron,full,/opt/hbv/trainir-h20-experiments/20260927-v1/runs/llama3_8b_8k/galvatron/full/01,6,6,33.020263556391,11.461530685424805,0,11.271553246897973,30857649664,89674219520,4.1638583110227627e-07
llama3_8b_8k,galvatron,full,/opt/hbv/trainir-h20-experiments/20260927-v1/runs/llama3_8b_8k/galvatron/full/01,6,7,32.80967096798122,11.332754850387573,0,11.525644650913918,30861844480,89674219520,2.889743906929609e-07
llama3_8b_8k,galvatron,full,/opt/hbv/trainir-h20-experiments/20260927-v1/runs/llama3_8b_8k/galvatron/full/01,6,8,32.81057536136359,11.243448495864868,0,12.126136962439272,30866039296,89674219520,1.876283841110236e-07
llama3_8b_8k,galvatron,full,/opt/hbv/trainir-h20-experiments/20260927-v1/runs/llama3_8b_8k/galvatron/full/01,6,9,32.80858126375824,11.250709295272827,0,11.749150671597766,30870234112,89674219520,1.224679970165746e-07
llama3_8b_8k,galvatron,full,/opt/hbv/trainir-h20-experiments/20260927-v1/runs/llama3_8b_8k/galvatron/full/01,6,10,32.98025291506201,11.187619745731354,0,12.32160109878969,30874428928,89674219520,1e-07
llama3_8b_8k,galvatron,full,/opt/hbv/trainir-h20-experiments/20260927-v1/runs/llama3_8b_8k/galvatron/full/01,7,1,43.12282327655703,11.970355927944183,0,10.809191600063114,30836675584,84156612608,9.817718381265238e-07
llama3_8b_8k,galvatron,full,/opt/hbv/trainir-h20-experiments/20260927-v1/runs/llama3_8b_8k/galvatron/full/01,7,2,33.12173302657902,11.960212647914886,0,10.955958545418369,30840870400,89674219520,9.206544616434248e-07
llama3_8b_8k,galvatron,full,/opt/hbv/trainir-h20-experiments/20260927-v1/runs/llama3_8b_8k/galvatron/full/01,7,3,33.13463282585144,11.815338611602783,0,11.028494255648639,30845065216,89674219520,8.225243592119499e-07
llama3_8b_8k,galvatron,full,/opt/hbv/trainir-h20-experiments/20260927-v1/runs/llama3_8b_8k/galvatron/full/01,7,4,33.11954316496849,11.645775556564331,0,11.663155236190443,30849260032,89674219520,6.971805834928398e-07
llama3_8b_8k,galvatron,full,/opt/hbv/trainir-h20-experiments/20260927-v1/runs/llama3_8b_8k/galvatron/full/01,7,5,33.112824969924986,11.574187517166138,0,10.711715658845554,30853454848,89674219520,5.571396837256635e-07
llama3_8b_8k,galvatron,full,/opt/hbv/trainir-h20-experiments/20260927-v1/runs/llama3_8b_8k/galvatron/full/01,7,6,33.02063371799886,11.461530685424805,0,11.271553246897973,30857649664,89674219520,4.1638583110227627e-07
llama3_8b_8k,galvatron,full,/opt/hbv/trainir-h20-experiments/20260927-v1/runs/llama3_8b_8k/galvatron/full/01,7,7,32.81000225711614,11.332754850387573,0,11.525644650913918,30861844480,89674219520,2.889743906929609e-07
llama3_8b_8k,galvatron,full,/opt/hbv/trainir-h20-experiments/20260927-v1/runs/llama3_8b_8k/galvatron/full/01,7,8,32.81090710684657,11.243448495864868,0,12.126136962439272,30866039296,89674219520,1.876283841110236e-07
llama3_8b_8k,galvatron,full,/opt/hbv/trainir-h20-experiments/20260927-v1/runs/llama3_8b_8k/galvatron/full/01,7,9,32.808956095948815,11.250709295272827,0,11.749150671597766,30870234112,89674219520,1.224679970165746e-07
llama3_8b_8k,galvatron,full,/opt/hbv/trainir-h20-experiments/20260927-v1/runs/llama3_8b_8k/galvatron/full/01,7,10,32.980583127588034,11.187619745731354,0,12.32160109878969,30874428928,89674219520,1e-07
qwen2_1p5b_32k,devastator,common,/opt/hbv/trainir-h20-experiments/20260927-v1/runs/qwen2_1p5b_32k/devastator/common/01,0,1,157.42108621448278,,0,8.819313049316406,10154391552,76596379648,
qwen2_1p5b_32k,devastator,common,/opt/hbv/trainir-h20-experiments/20260927-v1/runs/qwen2_1p5b_32k/devastator/common/01,0,2,92.12171509675682,,0,8.476042747497559,10154391552,80857792512,
qwen2_1p5b_32k,devastator,common,/opt/hbv/trainir-h20-experiments/20260927-v1/runs/qwen2_1p5b_32k/devastator/common/01,0,3,92.23085619043559,,0,8.717642784118652,10154391552,80857792512,
qwen2_1p5b_32k,devastator,common,/opt/hbv/trainir-h20-experiments/20260927-v1/runs/qwen2_1p5b_32k/devastator/common/01,0,4,92.34449827857316,,0,8.624515533447266,10154391552,80857792512,
qwen2_1p5b_32k,devastator,common,/opt/hbv/trainir-h20-experiments/20260927-v1/runs/qwen2_1p5b_32k/devastator/common/01,0,5,92.03660849295557,,0,8.816178321838379,10154391552,80857792512,
qwen2_1p5b_32k,devastator,common,/opt/hbv/trainir-h20-experiments/20260927-v1/runs/qwen2_1p5b_32k/devastator/common/01,0,6,86.28895100299269,,0,8.34572696685791,10154391552,80857792512,
qwen2_1p5b_32k,devastator,common,/opt/hbv/trainir-h20-experiments/20260927-v1/runs/qwen2_1p5b_32k/devastator/common/01,0,7,84.54808987863362,,0,8.532214164733887,10154391552,80857792512,
qwen2_1p5b_32k,devastator,common,/opt/hbv/trainir-h20-experiments/20260927-v1/runs/qwen2_1p5b_32k/devastator/common/01,0,8,84.44621222745627,,0,8.128728866577148,10154391552,80857792512,
qwen2_1p5b_32k,devastator,common,/opt/hbv/trainir-h20-experiments/20260927-v1/runs/qwen2_1p5b_32k/devastator/common/01,0,9,84.70762897934765,,0,8.139129638671875,10154391552,80857792512,
qwen2_1p5b_32k,devastator,common,/opt/hbv/trainir-h20-experiments/20260927-v1/runs/qwen2_1p5b_32k/devastator/common/01,0,10,84.49051862955093,,0,8.56365966796875,10154391552,80857792512,
qwen2_1p5b_32k,devastator,common,/opt/hbv/trainir-h20-experiments/20260927-v1/runs/qwen2_1p5b_32k/devastator/common/01,1,1,157.5820975722745,,0,8.819313049316406,10154391552,76596379648,
qwen2_1p5b_32k,devastator,common,/opt/hbv/trainir-h20-experiments/20260927-v1/runs/qwen2_1p5b_32k/devastator/common/01,1,2,92.12316030263901,,0,8.476042747497559,10154391552,80857792512,
qwen2_1p5b_32k,devastator,common,/opt/hbv/trainir-h20-experiments/20260927-v1/runs/qwen2_1p5b_32k/devastator/common/01,1,3,92.23088873550296,,0,8.717642784118652,10154391552,80857792512,
qwen2_1p5b_32k,devastator,common,/opt/hbv/trainir-h20-experiments/20260927-v1/runs/qwen2_1p5b_32k/devastator/common/01,1,4,92.34306898154318,,0,8.624515533447266,10154391552,80857792512,
qwen2_1p5b_32k,devastator,common,/opt/hbv/trainir-h20-experiments/20260927-v1/runs/qwen2_1p5b_32k/devastator/common/01,1,5,92.0346650602296,,0,8.816178321838379,10154391552,80857792512,
qwen2_1p5b_32k,devastator,common,/opt/hbv/trainir-h20-experiments/20260927-v1/runs/qwen2_1p5b_32k/devastator/common/01,1,6,86.28854274004698,,0,8.34572696685791,10154391552,80857792512,
qwen2_1p5b_32k,devastator,common,/opt/hbv/trainir-h20-experiments/20260927-v1/runs/qwen2_1p5b_32k/devastator/common/01,1,7,84.54764514695853,,0,8.532214164733887,10154391552,80857792512,
qwen2_1p5b_32k,devastator,common,/opt/hbv/trainir-h20-experiments/20260927-v1/runs/qwen2_1p5b_32k/devastator/common/01,1,8,84.44541286863387,,0,8.128728866577148,10154391552,80857792512,
qwen2_1p5b_32k,devastator,common,/opt/hbv/trainir-h20-experiments/20260927-v1/runs/qwen2_1p5b_32k/devastator/common/01,1,9,84.70755494851619,,0,8.139129638671875,10154391552,80857792512,
qwen2_1p5b_32k,devastator,common,/opt/hbv/trainir-h20-experiments/20260927-v1/runs/qwen2_1p5b_32k/devastator/common/01,1,10,84.49010594189167,,0,8.56365966796875,10154391552,80857792512,
qwen2_1p5b_32k,devastator,common,/opt/hbv/trainir-h20-experiments/20260927-v1/runs/qwen2_1p5b_32k/devastator/common/01,2,1,157.42058297246695,,0,8.819313049316406,6156433408,56977522688,
qwen2_1p5b_32k,devastator,common,/opt/hbv/trainir-h20-experiments/20260927-v1/runs/qwen2_1p5b_32k/devastator/common/01,2,2,92.12295838166028,,0,8.476042747497559,6156433408,60500738048,
qwen2_1p5b_32k,devastator,common,/opt/hbv/trainir-h20-experiments/20260927-v1/runs/qwen2_1p5b_32k/devastator/common/01,2,3,92.23021068051457,,0,8.717642784118652,6156433408,60500738048,
qwen2_1p5b_32k,devastator,common,/opt/hbv/trainir-h20-experiments/20260927-v1/runs/qwen2_1p5b_32k/devastator/common/01,2,4,92.34400910139084,,0,8.624515533447266,6156433408,60500738048,
qwen2_1p5b_32k,devastator,common,/opt/hbv/trainir-h20-experiments/20260927-v1/runs/qwen2_1p5b_32k/devastator/common/01,2,5,92.03633328806609,,0,8.816178321838379,6156433408,60500738048,
qwen2_1p5b_32k,devastator,common,/opt/hbv/trainir-h20-experiments/20260927-v1/runs/qwen2_1p5b_32k/devastator/common/01,2,6,86.28898988850415,,0,8.34572696685791,6156433408,60500738048,
qwen2_1p5b_32k,devastator,common,/opt/hbv/trainir-h20-experiments/20260927-v1/runs/qwen2_1p5b_32k/devastator/common/01,2,7,84.54849615693092,,0,8.532214164733887,6156433408,60500738048,
qwen2_1p5b_32k,devastator,common,/opt/hbv/trainir-h20-experiments/20260927-v1/runs/qwen2_1p5b_32k/devastator/common/01,2,8,84.44592708535492,,0,8.128728866577148,6156433408,60500738048,
qwen2_1p5b_32k,devastator,common,/opt/hbv/trainir-h20-experiments/20260927-v1/runs/qwen2_1p5b_32k/devastator/common/01,2,9,84.70740045793355,,0,8.139129638671875,6156433408,60500738048,
qwen2_1p5b_32k,devastator,common,/opt/hbv/trainir-h20-experiments/20260927-v1/runs/qwen2_1p5b_32k/devastator/common/01,2,10,84.49013842921704,,0,8.56365966796875,6156433408,60500738048,
qwen2_1p5b_32k,devastator,common,/opt/hbv/trainir-h20-experiments/20260927-v1/runs/qwen2_1p5b_32k/devastator/common/01,3,1,157.58195156790316,,0,8.819313049316406,6156433408,56977522688,
qwen2_1p5b_32k,devastator,common,/opt/hbv/trainir-h20-experiments/20260927-v1/runs/qwen2_1p5b_32k/devastator/common/01,3,2,92.12148777488619,,0,8.476042747497559,6156433408,60500738048,
qwen2_1p5b_32k,devastator,common,/opt/hbv/trainir-h20-experiments/20260927-v1/runs/qwen2_1p5b_32k/devastator/common/01,3,3,92.2308031655848,,0,8.717642784118652,6156433408,60500738048,
qwen2_1p5b_32k,devastator,common,/opt/hbv/trainir-h20-experiments/20260927-v1/runs/qwen2_1p5b_32k/devastator/common/01,3,4,92.34436591621488,,0,8.624515533447266,6156433408,60500738048,
qwen2_1p5b_32k,devastator,common,/opt/hbv/trainir-h20-experiments/20260927-v1/runs/qwen2_1p5b_32k/devastator/common/01,3,5,92.03622670378536,,0,8.816178321838379,6156433408,60500738048,
qwen2_1p5b_32k,devastator,common,/opt/hbv/trainir-h20-experiments/20260927-v1/runs/qwen2_1p5b_32k/devastator/common/01,3,6,86.28848485834897,,0,8.34572696685791,6156433408,60500738048,
qwen2_1p5b_32k,devastator,common,/opt/hbv/trainir-h20-experiments/20260927-v1/runs/qwen2_1p5b_32k/devastator/common/01,3,7,84.54816471785307,,0,8.532214164733887,6156433408,60500738048,
qwen2_1p5b_32k,devastator,common,/opt/hbv/trainir-h20-experiments/20260927-v1/runs/qwen2_1p5b_32k/devastator/common/01,3,8,84.44521689135581,,0,8.128728866577148,6156433408,60500738048,
qwen2_1p5b_32k,devastator,common,/opt/hbv/trainir-h20-experiments/20260927-v1/runs/qwen2_1p5b_32k/devastator/common/01,3,9,84.70740532875061,,0,8.139129638671875,6156433408,60500738048,
qwen2_1p5b_32k,devastator,common,/opt/hbv/trainir-h20-experiments/20260927-v1/runs/qwen2_1p5b_32k/devastator/common/01,3,10,84.49003152828664,,0,8.56365966796875,6156433408,60500738048,
qwen2_1p5b_32k,devastator,common,/opt/hbv/trainir-h20-experiments/20260927-v1/runs/qwen2_1p5b_32k/devastator/common/01,4,1,157.42091202083975,,0,8.819313049316406,6156433408,40181432320,
qwen2_1p5b_32k,devastator,common,/opt/hbv/trainir-h20-experiments/20260927-v1/runs/qwen2_1p5b_32k/devastator/common/01,4,2,92.12303129211068,,0,8.476042747497559,6156433408,43704647680,
qwen2_1p5b_32k,devastator,common,/opt/hbv/trainir-h20-experiments/20260927-v1/runs/qwen2_1p5b_32k/devastator/common/01,4,3,92.22975767962635,,0,8.717642784118652,6156433408,43704647680,
qwen2_1p5b_32k,devastator,common,/opt/hbv/trainir-h20-experiments/20260927-v1/runs/qwen2_1p5b_32k/devastator/common/01,4,4,92.34429089166224,,0,8.624515533447266,6156433408,43704647680,
qwen2_1p5b_32k,devastator,common,/opt/hbv/trainir-h20-experiments/20260927-v1/runs/qwen2_1p5b_32k/devastator/common/01,4,5,92.03642354067415,,0,8.816178321838379,6156433408,43704647680,
qwen2_1p5b_32k,devastator,common,/opt/hbv/trainir-h20-experiments/20260927-v1/runs/qwen2_1p5b_32k/devastator/common/01,4,6,86.28900772891939,,0,8.34572696685791,6156433408,43704647680,
qwen2_1p5b_32k,devastator,common,/opt/hbv/trainir-h20-experiments/20260927-v1/runs/qwen2_1p5b_32k/devastator/common/01,4,7,84.5487092891708,,0,8.532214164733887,6156433408,43704647680,
qwen2_1p5b_32k,devastator,common,/opt/hbv/trainir-h20-experiments/20260927-v1/runs/qwen2_1p5b_32k/devastator/common/01,4,8,84.44615810830146,,0,8.128728866577148,6156433408,43704647680,
qwen2_1p5b_32k,devastator,common,/opt/hbv/trainir-h20-experiments/20260927-v1/runs/qwen2_1p5b_32k/devastator/common/01,4,9,84.70741804689169,,0,8.139129638671875,6156433408,43704647680,
qwen2_1p5b_32k,devastator,common,/opt/hbv/trainir-h20-experiments/20260927-v1/runs/qwen2_1p5b_32k/devastator/common/01,4,10,84.4904325408861,,0,8.56365966796875,6156433408,43704647680,
qwen2_1p5b_32k,devastator,common,/opt/hbv/trainir-h20-experiments/20260927-v1/runs/qwen2_1p5b_32k/devastator/common/01,5,1,157.582181237638,,0,8.819313049316406,6156433408,40181432320,
qwen2_1p5b_32k,devastator,common,/opt/hbv/trainir-h20-experiments/20260927-v1/runs/qwen2_1p5b_32k/devastator/common/01,5,2,92.12180877383798,,0,8.476042747497559,6156433408,43704647680,
qwen2_1p5b_32k,devastator,common,/opt/hbv/trainir-h20-experiments/20260927-v1/runs/qwen2_1p5b_32k/devastator/common/01,5,3,92.2314770501107,,0,8.717642784118652,6156433408,43704647680,
qwen2_1p5b_32k,devastator,common,/opt/hbv/trainir-h20-experiments/20260927-v1/runs/qwen2_1p5b_32k/devastator/common/01,5,4,92.34431385993958,,0,8.624515533447266,6156433408,43704647680,
qwen2_1p5b_32k,devastator,common,/opt/hbv/trainir-h20-experiments/20260927-v1/runs/qwen2_1p5b_32k/devastator/common/01,5,5,92.036202179268,,0,8.816178321838379,6156433408,43704647680,
qwen2_1p5b_32k,devastator,common,/opt/hbv/trainir-h20-experiments/20260927-v1/runs/qwen2_1p5b_32k/devastator/common/01,5,6,86.28850343078375,,0,8.34572696685791,6156433408,43704647680,
qwen2_1p5b_32k,devastator,common,/opt/hbv/trainir-h20-experiments/20260927-v1/runs/qwen2_1p5b_32k/devastator/common/01,5,7,84.54829141683877,,0,8.532214164733887,6156433408,43704647680,
qwen2_1p5b_32k,devastator,common,/opt/hbv/trainir-h20-experiments/20260927-v1/runs/qwen2_1p5b_32k/devastator/common/01,5,8,84.44534851703793,,0,8.128728866577148,6156433408,43704647680,
qwen2_1p5b_32k,devastator,common,/opt/hbv/trainir-h20-experiments/20260927-v1/runs/qwen2_1p5b_32k/devastator/common/01,5,9,84.70748498477042,,0,8.139129638671875,6156433408,43704647680,
qwen2_1p5b_32k,devastator,common,/opt/hbv/trainir-h20-experiments/20260927-v1/runs/qwen2_1p5b_32k/devastator/common/01,5,10,84.49010018259287,,0,8.56365966796875,6156433408,43704647680,
qwen2_1p5b_32k,devastator,common,/opt/hbv/trainir-h20-experiments/20260927-v1/runs/qwen2_1p5b_32k/devastator/common/01,6,1,157.5828010784462,12.004399299621582,0,8.819313049316406,10424946176,73710698496,
qwen2_1p5b_32k,devastator,common,/opt/hbv/trainir-h20-experiments/20260927-v1/runs/qwen2_1p5b_32k/devastator/common/01,6,2,92.12339703086764,12.007160186767578,0,8.476042747497559,10424947200,73712795648,
qwen2_1p5b_32k,devastator,common,/opt/hbv/trainir-h20-experiments/20260927-v1/runs/qwen2_1p5b_32k/devastator/common/01,6,3,92.23145242128521,12.004443168640137,0,8.717642784118652,10424947200,73712795648,
qwen2_1p5b_32k,devastator,common,/opt/hbv/trainir-h20-experiments/20260927-v1/runs/qwen2_1p5b_32k/devastator/common/01,6,4,92.3448530593887,12.003368377685547,0,8.624515533447266,10424947200,73712795648,
qwen2_1p5b_32k,devastator,common,/opt/hbv/trainir-h20-experiments/20260927-v1/runs/qwen2_1p5b_32k/devastator/common/01,6,5,92.0370639404282,11.99019718170166,0,8.816178321838379,10424947200,73712795648,
qwen2_1p5b_32k,devastator,common,/opt/hbv/trainir-h20-experiments/20260927-v1/runs/qwen2_1p5b_32k/devastator/common/01,6,6,86.28978620003909,11.984660148620605,0,8.34572696685791,10424947200,73712795648,
qwen2_1p5b_32k,devastator,common,/opt/hbv/trainir-h20-experiments/20260927-v1/runs/qwen2_1p5b_32k/devastator/common/01,6,7,84.54918528255075,11.951713562011719,0,8.532214164733887,10424947200,73712795648,
qwen2_1p5b_32k,devastator,common,/opt/hbv/trainir-h20-experiments/20260927-v1/runs/qwen2_1p5b_32k/devastator/common/01,6,8,84.44649924896657,11.946409225463867,0,8.128728866577148,10424947200,73712795648,
qwen2_1p5b_32k,devastator,common,/opt/hbv/trainir-h20-experiments/20260927-v1/runs/qwen2_1p5b_32k/devastator/common/01,6,9,84.70813505165279,11.945207595825195,0,8.139129638671875,10424947200,73712795648,
qwen2_1p5b_32k,devastator,common,/opt/hbv/trainir-h20-experiments/20260927-v1/runs/qwen2_1p5b_32k/devastator/common/01,6,10,84.49104304425418,11.946470260620117,0,8.56365966796875,10424947200,73712795648,
qwen2_1p5b_32k,devastator,common,/opt/hbv/trainir-h20-experiments/20260927-v1/runs/qwen2_1p5b_32k/devastator/common/01,7,1,157.58324220962822,12.004399299621582,0,8.819313049316406,10424946176,73710698496,
qwen2_1p5b_32k,devastator,common,/opt/hbv/trainir-h20-experiments/20260927-v1/runs/qwen2_1p5b_32k/devastator/common/01,7,2,92.12302669230849,12.007160186767578,0,8.476042747497559,10424947200,73712795648,
qwen2_1p5b_32k,devastator,common,/opt/hbv/trainir-h20-experiments/20260927-v1/runs/qwen2_1p5b_32k/devastator/common/01,7,3,92.23180825542659,12.004443168640137,0,8.717642784118652,10424947200,73712795648,
qwen2_1p5b_32k,devastator,common,/opt/hbv/trainir-h20-experiments/20260927-v1/runs/qwen2_1p5b_32k/devastator/common/01,7,4,92.34466860536486,12.003368377685547,0,8.624515533447266,10424947200,73712795648,
qwen2_1p5b_32k,devastator,common,/opt/hbv/trainir-h20-experiments/20260927-v1/runs/qwen2_1p5b_32k/devastator/common/01,7,5,92.03689438849688,11.99019718170166,0,8.816178321838379,10424947200,73712795648,
qwen2_1p5b_32k,devastator,common,/opt/hbv/trainir-h20-experiments/20260927-v1/runs/qwen2_1p5b_32k/devastator/common/01,7,6,86.28935190849006,11.984660148620605,0,8.34572696685791,10424947200,73712795648,
qwen2_1p5b_32k,devastator,common,/opt/hbv/trainir-h20-experiments/20260927-v1/runs/qwen2_1p5b_32k/devastator/common/01,7,7,84.54893865901977,11.951713562011719,0,8.532214164733887,10424947200,73712795648,
qwen2_1p5b_32k,devastator,common,/opt/hbv/trainir-h20-experiments/20260927-v1/runs/qwen2_1p5b_32k/devastator/common/01,7,8,84.4461982762441,11.946409225463867,0,8.128728866577148,10424947200,73712795648,
qwen2_1p5b_32k,devastator,common,/opt/hbv/trainir-h20-experiments/20260927-v1/runs/qwen2_1p5b_32k/devastator/common/01,7,9,84.70814664568752,11.945207595825195,0,8.139129638671875,10424947200,73712795648,
qwen2_1p5b_32k,devastator,common,/opt/hbv/trainir-h20-experiments/20260927-v1/runs/qwen2_1p5b_32k/devastator/common/01,7,10,84.49067660328001,11.946470260620117,0,8.56365966796875,10424947200,73712795648,
qwen2_1p5b_32k,devastator,full,/opt/hbv/trainir-h20-experiments/20260927-v1/runs/qwen2_1p5b_32k/devastator/full/01,0,1,118.10068746842444,11.997241973876953,0,9.604928970336914,27923046912,76592185344,
qwen2_1p5b_32k,devastator,full,/opt/hbv/trainir-h20-experiments/20260927-v1/runs/qwen2_1p5b_32k/devastator/full/01,0,2,65.65425374545157,12.001843452453613,0,8.967755317687988,27923047936,86549463040,
qwen2_1p5b_32k,devastator,full,/opt/hbv/trainir-h20-experiments/20260927-v1/runs/qwen2_1p5b_32k/devastator/full/01,0,3,64.23692075442523,11.996731758117676,0,9.264129638671875,27923047936,86549463040,
qwen2_1p5b_32k,devastator,full,/opt/hbv/trainir-h20-experiments/20260927-v1/runs/qwen2_1p5b_32k/devastator/full/01,0,4,64.47397556528449,12.000160217285156,0,9.362105369567871,27923047936,86549463040,
qwen2_1p5b_32k,devastator,full,/opt/hbv/trainir-h20-experiments/20260927-v1/runs/qwen2_1p5b_32k/devastator/full/01,0,5,64.88661295454949,11.980045318603516,0,9.430461883544922,27923047936,86549463040,
qwen2_1p5b_32k,devastator,full,/opt/hbv/trainir-h20-experiments/20260927-v1/runs/qwen2_1p5b_32k/devastator/full/01,0,6,64.6020249882713,11.97642993927002,0,8.995378494262695,27923047936,86549463040,
qwen2_1p5b_32k,devastator,full,/opt/hbv/trainir-h20-experiments/20260927-v1/runs/qwen2_1p5b_32k/devastator/full/01,0,7,64.67606896627694,11.939854621887207,0,9.424635887145996,27923047936,86549463040,
qwen2_1p5b_32k,devastator,full,/opt/hbv/trainir-h20-experiments/20260927-v1/runs/qwen2_1p5b_32k/devastator/full/01,0,8,64.67820831760764,11.936415672302246,0,8.705739974975586,27923047936,86549463040,
qwen2_1p5b_32k,devastator,full,/opt/hbv/trainir-h20-experiments/20260927-v1/runs/qwen2_1p5b_32k/devastator/full/01,0,9,64.65898922458291,11.927522659301758,0,8.955827713012695,27923047936,86549463040,
qwen2_1p5b_32k,devastator,full,/opt/hbv/trainir-h20-experiments/20260927-v1/runs/qwen2_1p5b_32k/devastator/full/01,0,10,68.52066346909851,11.930519104003906,0,9.183693885803223,27923047936,86549463040,
qwen2_1p5b_32k,devastator,full,/opt/hbv/trainir-h20-experiments/20260927-v1/runs/qwen2_1p5b_32k/devastator/full/01,1,1,118.10069764684886,11.997241973876953,0,9.604928970336914,27923046912,76619448320,
qwen2_1p5b_32k,devastator,full,/opt/hbv/trainir-h20-experiments/20260927-v1/runs/qwen2_1p5b_32k/devastator/full/01,1,2,65.65425605420023,12.001843452453613,0,8.967755317687988,27923047936,86576726016,
qwen2_1p5b_32k,devastator,full,/opt/hbv/trainir-h20-experiments/20260927-v1/runs/qwen2_1p5b_32k/devastator/full/01,1,3,64.23693201038986,11.996731758117676,0,9.264129638671875,27923047936,86576726016,
qwen2_1p5b_32k,devastator,full,/opt/hbv/trainir-h20-experiments/20260927-v1/runs/qwen2_1p5b_32k/devastator/full/01,1,4,64.4739796295762,12.000160217285156,0,9.362105369567871,27923047936,86576726016,
qwen2_1p5b_32k,devastator,full,/opt/hbv/trainir-h20-experiments/20260927-v1/runs/qwen2_1p5b_32k/devastator/full/01,1,5,64.88665311876684,11.980045318603516,0,9.430461883544922,27923047936,86576726016,
qwen2_1p5b_32k,devastator,full,/opt/hbv/trainir-h20-experiments/20260927-v1/runs/qwen2_1p5b_32k/devastator/full/01,1,6,64.60197597928345,11.97642993927002,0,8.995378494262695,27923047936,86576726016,
qwen2_1p5b_32k,devastator,full,/opt/hbv/trainir-h20-experiments/20260927-v1/runs/qwen2_1p5b_32k/devastator/full/01,1,7,64.67604614980519,11.939854621887207,0,9.424635887145996,27923047936,86576726016,
qwen2_1p5b_32k,devastator,full,/opt/hbv/trainir-h20-experiments/20260927-v1/runs/qwen2_1p5b_32k/devastator/full/01,1,8,64.67840800341219,11.936415672302246,0,8.705739974975586,27923047936,86576726016,
qwen2_1p5b_32k,devastator,full,/opt/hbv/trainir-h20-experiments/20260927-v1/runs/qwen2_1p5b_32k/devastator/full/01,1,9,64.65900134015828,11.927522659301758,0,8.955827713012695,27923047936,86576726016,
qwen2_1p5b_32k,devastator,full,/opt/hbv/trainir-h20-experiments/20260927-v1/runs/qwen2_1p5b_32k/devastator/full/01,1,10,68.52120391093194,11.930519104003906,0,9.183693885803223,27923047936,86576726016,
qwen2_1p5b_32k,devastator,full,/opt/hbv/trainir-h20-experiments/20260927-v1/runs/qwen2_1p5b_32k/devastator/full/01,2,1,118.10071042180061,11.997241973876953,0,9.604928970336914,27923046912,76397150208,
qwen2_1p5b_32k,devastator,full,/opt/hbv/trainir-h20-experiments/20260927-v1/runs/qwen2_1p5b_32k/devastator/full/01,2,2,65.65421980060637,12.001843452453613,0,8.967755317687988,27923047936,86356525056,
qwen2_1p5b_32k,devastator,full,/opt/hbv/trainir-h20-experiments/20260927-v1/runs/qwen2_1p5b_32k/devastator/full/01,2,3,64.23688249383122,11.996731758117676,0,9.264129638671875,27923047936,86356525056,
qwen2_1p5b_32k,devastator,full,/opt/hbv/trainir-h20-experiments/20260927-v1/runs/qwen2_1p5b_32k/devastator/full/01,2,4,64.47399726044387,12.000160217285156,0,9.362105369567871,27923047936,86356525056,
qwen2_1p5b_32k,devastator,full,/opt/hbv/trainir-h20-experiments/20260927-v1/runs/qwen2_1p5b_32k/devastator/full/01,2,5,64.88668385520577,11.980045318603516,0,9.430461883544922,27923047936,86356525056,
qwen2_1p5b_32k,devastator,full,/opt/hbv/trainir-h20-experiments/20260927-v1/runs/qwen2_1p5b_32k/devastator/full/01,2,6,64.60197263304144,11.97642993927002,0,8.995378494262695,27923047936,86356525056,
qwen2_1p5b_32k,devastator,full,/opt/hbv/trainir-h20-experiments/20260927-v1/runs/qwen2_1p5b_32k/devastator/full/01,2,7,64.67601061612368,11.939854621887207,0,9.424635887145996,27923047936,86356525056,
qwen2_1p5b_32k,devastator,full,/opt/hbv/trainir-h20-experiments/20260927-v1/runs/qwen2_1p5b_32k/devastator/full/01,2,8,64.67831310536712,11.936415672302246,0,8.705739974975586,27923047936,86356525056,
qwen2_1p5b_32k,devastator,full,/opt/hbv/trainir-h20-experiments/20260927-v1/runs/qwen2_1p5b_32k/devastator/full/01,2,9,64.65905037987977,11.927522659301758,0,8.955827713012695,27923047936,86356525056,
qwen2_1p5b_32k,devastator,full,/opt/hbv/trainir-h20-experiments/20260927-v1/runs/qwen2_1p5b_32k/devastator/full/01,2,10,68.52167645096779,11.930519104003906,0,9.183693885803223,27923047936,86356525056,
qwen2_1p5b_32k,devastator,full,/opt/hbv/trainir-h20-experiments/20260927-v1/runs/qwen2_1p5b_32k/devastator/full/01,3,1,118.10086260922253,11.997241973876953,0,9.604928970336914,27923046912,75965136896,
qwen2_1p5b_32k,devastator,full,/opt/hbv/trainir-h20-experiments/20260927-v1/runs/qwen2_1p5b_32k/devastator/full/01,3,2,65.65435651130974,12.001843452453613,0,8.967755317687988,27923047936,85924511744,
qwen2_1p5b_32k,devastator,full,/opt/hbv/trainir-h20-experiments/20260927-v1/runs/qwen2_1p5b_32k/devastator/full/01,3,3,64.23688329476863,11.996731758117676,0,9.264129638671875,27923047936,85924511744,
qwen2_1p5b_32k,devastator,full,/opt/hbv/trainir-h20-experiments/20260927-v1/runs/qwen2_1p5b_32k/devastator/full/01,3,4,64.47400605026633,12.000160217285156,0,9.362105369567871,27923047936,85924511744,
qwen2_1p5b_32k,devastator,full,/opt/hbv/trainir-h20-experiments/20260927-v1/runs/qwen2_1p5b_32k/devastator/full/01,3,5,64.88673241715878,11.980045318603516,0,9.430461883544922,27923047936,85924511744,
qwen2_1p5b_32k,devastator,full,/opt/hbv/trainir-h20-experiments/20260927-v1/runs/qwen2_1p5b_32k/devastator/full/01,3,6,64.60206351522356,11.97642993927002,0,8.995378494262695,27923047936,85924511744,
qwen2_1p5b_32k,devastator,full,/opt/hbv/trainir-h20-experiments/20260927-v1/runs/qwen2_1p5b_32k/devastator/full/01,3,7,64.67602631822228,11.939854621887207,0,9.424635887145996,27923047936,85924511744,
qwen2_1p5b_32k,devastator,full,/opt/hbv/trainir-h20-experiments/20260927-v1/runs/qwen2_1p5b_32k/devastator/full/01,3,8,64.67845899052918,11.936415672302246,0,8.705739974975586,27923047936,85924511744,
qwen2_1p5b_32k,devastator,full,/opt/hbv/trainir-h20-experiments/20260927-v1/runs/qwen2_1p5b_32k/devastator/full/01,3,9,64.65902679786086,11.927522659301758,0,8.955827713012695,27923047936,85924511744,
qwen2_1p5b_32k,devastator,full,/opt/hbv/trainir-h20-experiments/20260927-v1/runs/qwen2_1p5b_32k/devastator/full/01,3,10,68.52029848471284,11.930519104003906,0,9.183693885803223,27923047936,85924511744,
qwen2_1p5b_32k,devastator,full,/opt/hbv/trainir-h20-experiments/20260927-v1/runs/qwen2_1p5b_32k/devastator/full/01,4,1,118.10070417635143,11.997241973876953,0,9.604928970336914,27923046912,76374081536,
qwen2_1p5b_32k,devastator,full,/opt/hbv/trainir-h20-experiments/20260927-v1/runs/qwen2_1p5b_32k/devastator/full/01,4,2,65.654475688003,12.001843452453613,0,8.967755317687988,27923047936,86331359232,
qwen2_1p5b_32k,devastator,full,/opt/hbv/trainir-h20-experiments/20260927-v1/runs/qwen2_1p5b_32k/devastator/full/01,4,3,64.2369648097083,11.996731758117676,0,9.264129638671875,27923047936,86331359232,
qwen2_1p5b_32k,devastator,full,/opt/hbv/trainir-h20-experiments/20260927-v1/runs/qwen2_1p5b_32k/devastator/full/01,4,4,64.47407476231456,12.000160217285156,0,9.362105369567871,27923047936,86331359232,
qwen2_1p5b_32k,devastator,full,/opt/hbv/trainir-h20-experiments/20260927-v1/runs/qwen2_1p5b_32k/devastator/full/01,4,5,64.88670585118234,11.980045318603516,0,9.430461883544922,27923047936,86331359232,
qwen2_1p5b_32k,devastator,full,/opt/hbv/trainir-h20-experiments/20260927-v1/runs/qwen2_1p5b_32k/devastator/full/01,4,6,64.6025320570916,11.97642993927002,0,8.995378494262695,27923047936,86331359232,
qwen2_1p5b_32k,devastator,full,/opt/hbv/trainir-h20-experiments/20260927-v1/runs/qwen2_1p5b_32k/devastator/full/01,4,7,64.6762207467109,11.939854621887207,0,9.424635887145996,27923047936,86331359232,
qwen2_1p5b_32k,devastator,full,/opt/hbv/trainir-h20-experiments/20260927-v1/runs/qwen2_1p5b_32k/devastator/full/01,4,8,64.67845059931278,11.936415672302246,0,8.705739974975586,27923047936,86331359232,
qwen2_1p5b_32k,devastator,full,/opt/hbv/trainir-h20-experiments/20260927-v1/runs/qwen2_1p5b_32k/devastator/full/01,4,9,64.65946343261749,11.927522659301758,0,8.955827713012695,27923047936,86331359232,
qwen2_1p5b_32k,devastator,full,/opt/hbv/trainir-h20-experiments/20260927-v1/runs/qwen2_1p5b_32k/devastator/full/01,4,10,68.52197736222297,11.930519104003906,0,9.183693885803223,27923047936,86331359232,
qwen2_1p5b_32k,devastator,full,/opt/hbv/trainir-h20-experiments/20260927-v1/runs/qwen2_1p5b_32k/devastator/full/01,5,1,118.10069958213717,11.997241973876953,0,9.604928970336914,27923046912,76653002752,
qwen2_1p5b_32k,devastator,full,/opt/hbv/trainir-h20-experiments/20260927-v1/runs/qwen2_1p5b_32k/devastator/full/01,5,2,65.65486254543066,12.001843452453613,0,8.967755317687988,27923047936,86610280448,
qwen2_1p5b_32k,devastator,full,/opt/hbv/trainir-h20-experiments/20260927-v1/runs/qwen2_1p5b_32k/devastator/full/01,5,3,64.23694492224604,11.996731758117676,0,9.264129638671875,27923047936,86610280448,
qwen2_1p5b_32k,devastator,full,/opt/hbv/trainir-h20-experiments/20260927-v1/runs/qwen2_1p5b_32k/devastator/full/01,5,4,64.47453821636736,12.000160217285156,0,9.362105369567871,27923047936,86610280448,
qwen2_1p5b_32k,devastator,full,/opt/hbv/trainir-h20-experiments/20260927-v1/runs/qwen2_1p5b_32k/devastator/full/01,5,5,64.88666072301567,11.980045318603516,0,9.430461883544922,27923047936,86610280448,
qwen2_1p5b_32k,devastator,full,/opt/hbv/trainir-h20-experiments/20260927-v1/runs/qwen2_1p5b_32k/devastator/full/01,5,6,64.60210740100592,11.97642993927002,0,8.995378494262695,27923047936,86610280448,
qwen2_1p5b_32k,devastator,full,/opt/hbv/trainir-h20-experiments/20260927-v1/runs/qwen2_1p5b_32k/devastator/full/01,5,7,64.67621760163456,11.939854621887207,0,9.424635887145996,27923047936,86610280448,
qwen2_1p5b_32k,devastator,full,/opt/hbv/trainir-h20-experiments/20260927-v1/runs/qwen2_1p5b_32k/devastator/full/01,5,8,64.67836751695722,11.936415672302246,0,8.705739974975586,27923047936,86610280448,
qwen2_1p5b_32k,devastator,full,/opt/hbv/trainir-h20-experiments/20260927-v1/runs/qwen2_1p5b_32k/devastator/full/01,5,9,64.65898770745844,11.927522659301758,0,8.955827713012695,27923047936,86610280448,
qwen2_1p5b_32k,devastator,full,/opt/hbv/trainir-h20-experiments/20260927-v1/runs/qwen2_1p5b_32k/devastator/full/01,5,10,68.52190931607038,11.930519104003906,0,9.183693885803223,27923047936,86610280448,
qwen2_1p5b_32k,devastator,full,/opt/hbv/trainir-h20-experiments/20260927-v1/runs/qwen2_1p5b_32k/devastator/full/01,6,1,118.10068369004875,11.997241973876953,0,9.604928970336914,27923046912,76397150208,
qwen2_1p5b_32k,devastator,full,/opt/hbv/trainir-h20-experiments/20260927-v1/runs/qwen2_1p5b_32k/devastator/full/01,6,2,65.6545540643856,12.001843452453613,0,8.967755317687988,27923047936,86356525056,
qwen2_1p5b_32k,devastator,full,/opt/hbv/trainir-h20-experiments/20260927-v1/runs/qwen2_1p5b_32k/devastator/full/01,6,3,64.23730022646487,11.996731758117676,0,9.264129638671875,27923047936,86356525056,
qwen2_1p5b_32k,devastator,full,/opt/hbv/trainir-h20-experiments/20260927-v1/runs/qwen2_1p5b_32k/devastator/full/01,6,4,64.47409655060619,12.000160217285156,0,9.362105369567871,27923047936,86356525056,
qwen2_1p5b_32k,devastator,full,/opt/hbv/trainir-h20-experiments/20260927-v1/runs/qwen2_1p5b_32k/devastator/full/01,6,5,64.88713761046529,11.980045318603516,0,9.430461883544922,27923047936,86356525056,
qwen2_1p5b_32k,devastator,full,/opt/hbv/trainir-h20-experiments/20260927-v1/runs/qwen2_1p5b_32k/devastator/full/01,6,6,64.60203833412379,11.97642993927002,0,8.995378494262695,27923047936,86356525056,
qwen2_1p5b_32k,devastator,full,/opt/hbv/trainir-h20-experiments/20260927-v1/runs/qwen2_1p5b_32k/devastator/full/01,6,7,64.67648273799568,11.939854621887207,0,9.424635887145996,27923047936,86356525056,
qwen2_1p5b_32k,devastator,full,/opt/hbv/trainir-h20-experiments/20260927-v1/runs/qwen2_1p5b_32k/devastator/full/01,6,8,64.67820230871439,11.936415672302246,0,8.705739974975586,27923047936,86356525056,
qwen2_1p5b_32k,devastator,full,/opt/hbv/trainir-h20-experiments/20260927-v1/runs/qwen2_1p5b_32k/devastator/full/01,6,9,64.65902968775481,11.927522659301758,0,8.955827713012695,27923047936,86356525056,
qwen2_1p5b_32k,devastator,full,/opt/hbv/trainir-h20-experiments/20260927-v1/runs/qwen2_1p5b_32k/devastator/full/01,6,10,68.5217300131917,11.930519104003906,0,9.183693885803223,27923047936,86356525056,
qwen2_1p5b_32k,devastator,full,/opt/hbv/trainir-h20-experiments/20260927-v1/runs/qwen2_1p5b_32k/devastator/full/01,7,1,118.10070118773729,11.997241973876953,0,9.604928970336914,27923046912,76283904000,
qwen2_1p5b_32k,devastator,full,/opt/hbv/trainir-h20-experiments/20260927-v1/runs/qwen2_1p5b_32k/devastator/full/01,7,2,65.65460829250515,12.001843452453613,0,8.967755317687988,27923047936,86243278848,
qwen2_1p5b_32k,devastator,full,/opt/hbv/trainir-h20-experiments/20260927-v1/runs/qwen2_1p5b_32k/devastator/full/01,7,3,64.2369329854846,11.996731758117676,0,9.264129638671875,27923047936,86243278848,
qwen2_1p5b_32k,devastator,full,/opt/hbv/trainir-h20-experiments/20260927-v1/runs/qwen2_1p5b_32k/devastator/full/01,7,4,64.47400094009936,12.000160217285156,0,9.362105369567871,27923047936,86243278848,
qwen2_1p5b_32k,devastator,full,/opt/hbv/trainir-h20-experiments/20260927-v1/runs/qwen2_1p5b_32k/devastator/full/01,7,5,64.88670723792166,11.980045318603516,0,9.430461883544922,27923047936,86243278848,
qwen2_1p5b_32k,devastator,full,/opt/hbv/trainir-h20-experiments/20260927-v1/runs/qwen2_1p5b_32k/devastator/full/01,7,6,64.602374907583,11.97642993927002,0,8.995378494262695,27923047936,86243278848,
qwen2_1p5b_32k,devastator,full,/opt/hbv/trainir-h20-experiments/20260927-v1/runs/qwen2_1p5b_32k/devastator/full/01,7,7,64.67608363833278,11.939854621887207,0,9.424635887145996,27923047936,86243278848,
qwen2_1p5b_32k,devastator,full,/opt/hbv/trainir-h20-experiments/20260927-v1/runs/qwen2_1p5b_32k/devastator/full/01,7,8,64.67864173464477,11.936415672302246,0,8.705739974975586,27923047936,86243278848,
qwen2_1p5b_32k,devastator,full,/opt/hbv/trainir-h20-experiments/20260927-v1/runs/qwen2_1p5b_32k/devastator/full/01,7,9,64.65902063902467,11.927522659301758,0,8.955827713012695,27923047936,86243278848,
qwen2_1p5b_32k,devastator,full,/opt/hbv/trainir-h20-experiments/20260927-v1/runs/qwen2_1p5b_32k/devastator/full/01,7,10,68.52220122888684,11.930519104003906,0,9.183693885803223,27923047936,86243278848,
qwen2_1p5b_32k,galvatron,common,/opt/hbv/trainir-h20-experiments/20260927-v1/runs/qwen2_1p5b_32k/galvatron/common/02,0,1,77.5296661267057,,0,11.738152557530814,5554842624,51453624320,9.817718381265238e-07
qwen2_1p5b_32k,galvatron,common,/opt/hbv/trainir-h20-experiments/20260927-v1/runs/qwen2_1p5b_32k/galvatron/common/02,0,2,56.484552366659045,,0,11.346785546414814,5572619776,55637442560,9.206544616434248e-07
qwen2_1p5b_32k,galvatron,common,/opt/hbv/trainir-h20-experiments/20260927-v1/runs/qwen2_1p5b_32k/galvatron/common/02,0,3,56.476763397455215,,0,11.192946828955291,5588390912,55637442560,8.225243592119499e-07
qwen2_1p5b_32k,galvatron,common,/opt/hbv/trainir-h20-experiments/20260927-v1/runs/qwen2_1p5b_32k/galvatron/common/02,0,4,56.48117182031274,,0,10.663086966025341,5606168064,55637442560,6.971805834928398e-07
qwen2_1p5b_32k,galvatron,common,/opt/hbv/trainir-h20-experiments/20260927-v1/runs/qwen2_1p5b_32k/galvatron/common/02,0,5,56.45993991661817,,0,10.482851830256745,5621946368,55637442560,5.571396837256635e-07
qwen2_1p5b_32k,galvatron,common,/opt/hbv/trainir-h20-experiments/20260927-v1/runs/qwen2_1p5b_32k/galvatron/common/02,0,6,56.48621019348502,,0,10.072244984041774,5639723520,55931043840,4.1638583110227627e-07
qwen2_1p5b_32k,galvatron,common,/opt/hbv/trainir-h20-experiments/20260927-v1/runs/qwen2_1p5b_32k/galvatron/common/02,0,7,56.45157551858574,,0,10.150726412631835,5655501824,55931043840,2.889743906929609e-07
qwen2_1p5b_32k,galvatron,common,/opt/hbv/trainir-h20-experiments/20260927-v1/runs/qwen2_1p5b_32k/galvatron/common/02,0,8,56.465945151634514,,0,9.866746761237497,5673278976,55931043840,1.876283841110236e-07
qwen2_1p5b_32k,galvatron,common,/opt/hbv/trainir-h20-experiments/20260927-v1/runs/qwen2_1p5b_32k/galvatron/common/02,0,9,56.46209577843547,,0,10.009493327088991,5689057280,55931043840,1.224679970165746e-07
qwen2_1p5b_32k,galvatron,common,/opt/hbv/trainir-h20-experiments/20260927-v1/runs/qwen2_1p5b_32k/galvatron/common/02,0,10,56.44588772766292,,0,9.981723104884152,5706834432,55931043840,1e-07
qwen2_1p5b_32k,galvatron,common,/opt/hbv/trainir-h20-experiments/20260927-v1/runs/qwen2_1p5b_32k/galvatron/common/02,1,1,77.5255146222189,,0,11.738152557530814,5542259712,51453624320,9.817718381265238e-07
qwen2_1p5b_32k,galvatron,common,/opt/hbv/trainir-h20-experiments/20260927-v1/runs/qwen2_1p5b_32k/galvatron/common/02,1,2,56.48442429210991,,0,11.346785546414814,5559037440,55587110912,9.206544616434248e-07
qwen2_1p5b_32k,galvatron,common,/opt/hbv/trainir-h20-experiments/20260927-v1/runs/qwen2_1p5b_32k/galvatron/common/02,1,3,56.476614475250244,,0,11.192946828955291,5575808000,55587110912,8.225243592119499e-07
qwen2_1p5b_32k,galvatron,common,/opt/hbv/trainir-h20-experiments/20260927-v1/runs/qwen2_1p5b_32k/galvatron/common/02,1,4,56.48103770054877,,0,10.663086966025341,5592585728,55587110912,6.971805834928398e-07
qwen2_1p5b_32k,galvatron,common,/opt/hbv/trainir-h20-experiments/20260927-v1/runs/qwen2_1p5b_32k/galvatron/common/02,1,5,56.459815476089716,,0,10.482851830256745,5609363456,55587110912,5.571396837256635e-07
qwen2_1p5b_32k,galvatron,common,/opt/hbv/trainir-h20-experiments/20260927-v1/runs/qwen2_1p5b_32k/galvatron/common/02,1,6,56.486087002791464,,0,10.072244984041774,5626141184,55587110912,4.1638583110227627e-07
qwen2_1p5b_32k,galvatron,common,/opt/hbv/trainir-h20-experiments/20260927-v1/runs/qwen2_1p5b_32k/galvatron/common/02,1,7,56.451448153704405,,0,10.150726412631835,5642918912,55587110912,2.889743906929609e-07
qwen2_1p5b_32k,galvatron,common,/opt/hbv/trainir-h20-experiments/20260927-v1/runs/qwen2_1p5b_32k/galvatron/common/02,1,8,56.46578989177942,,0,9.866746761237497,5659696640,55880712192,1.876283841110236e-07
qwen2_1p5b_32k,galvatron,common,/opt/hbv/trainir-h20-experiments/20260927-v1/runs/qwen2_1p5b_32k/galvatron/common/02,1,9,56.461955204606056,,0,10.009493327088991,5676474368,55880712192,1.224679970165746e-07
qwen2_1p5b_32k,galvatron,common,/opt/hbv/trainir-h20-experiments/20260927-v1/runs/qwen2_1p5b_32k/galvatron/common/02,1,10,56.445726700127125,,0,9.981723104884152,5693252096,55880712192,1e-07
qwen2_1p5b_32k,galvatron,common,/opt/hbv/trainir-h20-experiments/20260927-v1/runs/qwen2_1p5b_32k/galvatron/common/02,2,1,77.50606029760092,,0,11.738152557530814,5554842624,51453624320,9.817718381265238e-07
qwen2_1p5b_32k,galvatron,common,/opt/hbv/trainir-h20-experiments/20260927-v1/runs/qwen2_1p5b_32k/galvatron/common/02,2,2,56.48442122153938,,0,11.346785546414814,5572619776,55637442560,9.206544616434248e-07
qwen2_1p5b_32k,galvatron,common,/opt/hbv/trainir-h20-experiments/20260927-v1/runs/qwen2_1p5b_32k/galvatron/common/02,2,3,56.47662410046905,,0,11.192946828955291,5588390912,55637442560,8.225243592119499e-07
qwen2_1p5b_32k,galvatron,common,/opt/hbv/trainir-h20-experiments/20260927-v1/runs/qwen2_1p5b_32k/galvatron/common/02,2,4,56.48105899337679,,0,10.663086966025341,5606168064,55637442560,6.971805834928398e-07
qwen2_1p5b_32k,galvatron,common,/opt/hbv/trainir-h20-experiments/20260927-v1/runs/qwen2_1p5b_32k/galvatron/common/02,2,5,56.45981687866151,,0,10.482851830256745,5621946368,55637442560,5.571396837256635e-07
qwen2_1p5b_32k,galvatron,common,/opt/hbv/trainir-h20-experiments/20260927-v1/runs/qwen2_1p5b_32k/galvatron/common/02,2,6,56.48607612308115,,0,10.072244984041774,5639723520,55931043840,4.1638583110227627e-07
qwen2_1p5b_32k,galvatron,common,/opt/hbv/trainir-h20-experiments/20260927-v1/runs/qwen2_1p5b_32k/galvatron/common/02,2,7,56.45143849495798,,0,10.150726412631835,5655501824,55931043840,2.889743906929609e-07
qwen2_1p5b_32k,galvatron,common,/opt/hbv/trainir-h20-experiments/20260927-v1/runs/qwen2_1p5b_32k/galvatron/common/02,2,8,56.46582025941461,,0,9.866746761237497,5673278976,55931043840,1.876283841110236e-07
qwen2_1p5b_32k,galvatron,common,/opt/hbv/trainir-h20-experiments/20260927-v1/runs/qwen2_1p5b_32k/galvatron/common/02,2,9,56.46196395996958,,0,10.009493327088991,5689057280,55931043840,1.224679970165746e-07
qwen2_1p5b_32k,galvatron,common,/opt/hbv/trainir-h20-experiments/20260927-v1/runs/qwen2_1p5b_32k/galvatron/common/02,2,10,56.4457553261891,,0,9.981723104884152,5706834432,55931043840,1e-07
qwen2_1p5b_32k,galvatron,common,/opt/hbv/trainir-h20-experiments/20260927-v1/runs/qwen2_1p5b_32k/galvatron/common/02,3,1,77.49670977331698,,0,11.738152557530814,5542259712,51453624320,9.817718381265238e-07
qwen2_1p5b_32k,galvatron,common,/opt/hbv/trainir-h20-experiments/20260927-v1/runs/qwen2_1p5b_32k/galvatron/common/02,3,2,56.48447414766997,,0,11.346785546414814,5559037440,55587110912,9.206544616434248e-07
qwen2_1p5b_32k,galvatron,common,/opt/hbv/trainir-h20-experiments/20260927-v1/runs/qwen2_1p5b_32k/galvatron/common/02,3,3,56.47665231488645,,0,11.192946828955291,5575808000,55587110912,8.225243592119499e-07
qwen2_1p5b_32k,galvatron,common,/opt/hbv/trainir-h20-experiments/20260927-v1/runs/qwen2_1p5b_32k/galvatron/common/02,3,4,56.48106909543276,,0,10.663086966025341,5592585728,55587110912,6.971805834928398e-07
qwen2_1p5b_32k,galvatron,common,/opt/hbv/trainir-h20-experiments/20260927-v1/runs/qwen2_1p5b_32k/galvatron/common/02,3,5,56.45982366614044,,0,10.482851830256745,5609363456,55587110912,5.571396837256635e-07
qwen2_1p5b_32k,galvatron,common,/opt/hbv/trainir-h20-experiments/20260927-v1/runs/qwen2_1p5b_32k/galvatron/common/02,3,6,56.48607540875673,,0,10.072244984041774,5626141184,55587110912,4.1638583110227627e-07
qwen2_1p5b_32k,galvatron,common,/opt/hbv/trainir-h20-experiments/20260927-v1/runs/qwen2_1p5b_32k/galvatron/common/02,3,7,56.451422655023634,,0,10.150726412631835,5642918912,55587110912,2.889743906929609e-07
qwen2_1p5b_32k,galvatron,common,/opt/hbv/trainir-h20-experiments/20260927-v1/runs/qwen2_1p5b_32k/galvatron/common/02,3,8,56.46582725830376,,0,9.866746761237497,5659696640,55880712192,1.876283841110236e-07
qwen2_1p5b_32k,galvatron,common,/opt/hbv/trainir-h20-experiments/20260927-v1/runs/qwen2_1p5b_32k/galvatron/common/02,3,9,56.46197885647416,,0,10.009493327088991,5676474368,55880712192,1.224679970165746e-07
qwen2_1p5b_32k,galvatron,common,/opt/hbv/trainir-h20-experiments/20260927-v1/runs/qwen2_1p5b_32k/galvatron/common/02,3,10,56.44577005598694,,0,9.981723104884152,5693252096,55880712192,1e-07
qwen2_1p5b_32k,galvatron,common,/opt/hbv/trainir-h20-experiments/20260927-v1/runs/qwen2_1p5b_32k/galvatron/common/02,4,1,77.50253747031093,11.961046904325485,0,11.738152557530814,5552957440,62964891648,9.817718381265238e-07
qwen2_1p5b_32k,galvatron,common,/opt/hbv/trainir-h20-experiments/20260927-v1/runs/qwen2_1p5b_32k/galvatron/common/02,4,2,56.48443099670112,11.961235731840134,0,11.346785546414814,5569735168,62964891648,9.206544616434248e-07
qwen2_1p5b_32k,galvatron,common,/opt/hbv/trainir-h20-experiments/20260927-v1/runs/qwen2_1p5b_32k/galvatron/common/02,4,3,56.47668426390737,11.9130619764328,0,11.192946828955291,5586512896,62964891648,8.225243592119499e-07
qwen2_1p5b_32k,galvatron,common,/opt/hbv/trainir-h20-experiments/20260927-v1/runs/qwen2_1p5b_32k/galvatron/common/02,4,4,56.481036093086004,11.871102690696716,0,10.663086966025341,5603290624,62964891648,6.971805834928398e-07
qwen2_1p5b_32k,galvatron,common,/opt/hbv/trainir-h20-experiments/20260927-v1/runs/qwen2_1p5b_32k/galvatron/common/02,4,5,56.459815762005746,11.834256261587143,0,10.482851830256745,5620068352,62964891648,5.571396837256635e-07
qwen2_1p5b_32k,galvatron,common,/opt/hbv/trainir-h20-experiments/20260927-v1/runs/qwen2_1p5b_32k/galvatron/common/02,4,6,56.48608898278326,11.813500046730042,0,10.072244984041774,5636846080,62964891648,4.1638583110227627e-07
qwen2_1p5b_32k,galvatron,common,/opt/hbv/trainir-h20-experiments/20260927-v1/runs/qwen2_1p5b_32k/galvatron/common/02,4,7,56.45141991134733,11.789468348026276,0,10.150726412631835,5653623808,62964891648,2.889743906929609e-07
qwen2_1p5b_32k,galvatron,common,/opt/hbv/trainir-h20-experiments/20260927-v1/runs/qwen2_1p5b_32k/galvatron/common/02,4,8,56.46578449755907,11.776120394468307,0,9.866746761237497,5670401536,62964891648,1.876283841110236e-07
qwen2_1p5b_32k,galvatron,common,/opt/hbv/trainir-h20-experiments/20260927-v1/runs/qwen2_1p5b_32k/galvatron/common/02,4,9,56.46196937561035,11.761515706777573,0,10.009493327088991,5687179264,62964891648,1.224679970165746e-07
qwen2_1p5b_32k,galvatron,common,/opt/hbv/trainir-h20-experiments/20260927-v1/runs/qwen2_1p5b_32k/galvatron/common/02,4,10,56.445735855959356,11.747580260038376,0,9.981723104884152,5703956992,62964891648,1e-07
qwen2_1p5b_32k,galvatron,common,/opt/hbv/trainir-h20-experiments/20260927-v1/runs/qwen2_1p5b_32k/galvatron/common/02,5,1,77.49215116817504,11.961046904325485,0,11.738152557530814,5536180736,62964891648,9.817718381265238e-07
qwen2_1p5b_32k,galvatron,common,/opt/hbv/trainir-h20-experiments/20260927-v1/runs/qwen2_1p5b_32k/galvatron/common/02,5,2,56.48440018016845,11.961235731840134,0,11.346785546414814,5552958464,62964891648,9.206544616434248e-07
qwen2_1p5b_32k,galvatron,common,/opt/hbv/trainir-h20-experiments/20260927-v1/runs/qwen2_1p5b_32k/galvatron/common/02,5,3,56.47661317419261,11.9130619764328,0,11.192946828955291,5569736192,62964891648,8.225243592119499e-07
qwen2_1p5b_32k,galvatron,common,/opt/hbv/trainir-h20-experiments/20260927-v1/runs/qwen2_1p5b_32k/galvatron/common/02,5,4,56.48102336656302,11.871102690696716,0,10.663086966025341,5586513920,62964891648,6.971805834928398e-07
qwen2_1p5b_32k,galvatron,common,/opt/hbv/trainir-h20-experiments/20260927-v1/runs/qwen2_1p5b_32k/galvatron/common/02,5,5,56.45980670955032,11.834256261587143,0,10.482851830256745,5603291648,62964891648,5.571396837256635e-07
qwen2_1p5b_32k,galvatron,common,/opt/hbv/trainir-h20-experiments/20260927-v1/runs/qwen2_1p5b_32k/galvatron/common/02,5,6,56.486058896407485,11.813500046730042,0,10.072244984041774,5620069376,62964891648,4.1638583110227627e-07
qwen2_1p5b_32k,galvatron,common,/opt/hbv/trainir-h20-experiments/20260927-v1/runs/qwen2_1p5b_32k/galvatron/common/02,5,7,56.45144180394709,11.789468348026276,0,10.150726412631835,5636847104,62964891648,2.889743906929609e-07
qwen2_1p5b_32k,galvatron,common,/opt/hbv/trainir-h20-experiments/20260927-v1/runs/qwen2_1p5b_32k/galvatron/common/02,5,8,56.46580351237208,11.776120394468307,0,9.866746761237497,5653624832,62964891648,1.876283841110236e-07
qwen2_1p5b_32k,galvatron,common,/opt/hbv/trainir-h20-experiments/20260927-v1/runs/qwen2_1p5b_32k/galvatron/common/02,5,9,56.46197377704084,11.761515706777573,0,10.009493327088991,5670402560,62964891648,1.224679970165746e-07
qwen2_1p5b_32k,galvatron,common,/opt/hbv/trainir-h20-experiments/20260927-v1/runs/qwen2_1p5b_32k/galvatron/common/02,5,10,56.445783810690045,11.747580260038376,0,9.981723104884152,5687180288,62964891648,1e-07
qwen2_1p5b_32k,galvatron,common,/opt/hbv/trainir-h20-experiments/20260927-v1/runs/qwen2_1p5b_32k/galvatron/common/02,6,1,77.50081581156701,11.961046904325485,0,11.738152557530814,5552957440,62964891648,9.817718381265238e-07
qwen2_1p5b_32k,galvatron,common,/opt/hbv/trainir-h20-experiments/20260927-v1/runs/qwen2_1p5b_32k/galvatron/common/02,6,2,56.48443943075836,11.961235731840134,0,11.346785546414814,5569735168,62964891648,9.206544616434248e-07
qwen2_1p5b_32k,galvatron,common,/opt/hbv/trainir-h20-experiments/20260927-v1/runs/qwen2_1p5b_32k/galvatron/common/02,6,3,56.476627076976,11.9130619764328,0,11.192946828955291,5586512896,62964891648,8.225243592119499e-07
qwen2_1p5b_32k,galvatron,common,/opt/hbv/trainir-h20-experiments/20260927-v1/runs/qwen2_1p5b_32k/galvatron/common/02,6,4,56.481062076985836,11.871102690696716,0,10.663086966025341,5603290624,62964891648,6.971805834928398e-07
qwen2_1p5b_32k,galvatron,common,/opt/hbv/trainir-h20-experiments/20260927-v1/runs/qwen2_1p5b_32k/galvatron/common/02,6,5,56.4598593628034,11.834256261587143,0,10.482851830256745,5620068352,62964891648,5.571396837256635e-07
qwen2_1p5b_32k,galvatron,common,/opt/hbv/trainir-h20-experiments/20260927-v1/runs/qwen2_1p5b_32k/galvatron/common/02,6,6,56.48608554713428,11.813500046730042,0,10.072244984041774,5636846080,62964891648,4.1638583110227627e-07
qwen2_1p5b_32k,galvatron,common,/opt/hbv/trainir-h20-experiments/20260927-v1/runs/qwen2_1p5b_32k/galvatron/common/02,6,7,56.451482511125505,11.789468348026276,0,10.150726412631835,5653623808,62964891648,2.889743906929609e-07
qwen2_1p5b_32k,galvatron,common,/opt/hbv/trainir-h20-experiments/20260927-v1/runs/qwen2_1p5b_32k/galvatron/common/02,6,8,56.465817271731794,11.776120394468307,0,9.866746761237497,5670401536,62964891648,1.876283841110236e-07
qwen2_1p5b_32k,galvatron,common,/opt/hbv/trainir-h20-experiments/20260927-v1/runs/qwen2_1p5b_32k/galvatron/common/02,6,9,56.461991077288985,11.761515706777573,0,10.009493327088991,5687179264,62964891648,1.224679970165746e-07
qwen2_1p5b_32k,galvatron,common,/opt/hbv/trainir-h20-experiments/20260927-v1/runs/qwen2_1p5b_32k/galvatron/common/02,6,10,56.445753272622824,11.747580260038376,0,9.981723104884152,5703956992,62964891648,1e-07
qwen2_1p5b_32k,galvatron,common,/opt/hbv/trainir-h20-experiments/20260927-v1/runs/qwen2_1p5b_32k/galvatron/common/02,7,1,77.50067171920091,11.961046904325485,0,11.738152557530814,5536180736,62964891648,9.817718381265238e-07
qwen2_1p5b_32k,galvatron,common,/opt/hbv/trainir-h20-experiments/20260927-v1/runs/qwen2_1p5b_32k/galvatron/common/02,7,2,56.48441465944052,11.961235731840134,0,11.346785546414814,5552958464,62964891648,9.206544616434248e-07
qwen2_1p5b_32k,galvatron,common,/opt/hbv/trainir-h20-experiments/20260927-v1/runs/qwen2_1p5b_32k/galvatron/common/02,7,3,56.476613589562476,11.9130619764328,0,11.192946828955291,5569736192,62964891648,8.225243592119499e-07
qwen2_1p5b_32k,galvatron,common,/opt/hbv/trainir-h20-experiments/20260927-v1/runs/qwen2_1p5b_32k/galvatron/common/02,7,4,56.48106276895851,11.871102690696716,0,10.663086966025341,5586513920,62964891648,6.971805834928398e-07
qwen2_1p5b_32k,galvatron,common,/opt/hbv/trainir-h20-experiments/20260927-v1/runs/qwen2_1p5b_32k/galvatron/common/02,7,5,56.459848111495376,11.834256261587143,0,10.482851830256745,5603291648,62964891648,5.571396837256635e-07
qwen2_1p5b_32k,galvatron,common,/opt/hbv/trainir-h20-experiments/20260927-v1/runs/qwen2_1p5b_32k/galvatron/common/02,7,6,56.486087054014206,11.813500046730042,0,10.072244984041774,5620069376,62964891648,4.1638583110227627e-07
qwen2_1p5b_32k,galvatron,common,/opt/hbv/trainir-h20-experiments/20260927-v1/runs/qwen2_1p5b_32k/galvatron/common/02,7,7,56.45148571860045,11.789468348026276,0,10.150726412631835,5636847104,62964891648,2.889743906929609e-07
qwen2_1p5b_32k,galvatron,common,/opt/hbv/trainir-h20-experiments/20260927-v1/runs/qwen2_1p5b_32k/galvatron/common/02,7,8,56.465858115814626,11.776120394468307,0,9.866746761237497,5653624832,62964891648,1.876283841110236e-07
qwen2_1p5b_32k,galvatron,common,/opt/hbv/trainir-h20-experiments/20260927-v1/runs/qwen2_1p5b_32k/galvatron/common/02,7,9,56.461956524290144,11.761515706777573,0,10.009493327088991,5670402560,62964891648,1.224679970165746e-07
qwen2_1p5b_32k,galvatron,common,/opt/hbv/trainir-h20-experiments/20260927-v1/runs/qwen2_1p5b_32k/galvatron/common/02,7,10,56.44574540108442,11.747580260038376,0,9.981723104884152,5687180288,62964891648,1e-07
qwen2_1p5b_32k,galvatron,full,/opt/hbv/trainir-h20-experiments/20260927-v1/runs/qwen2_1p5b_32k/galvatron/full/01,0,1,90.33953751437366,11.977522790431976,0,3.5530778195646553,6758113280,90521468928,9.817718381265238e-07
qwen2_1p5b_32k,galvatron,full,/opt/hbv/trainir-h20-experiments/20260927-v1/runs/qwen2_1p5b_32k/galvatron/full/01,0,2,55.51609820034355,11.973869025707245,0,3.3466675766212877,6774891008,90989133824,9.206544616434248e-07
qwen2_1p5b_32k,galvatron,full,/opt/hbv/trainir-h20-experiments/20260927-v1/runs/qwen2_1p5b_32k/galvatron/full/01,0,3,55.53735909983516,11.927811622619629,0,3.4466526599601885,6791668736,90989133824,8.225243592119499e-07
qwen2_1p5b_32k,galvatron,full,/opt/hbv/trainir-h20-experiments/20260927-v1/runs/qwen2_1p5b_32k/galvatron/full/01,0,4,55.53535433113575,11.88904184103012,0,3.2510811401304514,6808446464,90989133824,6.971805834928398e-07
qwen2_1p5b_32k,galvatron,full,/opt/hbv/trainir-h20-experiments/20260927-v1/runs/qwen2_1p5b_32k/galvatron/full/01,0,5,55.551435695029795,11.852148354053497,0,3.2987591751508765,6808446464,90989133824,5.571396837256635e-07
qwen2_1p5b_32k,galvatron,full,/opt/hbv/trainir-h20-experiments/20260927-v1/runs/qwen2_1p5b_32k/galvatron/full/01,0,6,55.68097455333918,11.832472026348114,0,3.015313166965091,6808446464,90989133824,4.1638583110227627e-07
qwen2_1p5b_32k,galvatron,full,/opt/hbv/trainir-h20-experiments/20260927-v1/runs/qwen2_1p5b_32k/galvatron/full/01,0,7,55.55631925910711,11.80178964138031,0,3.0628864278084684,6808446464,90989133824,2.889743906929609e-07
qwen2_1p5b_32k,galvatron,full,/opt/hbv/trainir-h20-experiments/20260927-v1/runs/qwen2_1p5b_32k/galvatron/full/01,0,8,55.66086983680725,11.788646459579468,0,3.007413604839908,6808446464,90989133824,1.876283841110236e-07
qwen2_1p5b_32k,galvatron,full,/opt/hbv/trainir-h20-experiments/20260927-v1/runs/qwen2_1p5b_32k/galvatron/full/01,0,9,60.77602174412459,11.781240105628967,0,3.049995115932869,6808446464,90989133824,1.224679970165746e-07
qwen2_1p5b_32k,galvatron,full,/opt/hbv/trainir-h20-experiments/20260927-v1/runs/qwen2_1p5b_32k/galvatron/full/01,0,10,59.03599642217159,11.769153118133545,0,3.0738908333489463,6808446464,90989133824,1e-07
qwen2_1p5b_32k,galvatron,full,/opt/hbv/trainir-h20-experiments/20260927-v1/runs/qwen2_1p5b_32k/galvatron/full/01,1,1,90.33675775676966,11.977522790431976,0,3.5530778195646553,6758113280,90580189184,9.817718381265238e-07
qwen2_1p5b_32k,galvatron,full,/opt/hbv/trainir-h20-experiments/20260927-v1/runs/qwen2_1p5b_32k/galvatron/full/01,1,2,55.51589340995997,11.973869025707245,0,3.3466675766212877,6774891008,90580189184,9.206544616434248e-07
qwen2_1p5b_32k,galvatron,full,/opt/hbv/trainir-h20-experiments/20260927-v1/runs/qwen2_1p5b_32k/galvatron/full/01,1,3,55.53722877893597,11.927811622619629,0,3.4466526599601885,6791668736,90580189184,8.225243592119499e-07
qwen2_1p5b_32k,galvatron,full,/opt/hbv/trainir-h20-experiments/20260927-v1/runs/qwen2_1p5b_32k/galvatron/full/01,1,4,55.535097517073154,11.88904184103012,0,3.2510811401304514,6808446464,90580189184,6.971805834928398e-07
qwen2_1p5b_32k,galvatron,full,/opt/hbv/trainir-h20-experiments/20260927-v1/runs/qwen2_1p5b_32k/galvatron/full/01,1,5,55.55135422106832,11.852148354053497,0,3.2987591751508765,6808446464,90580189184,5.571396837256635e-07
qwen2_1p5b_32k,galvatron,full,/opt/hbv/trainir-h20-experiments/20260927-v1/runs/qwen2_1p5b_32k/galvatron/full/01,1,6,55.68078828416765,11.832472026348114,0,3.015313166965091,6808446464,90580189184,4.1638583110227627e-07
qwen2_1p5b_32k,galvatron,full,/opt/hbv/trainir-h20-experiments/20260927-v1/runs/qwen2_1p5b_32k/galvatron/full/01,1,7,55.55618393141776,11.80178964138031,0,3.0628864278084684,6808446464,90580189184,2.889743906929609e-07
qwen2_1p5b_32k,galvatron,full,/opt/hbv/trainir-h20-experiments/20260927-v1/runs/qwen2_1p5b_32k/galvatron/full/01,1,8,55.66074742376804,11.788646459579468,0,3.007413604839908,6808446464,90580189184,1.876283841110236e-07
qwen2_1p5b_32k,galvatron,full,/opt/hbv/trainir-h20-experiments/20260927-v1/runs/qwen2_1p5b_32k/galvatron/full/01,1,9,60.75176556315273,11.781240105628967,0,3.049995115932869,6808446464,90580189184,1.224679970165746e-07
qwen2_1p5b_32k,galvatron,full,/opt/hbv/trainir-h20-experiments/20260927-v1/runs/qwen2_1p5b_32k/galvatron/full/01,1,10,59.03586112521589,11.769153118133545,0,3.0738908333489463,6808446464,90580189184,1e-07
qwen2_1p5b_32k,galvatron,full,/opt/hbv/trainir-h20-experiments/20260927-v1/runs/qwen2_1p5b_32k/galvatron/full/01,2,1,90.33572217077017,11.977522790431976,0,3.5530778195646553,6758113280,90615840768,9.817718381265238e-07
qwen2_1p5b_32k,galvatron,full,/opt/hbv/trainir-h20-experiments/20260927-v1/runs/qwen2_1p5b_32k/galvatron/full/01,2,2,55.515928506851196,11.973869025707245,0,3.3466675766212877,6774891008,90615840768,9.206544616434248e-07
qwen2_1p5b_32k,galvatron,full,/opt/hbv/trainir-h20-experiments/20260927-v1/runs/qwen2_1p5b_32k/galvatron/full/01,2,3,55.53720109257847,11.927811622619629,0,3.4466526599601885,6791668736,90615840768,8.225243592119499e-07
qwen2_1p5b_32k,galvatron,full,/opt/hbv/trainir-h20-experiments/20260927-v1/runs/qwen2_1p5b_32k/galvatron/full/01,2,4,55.535058077424765,11.88904184103012,0,3.2510811401304514,6808446464,90615840768,6.971805834928398e-07
qwen2_1p5b_32k,galvatron,full,/opt/hbv/trainir-h20-experiments/20260927-v1/runs/qwen2_1p5b_32k/galvatron/full/01,2,5,55.55142881255597,11.852148354053497,0,3.2987591751508765,6808446464,90615840768,5.571396837256635e-07
qwen2_1p5b_32k,galvatron,full,/opt/hbv/trainir-h20-experiments/20260927-v1/runs/qwen2_1p5b_32k/galvatron/full/01,2,6,55.68077365402132,11.832472026348114,0,3.015313166965091,6808446464,90615840768,4.1638583110227627e-07
qwen2_1p5b_32k,galvatron,full,/opt/hbv/trainir-h20-experiments/20260927-v1/runs/qwen2_1p5b_32k/galvatron/full/01,2,7,55.55614676326513,11.80178964138031,0,3.0628864278084684,6808446464,90615840768,2.889743906929609e-07
qwen2_1p5b_32k,galvatron,full,/opt/hbv/trainir-h20-experiments/20260927-v1/runs/qwen2_1p5b_32k/galvatron/full/01,2,8,55.66069869231433,11.788646459579468,0,3.007413604839908,6808446464,90615840768,1.876283841110236e-07
qwen2_1p5b_32k,galvatron,full,/opt/hbv/trainir-h20-experiments/20260927-v1/runs/qwen2_1p5b_32k/galvatron/full/01,2,9,60.75176683627069,11.781240105628967,0,3.049995115932869,6808446464,90674561024,1.224679970165746e-07
qwen2_1p5b_32k,galvatron,full,/opt/hbv/trainir-h20-experiments/20260927-v1/runs/qwen2_1p5b_32k/galvatron/full/01,2,10,59.03585376031697,11.769153118133545,0,3.0738908333489463,6808446464,90674561024,1e-07
qwen2_1p5b_32k,galvatron,full,/opt/hbv/trainir-h20-experiments/20260927-v1/runs/qwen2_1p5b_32k/galvatron/full/01,3,1,90.33661669958383,11.977522790431976,0,3.5530778195646553,6758113280,90615840768,9.817718381265238e-07
qwen2_1p5b_32k,galvatron,full,/opt/hbv/trainir-h20-experiments/20260927-v1/runs/qwen2_1p5b_32k/galvatron/full/01,3,2,55.51589379552752,11.973869025707245,0,3.3466675766212877,6774891008,90615840768,9.206544616434248e-07
qwen2_1p5b_32k,galvatron,full,/opt/hbv/trainir-h20-experiments/20260927-v1/runs/qwen2_1p5b_32k/galvatron/full/01,3,3,55.53718378022313,11.927811622619629,0,3.4466526599601885,6791668736,90615840768,8.225243592119499e-07
qwen2_1p5b_32k,galvatron,full,/opt/hbv/trainir-h20-experiments/20260927-v1/runs/qwen2_1p5b_32k/galvatron/full/01,3,4,55.53505564760417,11.88904184103012,0,3.2510811401304514,6808446464,90615840768,6.971805834928398e-07
qwen2_1p5b_32k,galvatron,full,/opt/hbv/trainir-h20-experiments/20260927-v1/runs/qwen2_1p5b_32k/galvatron/full/01,3,5,55.55137133784592,11.852148354053497,0,3.2987591751508765,6808446464,90615840768,5.571396837256635e-07
qwen2_1p5b_32k,galvatron,full,/opt/hbv/trainir-h20-experiments/20260927-v1/runs/qwen2_1p5b_32k/galvatron/full/01,3,6,55.680743573233485,11.832472026348114,0,3.015313166965091,6808446464,90615840768,4.1638583110227627e-07
qwen2_1p5b_32k,galvatron,full,/opt/hbv/trainir-h20-experiments/20260927-v1/runs/qwen2_1p5b_32k/galvatron/full/01,3,7,55.55618499498814,11.80178964138031,0,3.0628864278084684,6808446464,90615840768,2.889743906929609e-07
qwen2_1p5b_32k,galvatron,full,/opt/hbv/trainir-h20-experiments/20260927-v1/runs/qwen2_1p5b_32k/galvatron/full/01,3,8,55.66081756632775,11.788646459579468,0,3.007413604839908,6808446464,90615840768,1.876283841110236e-07
qwen2_1p5b_32k,galvatron,full,/opt/hbv/trainir-h20-experiments/20260927-v1/runs/qwen2_1p5b_32k/galvatron/full/01,3,9,60.75174177624285,11.781240105628967,0,3.049995115932869,6808446464,90674561024,1.224679970165746e-07
qwen2_1p5b_32k,galvatron,full,/opt/hbv/trainir-h20-experiments/20260927-v1/runs/qwen2_1p5b_32k/galvatron/full/01,3,10,59.03583708964288,11.769153118133545,0,3.0738908333489463,6808446464,90674561024,1e-07
qwen2_1p5b_32k,galvatron,full,/opt/hbv/trainir-h20-experiments/20260927-v1/runs/qwen2_1p5b_32k/galvatron/full/01,4,1,90.33696124702692,11.977522790431976,0,3.5530778195646553,6758113280,90615840768,9.817718381265238e-07
qwen2_1p5b_32k,galvatron,full,/opt/hbv/trainir-h20-experiments/20260927-v1/runs/qwen2_1p5b_32k/galvatron/full/01,4,2,55.51588906906545,11.973869025707245,0,3.3466675766212877,6774891008,90615840768,9.206544616434248e-07
qwen2_1p5b_32k,galvatron,full,/opt/hbv/trainir-h20-experiments/20260927-v1/runs/qwen2_1p5b_32k/galvatron/full/01,4,3,55.53721443377435,11.927811622619629,0,3.4466526599601885,6791668736,90615840768,8.225243592119499e-07
qwen2_1p5b_32k,galvatron,full,/opt/hbv/trainir-h20-experiments/20260927-v1/runs/qwen2_1p5b_32k/galvatron/full/01,4,4,55.5350887645036,11.88904184103012,0,3.2510811401304514,6808446464,90615840768,6.971805834928398e-07
qwen2_1p5b_32k,galvatron,full,/opt/hbv/trainir-h20-experiments/20260927-v1/runs/qwen2_1p5b_32k/galvatron/full/01,4,5,55.55129314493388,11.852148354053497,0,3.2987591751508765,6808446464,90615840768,5.571396837256635e-07
qwen2_1p5b_32k,galvatron,full,/opt/hbv/trainir-h20-experiments/20260927-v1/runs/qwen2_1p5b_32k/galvatron/full/01,4,6,55.68076344113797,11.832472026348114,0,3.015313166965091,6808446464,90615840768,4.1638583110227627e-07
qwen2_1p5b_32k,galvatron,full,/opt/hbv/trainir-h20-experiments/20260927-v1/runs/qwen2_1p5b_32k/galvatron/full/01,4,7,55.55615634005517,11.80178964138031,0,3.0628864278084684,6808446464,90615840768,2.889743906929609e-07
qwen2_1p5b_32k,galvatron,full,/opt/hbv/trainir-h20-experiments/20260927-v1/runs/qwen2_1p5b_32k/galvatron/full/01,4,8,55.66066745389253,11.788646459579468,0,3.007413604839908,6808446464,90615840768,1.876283841110236e-07
qwen2_1p5b_32k,galvatron,full,/opt/hbv/trainir-h20-experiments/20260927-v1/runs/qwen2_1p5b_32k/galvatron/full/01,4,9,60.751740189269185,11.781240105628967,0,3.049995115932869,6808446464,90674561024,1.224679970165746e-07
qwen2_1p5b_32k,galvatron,full,/opt/hbv/trainir-h20-experiments/20260927-v1/runs/qwen2_1p5b_32k/galvatron/full/01,4,10,59.035826252773404,11.769153118133545,0,3.0738908333489463,6808446464,90674561024,1e-07
qwen2_1p5b_32k,galvatron,full,/opt/hbv/trainir-h20-experiments/20260927-v1/runs/qwen2_1p5b_32k/galvatron/full/01,5,1,90.33626501820982,11.977522790431976,0,3.5530778195646553,6758113280,90615840768,9.817718381265238e-07
qwen2_1p5b_32k,galvatron,full,/opt/hbv/trainir-h20-experiments/20260927-v1/runs/qwen2_1p5b_32k/galvatron/full/01,5,2,55.51587882358581,11.973869025707245,0,3.3466675766212877,6774891008,90615840768,9.206544616434248e-07
qwen2_1p5b_32k,galvatron,full,/opt/hbv/trainir-h20-experiments/20260927-v1/runs/qwen2_1p5b_32k/galvatron/full/01,5,3,55.53718748129904,11.927811622619629,0,3.4466526599601885,6791668736,90615840768,8.225243592119499e-07
qwen2_1p5b_32k,galvatron,full,/opt/hbv/trainir-h20-experiments/20260927-v1/runs/qwen2_1p5b_32k/galvatron/full/01,5,4,55.535223194397986,11.88904184103012,0,3.2510811401304514,6808446464,90615840768,6.971805834928398e-07
qwen2_1p5b_32k,galvatron,full,/opt/hbv/trainir-h20-experiments/20260927-v1/runs/qwen2_1p5b_32k/galvatron/full/01,5,5,55.55128820706159,11.852148354053497,0,3.2987591751508765,6808446464,90615840768,5.571396837256635e-07
qwen2_1p5b_32k,galvatron,full,/opt/hbv/trainir-h20-experiments/20260927-v1/runs/qwen2_1p5b_32k/galvatron/full/01,5,6,55.68074350617826,11.832472026348114,0,3.015313166965091,6808446464,90615840768,4.1638583110227627e-07
qwen2_1p5b_32k,galvatron,full,/opt/hbv/trainir-h20-experiments/20260927-v1/runs/qwen2_1p5b_32k/galvatron/full/01,5,7,55.55618081893772,11.80178964138031,0,3.0628864278084684,6808446464,90615840768,2.889743906929609e-07
qwen2_1p5b_32k,galvatron,full,/opt/hbv/trainir-h20-experiments/20260927-v1/runs/qwen2_1p5b_32k/galvatron/full/01,5,8,55.66070390306413,11.788646459579468,0,3.007413604839908,6808446464,90615840768,1.876283841110236e-07
qwen2_1p5b_32k,galvatron,full,/opt/hbv/trainir-h20-experiments/20260927-v1/runs/qwen2_1p5b_32k/galvatron/full/01,5,9,60.75173053238541,11.781240105628967,0,3.049995115932869,6808446464,90674561024,1.224679970165746e-07
qwen2_1p5b_32k,galvatron,full,/opt/hbv/trainir-h20-experiments/20260927-v1/runs/qwen2_1p5b_32k/galvatron/full/01,5,10,59.0358051545918,11.769153118133545,0,3.0738908333489463,6808446464,90674561024,1e-07
qwen2_1p5b_32k,galvatron,full,/opt/hbv/trainir-h20-experiments/20260927-v1/runs/qwen2_1p5b_32k/galvatron/full/01,6,1,90.3357605021447,11.977522790431976,0,3.5530778195646553,6758113280,90615840768,9.817718381265238e-07
qwen2_1p5b_32k,galvatron,full,/opt/hbv/trainir-h20-experiments/20260927-v1/runs/qwen2_1p5b_32k/galvatron/full/01,6,2,55.51585159264505,11.973869025707245,0,3.3466675766212877,6774891008,90615840768,9.206544616434248e-07
qwen2_1p5b_32k,galvatron,full,/opt/hbv/trainir-h20-experiments/20260927-v1/runs/qwen2_1p5b_32k/galvatron/full/01,6,3,55.537178890779614,11.927811622619629,0,3.4466526599601885,6791668736,90615840768,8.225243592119499e-07
qwen2_1p5b_32k,galvatron,full,/opt/hbv/trainir-h20-experiments/20260927-v1/runs/qwen2_1p5b_32k/galvatron/full/01,6,4,55.535049891099334,11.88904184103012,0,3.2510811401304514,6808446464,90615840768,6.971805834928398e-07
qwen2_1p5b_32k,galvatron,full,/opt/hbv/trainir-h20-experiments/20260927-v1/runs/qwen2_1p5b_32k/galvatron/full/01,6,5,55.55130733549595,11.852148354053497,0,3.2987591751508765,6808446464,90615840768,5.571396837256635e-07
qwen2_1p5b_32k,galvatron,full,/opt/hbv/trainir-h20-experiments/20260927-v1/runs/qwen2_1p5b_32k/galvatron/full/01,6,6,55.68072092626244,11.832472026348114,0,3.015313166965091,6808446464,90615840768,4.1638583110227627e-07
qwen2_1p5b_32k,galvatron,full,/opt/hbv/trainir-h20-experiments/20260927-v1/runs/qwen2_1p5b_32k/galvatron/full/01,6,7,55.55610657669604,11.80178964138031,0,3.0628864278084684,6808446464,90615840768,2.889743906929609e-07
qwen2_1p5b_32k,galvatron,full,/opt/hbv/trainir-h20-experiments/20260927-v1/runs/qwen2_1p5b_32k/galvatron/full/01,6,8,55.66068339906633,11.788646459579468,0,3.007413604839908,6808446464,90615840768,1.876283841110236e-07
qwen2_1p5b_32k,galvatron,full,/opt/hbv/trainir-h20-experiments/20260927-v1/runs/qwen2_1p5b_32k/galvatron/full/01,6,9,60.75172083824873,11.781240105628967,0,3.049995115932869,6808446464,90674561024,1.224679970165746e-07
qwen2_1p5b_32k,galvatron,full,/opt/hbv/trainir-h20-experiments/20260927-v1/runs/qwen2_1p5b_32k/galvatron/full/01,6,10,59.03576774057001,11.769153118133545,0,3.0738908333489463,6808446464,90674561024,1e-07
qwen2_1p5b_32k,galvatron,full,/opt/hbv/trainir-h20-experiments/20260927-v1/runs/qwen2_1p5b_32k/galvatron/full/01,7,1,90.33618400152773,11.977522790431976,0,3.5530778195646553,6758113280,90615840768,9.817718381265238e-07
qwen2_1p5b_32k,galvatron,full,/opt/hbv/trainir-h20-experiments/20260927-v1/runs/qwen2_1p5b_32k/galvatron/full/01,7,2,55.51592460926622,11.973869025707245,0,3.3466675766212877,6774891008,90615840768,9.206544616434248e-07
qwen2_1p5b_32k,galvatron,full,/opt/hbv/trainir-h20-experiments/20260927-v1/runs/qwen2_1p5b_32k/galvatron/full/01,7,3,55.537207301706076,11.927811622619629,0,3.4466526599601885,6791668736,90615840768,8.225243592119499e-07
qwen2_1p5b_32k,galvatron,full,/opt/hbv/trainir-h20-experiments/20260927-v1/runs/qwen2_1p5b_32k/galvatron/full/01,7,4,55.53510052151978,11.88904184103012,0,3.2510811401304514,6808446464,90615840768,6.971805834928398e-07
qwen2_1p5b_32k,galvatron,full,/opt/hbv/trainir-h20-experiments/20260927-v1/runs/qwen2_1p5b_32k/galvatron/full/01,7,5,55.551359962671995,11.852148354053497,0,3.2987591751508765,6808446464,90615840768,5.571396837256635e-07
qwen2_1p5b_32k,galvatron,full,/opt/hbv/trainir-h20-experiments/20260927-v1/runs/qwen2_1p5b_32k/galvatron/full/01,7,6,55.68079712521285,11.832472026348114,0,3.015313166965091,6808446464,90615840768,4.1638583110227627e-07
qwen2_1p5b_32k,galvatron,full,/opt/hbv/trainir-h20-experiments/20260927-v1/runs/qwen2_1p5b_32k/galvatron/full/01,7,7,55.55615361779928,11.80178964138031,0,3.0628864278084684,6808446464,90615840768,2.889743906929609e-07
qwen2_1p5b_32k,galvatron,full,/opt/hbv/trainir-h20-experiments/20260927-v1/runs/qwen2_1p5b_32k/galvatron/full/01,7,8,55.66074223536998,11.788646459579468,0,3.007413604839908,6808446464,90615840768,1.876283841110236e-07
qwen2_1p5b_32k,galvatron,full,/opt/hbv/trainir-h20-experiments/20260927-v1/runs/qwen2_1p5b_32k/galvatron/full/01,7,9,60.7517660362646,11.781240105628967,0,3.049995115932869,6808446464,90674561024,1.224679970165746e-07
qwen2_1p5b_32k,galvatron,full,/opt/hbv/trainir-h20-experiments/20260927-v1/runs/qwen2_1p5b_32k/galvatron/full/01,7,10,59.035852732136846,11.769153118133545,0,3.0738908333489463,6808446464,90674561024,1e-07
qwen2_7b_32k,devastator,full,/opt/hbv/trainir-h20-experiments/20260927-v1/runs/qwen2_7b_32k/devastator/full/01,0,1,268.86883821710944,,0,14.921186447143555,34320850944,58808336384,
qwen2_7b_32k,devastator,full,/opt/hbv/trainir-h20-experiments/20260927-v1/runs/qwen2_7b_32k/devastator/full/01,0,2,200.00588414631784,,0,14.288347244262695,34320850944,65638760448,
qwen2_7b_32k,devastator,full,/opt/hbv/trainir-h20-experiments/20260927-v1/runs/qwen2_7b_32k/devastator/full/01,0,3,200.13484561815858,,0,15.123543739318848,34320850944,66880274432,
qwen2_7b_32k,devastator,full,/opt/hbv/trainir-h20-experiments/20260927-v1/runs/qwen2_7b_32k/devastator/full/01,0,4,199.70780708547682,,0,14.743265151977539,34320850944,66880274432,
qwen2_7b_32k,devastator,full,/opt/hbv/trainir-h20-experiments/20260927-v1/runs/qwen2_7b_32k/devastator/full/01,0,5,200.21468923892826,,0,14.987171173095703,34320850944,66880274432,
qwen2_7b_32k,devastator,full,/opt/hbv/trainir-h20-experiments/20260927-v1/runs/qwen2_7b_32k/devastator/full/01,0,6,199.6657105628401,,0,13.972641944885254,34320850944,66880274432,
qwen2_7b_32k,devastator,full,/opt/hbv/trainir-h20-experiments/20260927-v1/runs/qwen2_7b_32k/devastator/full/01,0,7,199.95392573345453,,0,14.47225570678711,34320850944,66880274432,
qwen2_7b_32k,devastator,full,/opt/hbv/trainir-h20-experiments/20260927-v1/runs/qwen2_7b_32k/devastator/full/01,0,8,199.83056788798422,,0,13.874961853027344,34320850944,66880274432,
qwen2_7b_32k,devastator,full,/opt/hbv/trainir-h20-experiments/20260927-v1/runs/qwen2_7b_32k/devastator/full/01,0,9,199.67076596803963,,0,14.043100357055664,34320850944,66880274432,
qwen2_7b_32k,devastator,full,/opt/hbv/trainir-h20-experiments/20260927-v1/runs/qwen2_7b_32k/devastator/full/01,0,10,199.06122499797493,,0,14.255308151245117,34320850944,66880274432,
qwen2_7b_32k,devastator,full,/opt/hbv/trainir-h20-experiments/20260927-v1/runs/qwen2_7b_32k/devastator/full/01,1,1,268.88543266709894,,0,14.921186447143555,34317705216,57625542656,
qwen2_7b_32k,devastator,full,/opt/hbv/trainir-h20-experiments/20260927-v1/runs/qwen2_7b_32k/devastator/full/01,1,2,200.00561646278948,,0,14.288347244262695,34317705216,66316140544,
qwen2_7b_32k,devastator,full,/opt/hbv/trainir-h20-experiments/20260927-v1/runs/qwen2_7b_32k/devastator/full/01,1,3,200.13474806118757,,0,15.123543739318848,34317705216,66316140544,
qwen2_7b_32k,devastator,full,/opt/hbv/trainir-h20-experiments/20260927-v1/runs/qwen2_7b_32k/devastator/full/01,1,4,199.70772278122604,,0,14.743265151977539,34317705216,66316140544,
qwen2_7b_32k,devastator,full,/opt/hbv/trainir-h20-experiments/20260927-v1/runs/qwen2_7b_32k/devastator/full/01,1,5,200.21459577884525,,0,14.987171173095703,34317705216,66316140544,
qwen2_7b_32k,devastator,full,/opt/hbv/trainir-h20-experiments/20260927-v1/runs/qwen2_7b_32k/devastator/full/01,1,6,199.6650309022516,,0,13.972641944885254,34317705216,66316140544,
qwen2_7b_32k,devastator,full,/opt/hbv/trainir-h20-experiments/20260927-v1/runs/qwen2_7b_32k/devastator/full/01,1,7,199.9538080934435,,0,14.47225570678711,34317705216,66316140544,
qwen2_7b_32k,devastator,full,/opt/hbv/trainir-h20-experiments/20260927-v1/runs/qwen2_7b_32k/devastator/full/01,1,8,199.8304530857131,,0,13.874961853027344,34317705216,66316140544,
qwen2_7b_32k,devastator,full,/opt/hbv/trainir-h20-experiments/20260927-v1/runs/qwen2_7b_32k/devastator/full/01,1,9,199.6708514932543,,0,14.043100357055664,34317705216,66316140544,
qwen2_7b_32k,devastator,full,/opt/hbv/trainir-h20-experiments/20260927-v1/runs/qwen2_7b_32k/devastator/full/01,1,10,199.0611622724682,,0,14.255308151245117,34317705216,66316140544,
qwen2_7b_32k,devastator,full,/opt/hbv/trainir-h20-experiments/20260927-v1/runs/qwen2_7b_32k/devastator/full/01,2,1,268.8751803599298,,0,14.921186447143555,34317705216,57566822400,
qwen2_7b_32k,devastator,full,/opt/hbv/trainir-h20-experiments/20260927-v1/runs/qwen2_7b_32k/devastator/full/01,2,2,200.00601270888,,0,14.288347244262695,34317705216,65638760448,
qwen2_7b_32k,devastator,full,/opt/hbv/trainir-h20-experiments/20260927-v1/runs/qwen2_7b_32k/devastator/full/01,2,3,200.1348360683769,,0,15.123543739318848,34317705216,66880274432,
qwen2_7b_32k,devastator,full,/opt/hbv/trainir-h20-experiments/20260927-v1/runs/qwen2_7b_32k/devastator/full/01,2,4,199.70765059720725,,0,14.743265151977539,34317705216,66880274432,
qwen2_7b_32k,devastator,full,/opt/hbv/trainir-h20-experiments/20260927-v1/runs/qwen2_7b_32k/devastator/full/01,2,5,200.21466578543186,,0,14.987171173095703,34317705216,66880274432,
qwen2_7b_32k,devastator,full,/opt/hbv/trainir-h20-experiments/20260927-v1/runs/qwen2_7b_32k/devastator/full/01,2,6,199.66511051543057,,0,13.972641944885254,34317705216,66880274432,
qwen2_7b_32k,devastator,full,/opt/hbv/trainir-h20-experiments/20260927-v1/runs/qwen2_7b_32k/devastator/full/01,2,7,199.9538860525936,,0,14.47225570678711,34317705216,66880274432,
qwen2_7b_32k,devastator,full,/opt/hbv/trainir-h20-experiments/20260927-v1/runs/qwen2_7b_32k/devastator/full/01,2,8,199.82957810070366,,0,13.874961853027344,34317705216,66880274432,
qwen2_7b_32k,devastator,full,/opt/hbv/trainir-h20-experiments/20260927-v1/runs/qwen2_7b_32k/devastator/full/01,2,9,199.6707691475749,,0,14.043100357055664,34317705216,66880274432,
qwen2_7b_32k,devastator,full,/opt/hbv/trainir-h20-experiments/20260927-v1/runs/qwen2_7b_32k/devastator/full/01,2,10,199.06120915245265,,0,14.255308151245117,34317705216,66880274432,
qwen2_7b_32k,devastator,full,/opt/hbv/trainir-h20-experiments/20260927-v1/runs/qwen2_7b_32k/devastator/full/01,3,1,268.86508094426244,,0,14.921186447143555,34314160128,62472060928,
qwen2_7b_32k,devastator,full,/opt/hbv/trainir-h20-experiments/20260927-v1/runs/qwen2_7b_32k/devastator/full/01,3,2,200.00596970319748,,0,14.288347244262695,34314160128,65575845888,
qwen2_7b_32k,devastator,full,/opt/hbv/trainir-h20-experiments/20260927-v1/runs/qwen2_7b_32k/devastator/full/01,3,3,200.1348333666101,,0,15.123543739318848,34314160128,65575845888,
qwen2_7b_32k,devastator,full,/opt/hbv/trainir-h20-experiments/20260927-v1/runs/qwen2_7b_32k/devastator/full/01,3,4,199.70769797079265,,0,14.743265151977539,34314160128,65575845888,
qwen2_7b_32k,devastator,full,/opt/hbv/trainir-h20-experiments/20260927-v1/runs/qwen2_7b_32k/devastator/full/01,3,5,200.2146661132574,,0,14.987171173095703,34314160128,65575845888,
qwen2_7b_32k,devastator,full,/opt/hbv/trainir-h20-experiments/20260927-v1/runs/qwen2_7b_32k/devastator/full/01,3,6,199.66529243066907,,0,13.972641944885254,34314160128,65575845888,
qwen2_7b_32k,devastator,full,/opt/hbv/trainir-h20-experiments/20260927-v1/runs/qwen2_7b_32k/devastator/full/01,3,7,199.953807849437,,0,14.47225570678711,34314160128,65575845888,
qwen2_7b_32k,devastator,full,/opt/hbv/trainir-h20-experiments/20260927-v1/runs/qwen2_7b_32k/devastator/full/01,3,8,199.83050161786377,,0,13.874961853027344,34314160128,66817359872,
qwen2_7b_32k,devastator,full,/opt/hbv/trainir-h20-experiments/20260927-v1/runs/qwen2_7b_32k/devastator/full/01,3,9,199.6707609090954,,0,14.043100357055664,34314160128,66817359872,
qwen2_7b_32k,devastator,full,/opt/hbv/trainir-h20-experiments/20260927-v1/runs/qwen2_7b_32k/devastator/full/01,3,10,199.0612877542153,,0,14.255308151245117,34314160128,66817359872,
qwen2_7b_32k,devastator,full,/opt/hbv/trainir-h20-experiments/20260927-v1/runs/qwen2_7b_32k/devastator/full/01,4,1,268.88446812704206,12.087483406066895,0,14.921186447143555,34617347072,54972645376,
qwen2_7b_32k,devastator,full,/opt/hbv/trainir-h20-experiments/20260927-v1/runs/qwen2_7b_32k/devastator/full/01,4,2,200.00674761645496,12.098010063171387,0,14.288347244262695,34617348096,64929923072,
qwen2_7b_32k,devastator,full,/opt/hbv/trainir-h20-experiments/20260927-v1/runs/qwen2_7b_32k/devastator/full/01,4,3,200.13587644323707,12.07464599609375,0,15.123543739318848,34617348096,64929923072,
qwen2_7b_32k,devastator,full,/opt/hbv/trainir-h20-experiments/20260927-v1/runs/qwen2_7b_32k/devastator/full/01,4,4,199.70892825257033,12.080276489257812,0,14.743265151977539,34617348096,64929923072,
qwen2_7b_32k,devastator,full,/opt/hbv/trainir-h20-experiments/20260927-v1/runs/qwen2_7b_32k/devastator/full/01,4,5,200.21556620672345,12.026477813720703,0,14.987171173095703,34617348096,64929923072,
qwen2_7b_32k,devastator,full,/opt/hbv/trainir-h20-experiments/20260927-v1/runs/qwen2_7b_32k/devastator/full/01,4,6,199.66703969426453,12.018523216247559,0,13.972641944885254,34617348096,64929923072,
qwen2_7b_32k,devastator,full,/opt/hbv/trainir-h20-experiments/20260927-v1/runs/qwen2_7b_32k/devastator/full/01,4,7,199.95478903129697,11.917245864868164,0,14.47225570678711,34617348096,64929923072,
qwen2_7b_32k,devastator,full,/opt/hbv/trainir-h20-experiments/20260927-v1/runs/qwen2_7b_32k/devastator/full/01,4,8,199.8308724835515,11.887819290161133,0,13.874961853027344,34617348096,64929923072,
qwen2_7b_32k,devastator,full,/opt/hbv/trainir-h20-experiments/20260927-v1/runs/qwen2_7b_32k/devastator/full/01,4,9,199.6720428140834,11.875467300415039,0,14.043100357055664,34617348096,64929923072,
qwen2_7b_32k,devastator,full,/opt/hbv/trainir-h20-experiments/20260927-v1/runs/qwen2_7b_32k/devastator/full/01,4,10,199.06253951974213,11.86084270477295,0,14.255308151245117,34617348096,64929923072,
qwen2_7b_32k,devastator,full,/opt/hbv/trainir-h20-experiments/20260927-v1/runs/qwen2_7b_32k/devastator/full/01,5,1,268.88448160979897,12.087483406066895,0,14.921186447143555,34622852096,55142514688,
qwen2_7b_32k,devastator,full,/opt/hbv/trainir-h20-experiments/20260927-v1/runs/qwen2_7b_32k/devastator/full/01,5,2,200.0067297918722,12.098010063171387,0,14.288347244262695,34622853120,65099792384,
qwen2_7b_32k,devastator,full,/opt/hbv/trainir-h20-experiments/20260927-v1/runs/qwen2_7b_32k/devastator/full/01,5,3,200.13570735696703,12.07464599609375,0,15.123543739318848,34622853120,65099792384,
qwen2_7b_32k,devastator,full,/opt/hbv/trainir-h20-experiments/20260927-v1/runs/qwen2_7b_32k/devastator/full/01,5,4,199.70831954665482,12.080276489257812,0,14.743265151977539,34622853120,65099792384,
qwen2_7b_32k,devastator,full,/opt/hbv/trainir-h20-experiments/20260927-v1/runs/qwen2_7b_32k/devastator/full/01,5,5,200.21564045827836,12.026477813720703,0,14.987171173095703,34622853120,65099792384,
qwen2_7b_32k,devastator,full,/opt/hbv/trainir-h20-experiments/20260927-v1/runs/qwen2_7b_32k/devastator/full/01,5,6,199.6660569095984,12.018523216247559,0,13.972641944885254,34622853120,65099792384,
qwen2_7b_32k,devastator,full,/opt/hbv/trainir-h20-experiments/20260927-v1/runs/qwen2_7b_32k/devastator/full/01,5,7,199.9546995088458,11.917245864868164,0,14.47225570678711,34622853120,65099792384,
qwen2_7b_32k,devastator,full,/opt/hbv/trainir-h20-experiments/20260927-v1/runs/qwen2_7b_32k/devastator/full/01,5,8,199.83077872078866,11.887819290161133,0,13.874961853027344,34622853120,65099792384,
qwen2_7b_32k,devastator,full,/opt/hbv/trainir-h20-experiments/20260927-v1/runs/qwen2_7b_32k/devastator/full/01,5,9,199.67156912665814,11.875467300415039,0,14.043100357055664,34622853120,65099792384,
qwen2_7b_32k,devastator,full,/opt/hbv/trainir-h20-experiments/20260927-v1/runs/qwen2_7b_32k/devastator/full/01,5,10,199.06238437257707,11.86084270477295,0,14.255308151245117,34622853120,65099792384,
qwen2_7b_32k,devastator,full,/opt/hbv/trainir-h20-experiments/20260927-v1/runs/qwen2_7b_32k/devastator/full/01,6,1,268.8845520801842,12.087483406066895,0,14.921186447143555,34622852096,54500786176,
qwen2_7b_32k,devastator,full,/opt/hbv/trainir-h20-experiments/20260927-v1/runs/qwen2_7b_32k/devastator/full/01,6,2,200.00657903030515,12.098010063171387,0,14.288347244262695,34622853120,64458063872,
qwen2_7b_32k,devastator,full,/opt/hbv/trainir-h20-experiments/20260927-v1/runs/qwen2_7b_32k/devastator/full/01,6,3,200.13573935162276,12.07464599609375,0,15.123543739318848,34622853120,64458063872,
qwen2_7b_32k,devastator,full,/opt/hbv/trainir-h20-experiments/20260927-v1/runs/qwen2_7b_32k/devastator/full/01,6,4,199.70872760470957,12.080276489257812,0,14.743265151977539,34622853120,64458063872,
qwen2_7b_32k,devastator,full,/opt/hbv/trainir-h20-experiments/20260927-v1/runs/qwen2_7b_32k/devastator/full/01,6,5,200.2153758853674,12.026477813720703,0,14.987171173095703,34622853120,64458063872,
qwen2_7b_32k,devastator,full,/opt/hbv/trainir-h20-experiments/20260927-v1/runs/qwen2_7b_32k/devastator/full/01,6,6,199.66606683656573,12.018523216247559,0,13.972641944885254,34622853120,64458063872,
qwen2_7b_32k,devastator,full,/opt/hbv/trainir-h20-experiments/20260927-v1/runs/qwen2_7b_32k/devastator/full/01,6,7,199.95462741609663,11.917245864868164,0,14.47225570678711,34622853120,64458063872,
qwen2_7b_32k,devastator,full,/opt/hbv/trainir-h20-experiments/20260927-v1/runs/qwen2_7b_32k/devastator/full/01,6,8,199.83117769658566,11.887819290161133,0,13.874961853027344,34622853120,64458063872,
qwen2_7b_32k,devastator,full,/opt/hbv/trainir-h20-experiments/20260927-v1/runs/qwen2_7b_32k/devastator/full/01,6,9,199.67144635505974,11.875467300415039,0,14.043100357055664,34622853120,64458063872,
qwen2_7b_32k,devastator,full,/opt/hbv/trainir-h20-experiments/20260927-v1/runs/qwen2_7b_32k/devastator/full/01,6,10,199.06202022824436,11.86084270477295,0,14.255308151245117,34622853120,64458063872,
qwen2_7b_32k,devastator,full,/opt/hbv/trainir-h20-experiments/20260927-v1/runs/qwen2_7b_32k/devastator/full/01,7,1,268.8845771495253,12.087483406066895,0,14.921186447143555,34623544832,54559506432,
qwen2_7b_32k,devastator,full,/opt/hbv/trainir-h20-experiments/20260927-v1/runs/qwen2_7b_32k/devastator/full/01,7,2,200.0066989250481,12.098010063171387,0,14.288347244262695,34623545856,64516784128,
qwen2_7b_32k,devastator,full,/opt/hbv/trainir-h20-experiments/20260927-v1/runs/qwen2_7b_32k/devastator/full/01,7,3,200.135860578157,12.07464599609375,0,15.123543739318848,34623545856,64516784128,
qwen2_7b_32k,devastator,full,/opt/hbv/trainir-h20-experiments/20260927-v1/runs/qwen2_7b_32k/devastator/full/01,7,4,199.70846195705235,12.080276489257812,0,14.743265151977539,34623545856,64516784128,
qwen2_7b_32k,devastator,full,/opt/hbv/trainir-h20-experiments/20260927-v1/runs/qwen2_7b_32k/devastator/full/01,7,5,200.21543823648244,12.026477813720703,0,14.987171173095703,34623545856,64516784128,
qwen2_7b_32k,devastator,full,/opt/hbv/trainir-h20-experiments/20260927-v1/runs/qwen2_7b_32k/devastator/full/01,7,6,199.66608870215714,12.018523216247559,0,13.972641944885254,34623545856,64516784128,
qwen2_7b_32k,devastator,full,/opt/hbv/trainir-h20-experiments/20260927-v1/runs/qwen2_7b_32k/devastator/full/01,7,7,199.95471098460257,11.917245864868164,0,14.47225570678711,34623545856,64516784128,
qwen2_7b_32k,devastator,full,/opt/hbv/trainir-h20-experiments/20260927-v1/runs/qwen2_7b_32k/devastator/full/01,7,8,199.8313638549298,11.887819290161133,0,13.874961853027344,34623545856,64516784128,
qwen2_7b_32k,devastator,full,/opt/hbv/trainir-h20-experiments/20260927-v1/runs/qwen2_7b_32k/devastator/full/01,7,9,199.6713836127892,11.875467300415039,0,14.043100357055664,34623545856,64516784128,
qwen2_7b_32k,devastator,full,/opt/hbv/trainir-h20-experiments/20260927-v1/runs/qwen2_7b_32k/devastator/full/01,7,10,199.06209755223244,11.86084270477295,0,14.255308151245117,34623545856,64516784128,
qwen2_7b_32k,galvatron,common,/opt/hbv/trainir-h20-experiments/20260927-v1/runs/qwen2_7b_32k/galvatron/common/02,0,1,182.75503750517964,,0,15.863967065327786,11801198592,62610472960,9.817718381265238e-07
qwen2_7b_32k,galvatron,common,/opt/hbv/trainir-h20-experiments/20260927-v1/runs/qwen2_7b_32k/galvatron/common/02,0,2,169.38317518215626,,0,14.995713702367066,11817969152,71401734144,9.206544616434248e-07
qwen2_7b_32k,galvatron,common,/opt/hbv/trainir-h20-experiments/20260927-v1/runs/qwen2_7b_32k/galvatron/common/02,0,3,169.3817032976076,,0,14.938057733442331,11834746880,71401734144,8.225243592119499e-07
qwen2_7b_32k,galvatron,common,/opt/hbv/trainir-h20-experiments/20260927-v1/runs/qwen2_7b_32k/galvatron/common/02,0,4,169.3647378841415,,0,13.096496439664335,11851524608,71401734144,6.971805834928398e-07
qwen2_7b_32k,galvatron,common,/opt/hbv/trainir-h20-experiments/20260927-v1/runs/qwen2_7b_32k/galvatron/common/02,0,5,169.36119593773037,,0,12.62172361860662,11868302336,71401734144,5.571396837256635e-07
qwen2_7b_32k,galvatron,common,/opt/hbv/trainir-h20-experiments/20260927-v1/runs/qwen2_7b_32k/galvatron/common/02,0,6,169.37615081481636,,0,12.226839553570253,11885080064,71401734144,4.1638583110227627e-07
qwen2_7b_32k,galvatron,common,/opt/hbv/trainir-h20-experiments/20260927-v1/runs/qwen2_7b_32k/galvatron/common/02,0,7,169.35346519947052,,0,11.691823231162452,11901857792,71401734144,2.889743906929609e-07
qwen2_7b_32k,galvatron,common,/opt/hbv/trainir-h20-experiments/20260927-v1/runs/qwen2_7b_32k/galvatron/common/02,0,8,169.35567757859826,,0,11.929269239966436,11918635520,71401734144,1.876283841110236e-07
qwen2_7b_32k,galvatron,common,/opt/hbv/trainir-h20-experiments/20260927-v1/runs/qwen2_7b_32k/galvatron/common/02,0,9,169.35476063005626,,0,11.559511860503669,11935413248,71401734144,1.224679970165746e-07
qwen2_7b_32k,galvatron,common,/opt/hbv/trainir-h20-experiments/20260927-v1/runs/qwen2_7b_32k/galvatron/common/02,0,10,169.36057724244893,,0,11.092017153947113,11952190976,71401734144,1e-07
qwen2_7b_32k,galvatron,common,/opt/hbv/trainir-h20-experiments/20260927-v1/runs/qwen2_7b_32k/galvatron/common/02,1,1,182.75445904489607,,0,15.863967065327786,11776032768,62610472960,9.817718381265238e-07
qwen2_7b_32k,galvatron,common,/opt/hbv/trainir-h20-experiments/20260927-v1/runs/qwen2_7b_32k/galvatron/common/02,1,2,169.38295217044652,,0,14.995713702367066,11792803328,71120715776,9.206544616434248e-07
qwen2_7b_32k,galvatron,common,/opt/hbv/trainir-h20-experiments/20260927-v1/runs/qwen2_7b_32k/galvatron/common/02,1,3,169.3815770689398,,0,14.938057733442331,11809581056,71431094272,8.225243592119499e-07
qwen2_7b_32k,galvatron,common,/opt/hbv/trainir-h20-experiments/20260927-v1/runs/qwen2_7b_32k/galvatron/common/02,1,4,169.36454253271222,,0,13.096496439664335,11826358784,71431094272,6.971805834928398e-07
qwen2_7b_32k,galvatron,common,/opt/hbv/trainir-h20-experiments/20260927-v1/runs/qwen2_7b_32k/galvatron/common/02,1,5,169.36092889029533,,0,12.62172361860662,11843136512,71431094272,5.571396837256635e-07
qwen2_7b_32k,galvatron,common,/opt/hbv/trainir-h20-experiments/20260927-v1/runs/qwen2_7b_32k/galvatron/common/02,1,6,169.37590924091637,,0,12.226839553570253,11859914240,71431094272,4.1638583110227627e-07
qwen2_7b_32k,galvatron,common,/opt/hbv/trainir-h20-experiments/20260927-v1/runs/qwen2_7b_32k/galvatron/common/02,1,7,169.35316949896514,,0,11.691823231162452,11876691968,71431094272,2.889743906929609e-07
qwen2_7b_32k,galvatron,common,/opt/hbv/trainir-h20-experiments/20260927-v1/runs/qwen2_7b_32k/galvatron/common/02,1,8,169.35544170625508,,0,11.929269239966436,11893469696,71431094272,1.876283841110236e-07
qwen2_7b_32k,galvatron,common,/opt/hbv/trainir-h20-experiments/20260927-v1/runs/qwen2_7b_32k/galvatron/common/02,1,9,169.3544793324545,,0,11.559511860503669,11910247424,71431094272,1.224679970165746e-07
qwen2_7b_32k,galvatron,common,/opt/hbv/trainir-h20-experiments/20260927-v1/runs/qwen2_7b_32k/galvatron/common/02,1,10,169.36037512589246,,0,11.092017153947113,11927025152,71431094272,1e-07
qwen2_7b_32k,galvatron,common,/opt/hbv/trainir-h20-experiments/20260927-v1/runs/qwen2_7b_32k/galvatron/common/02,2,1,182.75428464449942,,0,15.863967065327786,11776032768,62920851456,9.817718381265238e-07
qwen2_7b_32k,galvatron,common,/opt/hbv/trainir-h20-experiments/20260927-v1/runs/qwen2_7b_32k/galvatron/common/02,2,2,169.38302726950496,,0,14.995713702367066,11792803328,71418511360,9.206544616434248e-07
qwen2_7b_32k,galvatron,common,/opt/hbv/trainir-h20-experiments/20260927-v1/runs/qwen2_7b_32k/galvatron/common/02,2,3,169.3815354006365,,0,14.938057733442331,11809581056,71418511360,8.225243592119499e-07
qwen2_7b_32k,galvatron,common,/opt/hbv/trainir-h20-experiments/20260927-v1/runs/qwen2_7b_32k/galvatron/common/02,2,4,169.36455955170095,,0,13.096496439664335,11826358784,71418511360,6.971805834928398e-07
qwen2_7b_32k,galvatron,common,/opt/hbv/trainir-h20-experiments/20260927-v1/runs/qwen2_7b_32k/galvatron/common/02,2,5,169.36097550578415,,0,12.62172361860662,11843136512,71418511360,5.571396837256635e-07
qwen2_7b_32k,galvatron,common,/opt/hbv/trainir-h20-experiments/20260927-v1/runs/qwen2_7b_32k/galvatron/common/02,2,6,169.37597106583416,,0,12.226839553570253,11859914240,71418511360,4.1638583110227627e-07
qwen2_7b_32k,galvatron,common,/opt/hbv/trainir-h20-experiments/20260927-v1/runs/qwen2_7b_32k/galvatron/common/02,2,7,169.3532425807789,,0,11.691823231162452,11876691968,71418511360,2.889743906929609e-07
qwen2_7b_32k,galvatron,common,/opt/hbv/trainir-h20-experiments/20260927-v1/runs/qwen2_7b_32k/galvatron/common/02,2,8,169.3554990803823,,0,11.929269239966436,11893469696,71418511360,1.876283841110236e-07
qwen2_7b_32k,galvatron,common,/opt/hbv/trainir-h20-experiments/20260927-v1/runs/qwen2_7b_32k/galvatron/common/02,2,9,169.35454333759844,,0,11.559511860503669,11910247424,71418511360,1.224679970165746e-07
qwen2_7b_32k,galvatron,common,/opt/hbv/trainir-h20-experiments/20260927-v1/runs/qwen2_7b_32k/galvatron/common/02,2,10,169.36043553240597,,0,11.092017153947113,11927025152,71418511360,1e-07
qwen2_7b_32k,galvatron,common,/opt/hbv/trainir-h20-experiments/20260927-v1/runs/qwen2_7b_32k/galvatron/common/02,3,1,182.75562723819166,,0,15.863967065327786,11776032768,62610472960,9.817718381265238e-07
qwen2_7b_32k,galvatron,common,/opt/hbv/trainir-h20-experiments/20260927-v1/runs/qwen2_7b_32k/galvatron/common/02,3,2,169.38315804861486,,0,14.995713702367066,11792803328,71120715776,9.206544616434248e-07
qwen2_7b_32k,galvatron,common,/opt/hbv/trainir-h20-experiments/20260927-v1/runs/qwen2_7b_32k/galvatron/common/02,3,3,169.381697925739,,0,14.938057733442331,11809581056,71431094272,8.225243592119499e-07
qwen2_7b_32k,galvatron,common,/opt/hbv/trainir-h20-experiments/20260927-v1/runs/qwen2_7b_32k/galvatron/common/02,3,4,169.3646875396371,,0,13.096496439664335,11826358784,71431094272,6.971805834928398e-07
qwen2_7b_32k,galvatron,common,/opt/hbv/trainir-h20-experiments/20260927-v1/runs/qwen2_7b_32k/galvatron/common/02,3,5,169.3611595975235,,0,12.62172361860662,11843136512,71431094272,5.571396837256635e-07
qwen2_7b_32k,galvatron,common,/opt/hbv/trainir-h20-experiments/20260927-v1/runs/qwen2_7b_32k/galvatron/common/02,3,6,169.3761379495263,,0,12.226839553570253,11859914240,71431094272,4.1638583110227627e-07
qwen2_7b_32k,galvatron,common,/opt/hbv/trainir-h20-experiments/20260927-v1/runs/qwen2_7b_32k/galvatron/common/02,3,7,169.3533854233101,,0,11.691823231162452,11876691968,71431094272,2.889743906929609e-07
qwen2_7b_32k,galvatron,common,/opt/hbv/trainir-h20-experiments/20260927-v1/runs/qwen2_7b_32k/galvatron/common/02,3,8,169.3556608678773,,0,11.929269239966436,11893469696,71431094272,1.876283841110236e-07
qwen2_7b_32k,galvatron,common,/opt/hbv/trainir-h20-experiments/20260927-v1/runs/qwen2_7b_32k/galvatron/common/02,3,9,169.35475775785744,,0,11.559511860503669,11910247424,71431094272,1.224679970165746e-07
qwen2_7b_32k,galvatron,common,/opt/hbv/trainir-h20-experiments/20260927-v1/runs/qwen2_7b_32k/galvatron/common/02,3,10,169.3606135705486,,0,11.092017153947113,11927025152,71431094272,1e-07
qwen2_7b_32k,galvatron,common,/opt/hbv/trainir-h20-experiments/20260927-v1/runs/qwen2_7b_32k/galvatron/common/02,4,1,182.75522801466286,12.082311794161797,0,15.863967065327786,11792817152,49322917888,9.817718381265238e-07
qwen2_7b_32k,galvatron,common,/opt/hbv/trainir-h20-experiments/20260927-v1/runs/qwen2_7b_32k/galvatron/common/02,4,2,169.38293219730258,12.077822238206863,0,14.995713702367066,11809594880,59280195584,9.206544616434248e-07
qwen2_7b_32k,galvatron,common,/opt/hbv/trainir-h20-experiments/20260927-v1/runs/qwen2_7b_32k/galvatron/common/02,4,3,169.38162659481168,11.824769586324692,0,14.938057733442331,11826372608,59280195584,8.225243592119499e-07
qwen2_7b_32k,galvatron,common,/opt/hbv/trainir-h20-experiments/20260927-v1/runs/qwen2_7b_32k/galvatron/common/02,4,4,169.36443332303315,11.62133203446865,0,13.096496439664335,11843150336,59280195584,6.971805834928398e-07
qwen2_7b_32k,galvatron,common,/opt/hbv/trainir-h20-experiments/20260927-v1/runs/qwen2_7b_32k/galvatron/common/02,4,5,169.36094194091856,11.446132376790047,0,12.62172361860662,11859928064,59280195584,5.571396837256635e-07
qwen2_7b_32k,galvatron,common,/opt/hbv/trainir-h20-experiments/20260927-v1/runs/qwen2_7b_32k/galvatron/common/02,4,6,169.3761082869023,11.363424614071846,0,12.226839553570253,11876705792,59280195584,4.1638583110227627e-07
qwen2_7b_32k,galvatron,common,/opt/hbv/trainir-h20-experiments/20260927-v1/runs/qwen2_7b_32k/galvatron/common/02,4,7,169.35321244876832,11.224516078829765,0,11.691823231162452,11893483520,59280195584,2.889743906929609e-07
qwen2_7b_32k,galvatron,common,/opt/hbv/trainir-h20-experiments/20260927-v1/runs/qwen2_7b_32k/galvatron/common/02,4,8,169.3556522745639,11.195540592074394,0,11.929269239966436,11910261248,59280195584,1.876283841110236e-07
qwen2_7b_32k,galvatron,common,/opt/hbv/trainir-h20-experiments/20260927-v1/runs/qwen2_7b_32k/galvatron/common/02,4,9,169.3545209346339,11.10372394323349,0,11.559511860503669,11927038976,59280195584,1.224679970165746e-07
qwen2_7b_32k,galvatron,common,/opt/hbv/trainir-h20-experiments/20260927-v1/runs/qwen2_7b_32k/galvatron/common/02,4,10,169.36032516229898,11.077605053782463,0,11.092017153947113,11943816704,59280195584,1e-07
qwen2_7b_32k,galvatron,common,/opt/hbv/trainir-h20-experiments/20260927-v1/runs/qwen2_7b_32k/galvatron/common/02,5,1,182.75507795345038,12.082311794161797,0,15.863967065327786,11759263232,49293557760,9.817718381265238e-07
qwen2_7b_32k,galvatron,common,/opt/hbv/trainir-h20-experiments/20260927-v1/runs/qwen2_7b_32k/galvatron/common/02,5,2,169.38284140080214,12.077822238206863,0,14.995713702367066,11776040960,59250835456,9.206544616434248e-07
qwen2_7b_32k,galvatron,common,/opt/hbv/trainir-h20-experiments/20260927-v1/runs/qwen2_7b_32k/galvatron/common/02,5,3,169.3814381994307,11.824769586324692,0,14.938057733442331,11792818688,59250835456,8.225243592119499e-07
qwen2_7b_32k,galvatron,common,/opt/hbv/trainir-h20-experiments/20260927-v1/runs/qwen2_7b_32k/galvatron/common/02,5,4,169.36453383788466,11.62133203446865,0,13.096496439664335,11809596416,59250835456,6.971805834928398e-07
qwen2_7b_32k,galvatron,common,/opt/hbv/trainir-h20-experiments/20260927-v1/runs/qwen2_7b_32k/galvatron/common/02,5,5,169.36109088826925,11.446132376790047,0,12.62172361860662,11826374144,59250835456,5.571396837256635e-07
qwen2_7b_32k,galvatron,common,/opt/hbv/trainir-h20-experiments/20260927-v1/runs/qwen2_7b_32k/galvatron/common/02,5,6,169.37585787381977,11.363424614071846,0,12.226839553570253,11843151872,59250835456,4.1638583110227627e-07
qwen2_7b_32k,galvatron,common,/opt/hbv/trainir-h20-experiments/20260927-v1/runs/qwen2_7b_32k/galvatron/common/02,5,7,169.3532023811713,11.224516078829765,0,11.691823231162452,11859929600,59250835456,2.889743906929609e-07
qwen2_7b_32k,galvatron,common,/opt/hbv/trainir-h20-experiments/20260927-v1/runs/qwen2_7b_32k/galvatron/common/02,5,8,169.355319830589,11.195540592074394,0,11.929269239966436,11876707328,59250835456,1.876283841110236e-07
qwen2_7b_32k,galvatron,common,/opt/hbv/trainir-h20-experiments/20260927-v1/runs/qwen2_7b_32k/galvatron/common/02,5,9,169.3544640513137,11.10372394323349,0,11.559511860503669,11893485056,59250835456,1.224679970165746e-07
qwen2_7b_32k,galvatron,common,/opt/hbv/trainir-h20-experiments/20260927-v1/runs/qwen2_7b_32k/galvatron/common/02,5,10,169.36040231678635,11.077605053782463,0,11.092017153947113,11910262784,59250835456,1e-07
qwen2_7b_32k,galvatron,common,/opt/hbv/trainir-h20-experiments/20260927-v1/runs/qwen2_7b_32k/galvatron/common/02,6,1,182.75493500381708,12.082311794161797,0,15.863967065327786,11759263232,49293557760,9.817718381265238e-07
qwen2_7b_32k,galvatron,common,/opt/hbv/trainir-h20-experiments/20260927-v1/runs/qwen2_7b_32k/galvatron/common/02,6,2,169.38310785684735,12.077822238206863,0,14.995713702367066,11776040960,59250835456,9.206544616434248e-07
qwen2_7b_32k,galvatron,common,/opt/hbv/trainir-h20-experiments/20260927-v1/runs/qwen2_7b_32k/galvatron/common/02,6,3,169.38156792894006,11.824769586324692,0,14.938057733442331,11792818688,59250835456,8.225243592119499e-07
qwen2_7b_32k,galvatron,common,/opt/hbv/trainir-h20-experiments/20260927-v1/runs/qwen2_7b_32k/galvatron/common/02,6,4,169.36469918489456,11.62133203446865,0,13.096496439664335,11809596416,59250835456,6.971805834928398e-07
qwen2_7b_32k,galvatron,common,/opt/hbv/trainir-h20-experiments/20260927-v1/runs/qwen2_7b_32k/galvatron/common/02,6,5,169.36115202400833,11.446132376790047,0,12.62172361860662,11826374144,59250835456,5.571396837256635e-07
qwen2_7b_32k,galvatron,common,/opt/hbv/trainir-h20-experiments/20260927-v1/runs/qwen2_7b_32k/galvatron/common/02,6,6,169.37613098416477,11.363424614071846,0,12.226839553570253,11843151872,59250835456,4.1638583110227627e-07
qwen2_7b_32k,galvatron,common,/opt/hbv/trainir-h20-experiments/20260927-v1/runs/qwen2_7b_32k/galvatron/common/02,6,7,169.35324605647475,11.224516078829765,0,11.691823231162452,11859929600,59250835456,2.889743906929609e-07
qwen2_7b_32k,galvatron,common,/opt/hbv/trainir-h20-experiments/20260927-v1/runs/qwen2_7b_32k/galvatron/common/02,6,8,169.35572299081832,11.195540592074394,0,11.929269239966436,11876707328,59250835456,1.876283841110236e-07
qwen2_7b_32k,galvatron,common,/opt/hbv/trainir-h20-experiments/20260927-v1/runs/qwen2_7b_32k/galvatron/common/02,6,9,169.35461768787354,11.10372394323349,0,11.559511860503669,11893485056,59250835456,1.224679970165746e-07
qwen2_7b_32k,galvatron,common,/opt/hbv/trainir-h20-experiments/20260927-v1/runs/qwen2_7b_32k/galvatron/common/02,6,10,169.3604548079893,11.077605053782463,0,11.092017153947113,11910262784,59250835456,1e-07
qwen2_7b_32k,galvatron,common,/opt/hbv/trainir-h20-experiments/20260927-v1/runs/qwen2_7b_32k/galvatron/common/02,7,1,182.75464609451592,12.082311794161797,0,15.863967065327786,11759263232,49293557760,9.817718381265238e-07
qwen2_7b_32k,galvatron,common,/opt/hbv/trainir-h20-experiments/20260927-v1/runs/qwen2_7b_32k/galvatron/common/02,7,2,169.3829395826906,12.077822238206863,0,14.995713702367066,11776040960,59250835456,9.206544616434248e-07
qwen2_7b_32k,galvatron,common,/opt/hbv/trainir-h20-experiments/20260927-v1/runs/qwen2_7b_32k/galvatron/common/02,7,3,169.3815378928557,11.824769586324692,0,14.938057733442331,11792818688,59250835456,8.225243592119499e-07
qwen2_7b_32k,galvatron,common,/opt/hbv/trainir-h20-experiments/20260927-v1/runs/qwen2_7b_32k/galvatron/common/02,7,4,169.36453550495207,11.62133203446865,0,13.096496439664335,11809596416,59250835456,6.971805834928398e-07
qwen2_7b_32k,galvatron,common,/opt/hbv/trainir-h20-experiments/20260927-v1/runs/qwen2_7b_32k/galvatron/common/02,7,5,169.3609000723809,11.446132376790047,0,12.62172361860662,11826374144,59250835456,5.571396837256635e-07
qwen2_7b_32k,galvatron,common,/opt/hbv/trainir-h20-experiments/20260927-v1/runs/qwen2_7b_32k/galvatron/common/02,7,6,169.37606619670987,11.363424614071846,0,12.226839553570253,11843151872,59250835456,4.1638583110227627e-07
qwen2_7b_32k,galvatron,common,/opt/hbv/trainir-h20-experiments/20260927-v1/runs/qwen2_7b_32k/galvatron/common/02,7,7,169.35340615268797,11.224516078829765,0,11.691823231162452,11859929600,59250835456,2.889743906929609e-07
qwen2_7b_32k,galvatron,common,/opt/hbv/trainir-h20-experiments/20260927-v1/runs/qwen2_7b_32k/galvatron/common/02,7,8,169.35546685010195,11.195540592074394,0,11.929269239966436,11876707328,59250835456,1.876283841110236e-07
qwen2_7b_32k,galvatron,common,/opt/hbv/trainir-h20-experiments/20260927-v1/runs/qwen2_7b_32k/galvatron/common/02,7,9,169.35460312385112,11.10372394323349,0,11.559511860503669,11893485056,59250835456,1.224679970165746e-07
qwen2_7b_32k,galvatron,common,/opt/hbv/trainir-h20-experiments/20260927-v1/runs/qwen2_7b_32k/galvatron/common/02,7,10,169.36053791176528,11.077605053782463,0,11.092017153947113,11910262784,59250835456,1e-07
qwen2_7b_32k,galvatron,full,/opt/hbv/trainir-h20-experiments/20260927-v1/runs/qwen2_7b_32k/galvatron/full/01,0,1,286.8807366434485,12.115373134613037,0,13.129038162272446,13515762688,80692117504,9.817718381265238e-07
qwen2_7b_32k,galvatron,full,/opt/hbv/trainir-h20-experiments/20260927-v1/runs/qwen2_7b_32k/galvatron/full/01,0,2,205.87737036403269,12.110647469758987,0,12.802750315827224,13532540416,90961870848,9.206544616434248e-07
qwen2_7b_32k,galvatron,full,/opt/hbv/trainir-h20-experiments/20260927-v1/runs/qwen2_7b_32k/galvatron/full/01,0,3,181.52002994529903,11.861355245113373,0,12.567449856611224,13549318144,90961870848,8.225243592119499e-07
qwen2_7b_32k,galvatron,full,/opt/hbv/trainir-h20-experiments/20260927-v1/runs/qwen2_7b_32k/galvatron/full/01,0,4,173.69117208756506,11.663320064544678,0,11.172274495698115,13566095872,90961870848,6.971805834928398e-07
qwen2_7b_32k,galvatron,full,/opt/hbv/trainir-h20-experiments/20260927-v1/runs/qwen2_7b_32k/galvatron/full/01,0,5,172.50256969034672,11.486642718315125,0,11.009814998725108,13582873600,90961870848,5.571396837256635e-07
qwen2_7b_32k,galvatron,full,/opt/hbv/trainir-h20-experiments/20260927-v1/runs/qwen2_7b_32k/galvatron/full/01,0,6,173.77928637713194,11.40618434548378,0,10.687531409858815,13599651328,90961870848,4.1638583110227627e-07
qwen2_7b_32k,galvatron,full,/opt/hbv/trainir-h20-experiments/20260927-v1/runs/qwen2_7b_32k/galvatron/full/01,0,7,176.27727399300784,11.2632437646389,0,10.425878942381376,13616429056,90961870848,2.889743906929609e-07
qwen2_7b_32k,galvatron,full,/opt/hbv/trainir-h20-experiments/20260927-v1/runs/qwen2_7b_32k/galvatron/full/01,0,8,173.45102061051875,11.213814407587051,0,10.213939969578265,13633206784,90961870848,1.876283841110236e-07
qwen2_7b_32k,galvatron,full,/opt/hbv/trainir-h20-experiments/20260927-v1/runs/qwen2_7b_32k/galvatron/full/01,0,9,173.08176712878048,11.150237113237381,0,10.103991907450258,13649984512,90961870848,1.224679970165746e-07
qwen2_7b_32k,galvatron,full,/opt/hbv/trainir-h20-experiments/20260927-v1/runs/qwen2_7b_32k/galvatron/full/01,0,10,172.5395226282999,11.114668279886246,0,9.74073860266205,13666762240,90961870848,1e-07
qwen2_7b_32k,galvatron,full,/opt/hbv/trainir-h20-experiments/20260927-v1/runs/qwen2_7b_32k/galvatron/full/01,1,1,286.87813664600253,12.115373134613037,0,13.129038162272446,13515762688,80692117504,9.817718381265238e-07
qwen2_7b_32k,galvatron,full,/opt/hbv/trainir-h20-experiments/20260927-v1/runs/qwen2_7b_32k/galvatron/full/01,1,2,205.86272506602108,12.110647469758987,0,12.802750315827224,13532540416,91138031616,9.206544616434248e-07
qwen2_7b_32k,galvatron,full,/opt/hbv/trainir-h20-experiments/20260927-v1/runs/qwen2_7b_32k/galvatron/full/01,1,3,181.5197219159454,11.861355245113373,0,12.567449856611224,13549318144,91138031616,8.225243592119499e-07
qwen2_7b_32k,galvatron,full,/opt/hbv/trainir-h20-experiments/20260927-v1/runs/qwen2_7b_32k/galvatron/full/01,1,4,173.6908856127411,11.663320064544678,0,11.172274495698115,13566095872,91138031616,6.971805834928398e-07
qwen2_7b_32k,galvatron,full,/opt/hbv/trainir-h20-experiments/20260927-v1/runs/qwen2_7b_32k/galvatron/full/01,1,5,172.50235580839217,11.486642718315125,0,11.009814998725108,13582873600,91138031616,5.571396837256635e-07
qwen2_7b_32k,galvatron,full,/opt/hbv/trainir-h20-experiments/20260927-v1/runs/qwen2_7b_32k/galvatron/full/01,1,6,173.7790405144915,11.40618434548378,0,10.687531409858815,13599651328,91138031616,4.1638583110227627e-07
qwen2_7b_32k,galvatron,full,/opt/hbv/trainir-h20-experiments/20260927-v1/runs/qwen2_7b_32k/galvatron/full/01,1,7,176.2769768415019,11.2632437646389,0,10.425878942381376,13616429056,91138031616,2.889743906929609e-07
qwen2_7b_32k,galvatron,full,/opt/hbv/trainir-h20-experiments/20260927-v1/runs/qwen2_7b_32k/galvatron/full/01,1,8,173.45070135220885,11.213814407587051,0,10.213939969578265,13633206784,91138031616,1.876283841110236e-07
qwen2_7b_32k,galvatron,full,/opt/hbv/trainir-h20-experiments/20260927-v1/runs/qwen2_7b_32k/galvatron/full/01,1,9,173.08149226754904,11.150237113237381,0,10.103991907450258,13649984512,91138031616,1.224679970165746e-07
qwen2_7b_32k,galvatron,full,/opt/hbv/trainir-h20-experiments/20260927-v1/runs/qwen2_7b_32k/galvatron/full/01,1,10,172.53924045339227,11.114668279886246,0,9.74073860266205,13666762240,91138031616,1e-07
qwen2_7b_32k,galvatron,full,/opt/hbv/trainir-h20-experiments/20260927-v1/runs/qwen2_7b_32k/galvatron/full/01,2,1,286.8780770264566,12.115373134613037,0,13.129038162272446,13515762688,80692117504,9.817718381265238e-07
qwen2_7b_32k,galvatron,full,/opt/hbv/trainir-h20-experiments/20260927-v1/runs/qwen2_7b_32k/galvatron/full/01,2,2,205.8627547705546,12.110647469758987,0,12.802750315827224,13532540416,91138031616,9.206544616434248e-07
qwen2_7b_32k,galvatron,full,/opt/hbv/trainir-h20-experiments/20260927-v1/runs/qwen2_7b_32k/galvatron/full/01,2,3,181.519759404473,11.861355245113373,0,12.567449856611224,13549318144,91138031616,8.225243592119499e-07
qwen2_7b_32k,galvatron,full,/opt/hbv/trainir-h20-experiments/20260927-v1/runs/qwen2_7b_32k/galvatron/full/01,2,4,173.69089479371905,11.663320064544678,0,11.172274495698115,13566095872,91138031616,6.971805834928398e-07
qwen2_7b_32k,galvatron,full,/opt/hbv/trainir-h20-experiments/20260927-v1/runs/qwen2_7b_32k/galvatron/full/01,2,5,172.5023341635242,11.486642718315125,0,11.009814998725108,13582873600,91138031616,5.571396837256635e-07
qwen2_7b_32k,galvatron,full,/opt/hbv/trainir-h20-experiments/20260927-v1/runs/qwen2_7b_32k/galvatron/full/01,2,6,173.77903433144093,11.40618434548378,0,10.687531409858815,13599651328,91138031616,4.1638583110227627e-07
qwen2_7b_32k,galvatron,full,/opt/hbv/trainir-h20-experiments/20260927-v1/runs/qwen2_7b_32k/galvatron/full/01,2,7,176.27701832633466,11.2632437646389,0,10.425878942381376,13616429056,91138031616,2.889743906929609e-07
qwen2_7b_32k,galvatron,full,/opt/hbv/trainir-h20-experiments/20260927-v1/runs/qwen2_7b_32k/galvatron/full/01,2,8,173.4507583817467,11.213814407587051,0,10.213939969578265,13633206784,91138031616,1.876283841110236e-07
qwen2_7b_32k,galvatron,full,/opt/hbv/trainir-h20-experiments/20260927-v1/runs/qwen2_7b_32k/galvatron/full/01,2,9,173.08148919790983,11.150237113237381,0,10.103991907450258,13649984512,91138031616,1.224679970165746e-07
qwen2_7b_32k,galvatron,full,/opt/hbv/trainir-h20-experiments/20260927-v1/runs/qwen2_7b_32k/galvatron/full/01,2,10,172.5392161095515,11.114668279886246,0,9.74073860266205,13666762240,91138031616,1e-07
qwen2_7b_32k,galvatron,full,/opt/hbv/trainir-h20-experiments/20260927-v1/runs/qwen2_7b_32k/galvatron/full/01,3,1,286.8782919999212,12.115373134613037,0,13.129038162272446,13515762688,80692117504,9.817718381265238e-07
qwen2_7b_32k,galvatron,full,/opt/hbv/trainir-h20-experiments/20260927-v1/runs/qwen2_7b_32k/galvatron/full/01,3,2,205.86284217238426,12.110647469758987,0,12.802750315827224,13532540416,91138031616,9.206544616434248e-07
qwen2_7b_32k,galvatron,full,/opt/hbv/trainir-h20-experiments/20260927-v1/runs/qwen2_7b_32k/galvatron/full/01,3,3,181.51983598526567,11.861355245113373,0,12.567449856611224,13549318144,91138031616,8.225243592119499e-07
qwen2_7b_32k,galvatron,full,/opt/hbv/trainir-h20-experiments/20260927-v1/runs/qwen2_7b_32k/galvatron/full/01,3,4,173.69099103752524,11.663320064544678,0,11.172274495698115,13566095872,91138031616,6.971805834928398e-07
qwen2_7b_32k,galvatron,full,/opt/hbv/trainir-h20-experiments/20260927-v1/runs/qwen2_7b_32k/galvatron/full/01,3,5,172.5024622566998,11.486642718315125,0,11.009814998725108,13582873600,91138031616,5.571396837256635e-07
qwen2_7b_32k,galvatron,full,/opt/hbv/trainir-h20-experiments/20260927-v1/runs/qwen2_7b_32k/galvatron/full/01,3,6,173.77913526911288,11.40618434548378,0,10.687531409858815,13599651328,91138031616,4.1638583110227627e-07
qwen2_7b_32k,galvatron,full,/opt/hbv/trainir-h20-experiments/20260927-v1/runs/qwen2_7b_32k/galvatron/full/01,3,7,176.2771195853129,11.2632437646389,0,10.425878942381376,13616429056,91138031616,2.889743906929609e-07
qwen2_7b_32k,galvatron,full,/opt/hbv/trainir-h20-experiments/20260927-v1/runs/qwen2_7b_32k/galvatron/full/01,3,8,173.45086416881531,11.213814407587051,0,10.213939969578265,13633206784,91138031616,1.876283841110236e-07
qwen2_7b_32k,galvatron,full,/opt/hbv/trainir-h20-experiments/20260927-v1/runs/qwen2_7b_32k/galvatron/full/01,3,9,173.0816010562703,11.150237113237381,0,10.103991907450258,13649984512,91138031616,1.224679970165746e-07
qwen2_7b_32k,galvatron,full,/opt/hbv/trainir-h20-experiments/20260927-v1/runs/qwen2_7b_32k/galvatron/full/01,3,10,172.53935749828815,11.114668279886246,0,9.74073860266205,13666762240,91138031616,1e-07
qwen2_7b_32k,galvatron,full,/opt/hbv/trainir-h20-experiments/20260927-v1/runs/qwen2_7b_32k/galvatron/full/01,4,1,286.8781627351418,12.115373134613037,0,13.129038162272446,13515762688,80555802624,9.817718381265238e-07
qwen2_7b_32k,galvatron,full,/opt/hbv/trainir-h20-experiments/20260927-v1/runs/qwen2_7b_32k/galvatron/full/01,4,2,205.86267372313887,12.110647469758987,0,12.802750315827224,13532540416,91236597760,9.206544616434248e-07
qwen2_7b_32k,galvatron,full,/opt/hbv/trainir-h20-experiments/20260927-v1/runs/qwen2_7b_32k/galvatron/full/01,4,3,181.51972144376487,11.861355245113373,0,12.567449856611224,13549318144,91236597760,8.225243592119499e-07
qwen2_7b_32k,galvatron,full,/opt/hbv/trainir-h20-experiments/20260927-v1/runs/qwen2_7b_32k/galvatron/full/01,4,4,173.69083219766617,11.663320064544678,0,11.172274495698115,13566095872,91236597760,6.971805834928398e-07
qwen2_7b_32k,galvatron,full,/opt/hbv/trainir-h20-experiments/20260927-v1/runs/qwen2_7b_32k/galvatron/full/01,4,5,172.50227274559438,11.486642718315125,0,11.009814998725108,13582873600,91236597760,5.571396837256635e-07
qwen2_7b_32k,galvatron,full,/opt/hbv/trainir-h20-experiments/20260927-v1/runs/qwen2_7b_32k/galvatron/full/01,4,6,173.77897811401635,11.40618434548378,0,10.687531409858815,13599651328,91236597760,4.1638583110227627e-07
qwen2_7b_32k,galvatron,full,/opt/hbv/trainir-h20-experiments/20260927-v1/runs/qwen2_7b_32k/galvatron/full/01,4,7,176.27694256417453,11.2632437646389,0,10.425878942381376,13616429056,91236597760,2.889743906929609e-07
qwen2_7b_32k,galvatron,full,/opt/hbv/trainir-h20-experiments/20260927-v1/runs/qwen2_7b_32k/galvatron/full/01,4,8,173.450729184784,11.213814407587051,0,10.213939969578265,13633206784,91236597760,1.876283841110236e-07
qwen2_7b_32k,galvatron,full,/opt/hbv/trainir-h20-experiments/20260927-v1/runs/qwen2_7b_32k/galvatron/full/01,4,9,173.08143118489534,11.150237113237381,0,10.103991907450258,13649984512,91236597760,1.224679970165746e-07
qwen2_7b_32k,galvatron,full,/opt/hbv/trainir-h20-experiments/20260927-v1/runs/qwen2_7b_32k/galvatron/full/01,4,10,172.53920775745064,11.114668279886246,0,9.74073860266205,13666762240,91236597760,1e-07
qwen2_7b_32k,galvatron,full,/opt/hbv/trainir-h20-experiments/20260927-v1/runs/qwen2_7b_32k/galvatron/full/01,5,1,286.87820170260966,12.115373134613037,0,13.129038162272446,13515762688,80555802624,9.817718381265238e-07
qwen2_7b_32k,galvatron,full,/opt/hbv/trainir-h20-experiments/20260927-v1/runs/qwen2_7b_32k/galvatron/full/01,5,2,205.8627355247736,12.110647469758987,0,12.802750315827224,13532540416,91236597760,9.206544616434248e-07
qwen2_7b_32k,galvatron,full,/opt/hbv/trainir-h20-experiments/20260927-v1/runs/qwen2_7b_32k/galvatron/full/01,5,3,181.519766475074,11.861355245113373,0,12.567449856611224,13549318144,91236597760,8.225243592119499e-07
qwen2_7b_32k,galvatron,full,/opt/hbv/trainir-h20-experiments/20260927-v1/runs/qwen2_7b_32k/galvatron/full/01,5,4,173.69089257065207,11.663320064544678,0,11.172274495698115,13566095872,91236597760,6.971805834928398e-07
qwen2_7b_32k,galvatron,full,/opt/hbv/trainir-h20-experiments/20260927-v1/runs/qwen2_7b_32k/galvatron/full/01,5,5,172.50237131863832,11.486642718315125,0,11.009814998725108,13582873600,91236597760,5.571396837256635e-07
qwen2_7b_32k,galvatron,full,/opt/hbv/trainir-h20-experiments/20260927-v1/runs/qwen2_7b_32k/galvatron/full/01,5,6,173.77906541526318,11.40618434548378,0,10.687531409858815,13599651328,91236597760,4.1638583110227627e-07
qwen2_7b_32k,galvatron,full,/opt/hbv/trainir-h20-experiments/20260927-v1/runs/qwen2_7b_32k/galvatron/full/01,5,7,176.27701939828694,11.2632437646389,0,10.425878942381376,13616429056,91236597760,2.889743906929609e-07
qwen2_7b_32k,galvatron,full,/opt/hbv/trainir-h20-experiments/20260927-v1/runs/qwen2_7b_32k/galvatron/full/01,5,8,173.45077258069068,11.213814407587051,0,10.213939969578265,13633206784,91236597760,1.876283841110236e-07
qwen2_7b_32k,galvatron,full,/opt/hbv/trainir-h20-experiments/20260927-v1/runs/qwen2_7b_32k/galvatron/full/01,5,9,173.08150528464466,11.150237113237381,0,10.103991907450258,13649984512,91236597760,1.224679970165746e-07
qwen2_7b_32k,galvatron,full,/opt/hbv/trainir-h20-experiments/20260927-v1/runs/qwen2_7b_32k/galvatron/full/01,5,10,172.53923941310495,11.114668279886246,0,9.74073860266205,13666762240,91236597760,1e-07
qwen2_7b_32k,galvatron,full,/opt/hbv/trainir-h20-experiments/20260927-v1/runs/qwen2_7b_32k/galvatron/full/01,6,1,286.8776655839756,12.115373134613037,0,13.129038162272446,13515762688,80555802624,9.817718381265238e-07
qwen2_7b_32k,galvatron,full,/opt/hbv/trainir-h20-experiments/20260927-v1/runs/qwen2_7b_32k/galvatron/full/01,6,2,205.86274544615299,12.110647469758987,0,12.802750315827224,13532540416,91236597760,9.206544616434248e-07
qwen2_7b_32k,galvatron,full,/opt/hbv/trainir-h20-experiments/20260927-v1/runs/qwen2_7b_32k/galvatron/full/01,6,3,181.51984848920256,11.861355245113373,0,12.567449856611224,13549318144,91236597760,8.225243592119499e-07
qwen2_7b_32k,galvatron,full,/opt/hbv/trainir-h20-experiments/20260927-v1/runs/qwen2_7b_32k/galvatron/full/01,6,4,173.69094106275588,11.663320064544678,0,11.172274495698115,13566095872,91236597760,6.971805834928398e-07
qwen2_7b_32k,galvatron,full,/opt/hbv/trainir-h20-experiments/20260927-v1/runs/qwen2_7b_32k/galvatron/full/01,6,5,172.50235262140632,11.486642718315125,0,11.009814998725108,13582873600,91236597760,5.571396837256635e-07
qwen2_7b_32k,galvatron,full,/opt/hbv/trainir-h20-experiments/20260927-v1/runs/qwen2_7b_32k/galvatron/full/01,6,6,173.77914371155202,11.40618434548378,0,10.687531409858815,13599651328,91236597760,4.1638583110227627e-07
qwen2_7b_32k,galvatron,full,/opt/hbv/trainir-h20-experiments/20260927-v1/runs/qwen2_7b_32k/galvatron/full/01,6,7,176.2770378207788,11.2632437646389,0,10.425878942381376,13616429056,91236597760,2.889743906929609e-07
qwen2_7b_32k,galvatron,full,/opt/hbv/trainir-h20-experiments/20260927-v1/runs/qwen2_7b_32k/galvatron/full/01,6,8,173.45081604924053,11.213814407587051,0,10.213939969578265,13633206784,91236597760,1.876283841110236e-07
qwen2_7b_32k,galvatron,full,/opt/hbv/trainir-h20-experiments/20260927-v1/runs/qwen2_7b_32k/galvatron/full/01,6,9,173.08155434485525,11.150237113237381,0,10.103991907450258,13649984512,91236597760,1.224679970165746e-07
qwen2_7b_32k,galvatron,full,/opt/hbv/trainir-h20-experiments/20260927-v1/runs/qwen2_7b_32k/galvatron/full/01,6,10,172.53930504526943,11.114668279886246,0,9.74073860266205,13666762240,91236597760,1e-07
qwen2_7b_32k,galvatron,full,/opt/hbv/trainir-h20-experiments/20260927-v1/runs/qwen2_7b_32k/galvatron/full/01,7,1,286.8771725241095,12.115373134613037,0,13.129038162272446,13515762688,80555802624,9.817718381265238e-07
qwen2_7b_32k,galvatron,full,/opt/hbv/trainir-h20-experiments/20260927-v1/runs/qwen2_7b_32k/galvatron/full/01,7,2,205.86282108724117,12.110647469758987,0,12.802750315827224,13532540416,91236597760,9.206544616434248e-07
qwen2_7b_32k,galvatron,full,/opt/hbv/trainir-h20-experiments/20260927-v1/runs/qwen2_7b_32k/galvatron/full/01,7,3,181.51988474372774,11.861355245113373,0,12.567449856611224,13549318144,91236597760,8.225243592119499e-07
qwen2_7b_32k,galvatron,full,/opt/hbv/trainir-h20-experiments/20260927-v1/runs/qwen2_7b_32k/galvatron/full/01,7,4,173.69100665859878,11.663320064544678,0,11.172274495698115,13566095872,91236597760,6.971805834928398e-07
qwen2_7b_32k,galvatron,full,/opt/hbv/trainir-h20-experiments/20260927-v1/runs/qwen2_7b_32k/galvatron/full/01,7,5,172.5024501569569,11.486642718315125,0,11.009814998725108,13582873600,91236597760,5.571396837256635e-07
qwen2_7b_32k,galvatron,full,/opt/hbv/trainir-h20-experiments/20260927-v1/runs/qwen2_7b_32k/galvatron/full/01,7,6,173.77920938190073,11.40618434548378,0,10.687531409858815,13599651328,91236597760,4.1638583110227627e-07
qwen2_7b_32k,galvatron,full,/opt/hbv/trainir-h20-experiments/20260927-v1/runs/qwen2_7b_32k/galvatron/full/01,7,7,176.2771107684821,11.2632437646389,0,10.425878942381376,13616429056,91236597760,2.889743906929609e-07
qwen2_7b_32k,galvatron,full,/opt/hbv/trainir-h20-experiments/20260927-v1/runs/qwen2_7b_32k/galvatron/full/01,7,8,173.4508715616539,11.213814407587051,0,10.213939969578265,13633206784,91236597760,1.876283841110236e-07
qwen2_7b_32k,galvatron,full,/opt/hbv/trainir-h20-experiments/20260927-v1/runs/qwen2_7b_32k/galvatron/full/01,7,9,173.08164787758142,11.150237113237381,0,10.103991907450258,13649984512,91236597760,1.224679970165746e-07
qwen2_7b_32k,galvatron,full,/opt/hbv/trainir-h20-experiments/20260927-v1/runs/qwen2_7b_32k/galvatron/full/01,7,10,172.53939804434776,11.114668279886246,0,9.74073860266205,13666762240,91236597760,1e-07
qwen25_14b_8k,devastator,common,/opt/hbv/trainir-h20-experiments/20260927-v1/runs/qwen25_14b_8k/devastator/common/01,0,1,126.37498463410884,,0,11.012970924377441,36826619904,64596475904,
qwen25_14b_8k,devastator,common,/opt/hbv/trainir-h20-experiments/20260927-v1/runs/qwen25_14b_8k/devastator/common/01,0,2,63.98117076698691,,0,11.38902759552002,36826619904,72326578176,
qwen25_14b_8k,devastator,common,/opt/hbv/trainir-h20-experiments/20260927-v1/runs/qwen25_14b_8k/devastator/common/01,0,3,64.02972523588687,,0,11.790785789489746,36826619904,72326578176,
qwen25_14b_8k,devastator,common,/opt/hbv/trainir-h20-experiments/20260927-v1/runs/qwen25_14b_8k/devastator/common/01,0,4,63.97771898005158,,0,11.34080982208252,36826619904,72326578176,
qwen25_14b_8k,devastator,common,/opt/hbv/trainir-h20-experiments/20260927-v1/runs/qwen25_14b_8k/devastator/common/01,0,5,64.05328626651317,,0,11.52729606628418,36826619904,72326578176,
qwen25_14b_8k,devastator,common,/opt/hbv/trainir-h20-experiments/20260927-v1/runs/qwen25_14b_8k/devastator/common/01,0,6,63.96852320805192,,0,11.207661628723145,36826619904,72326578176,
qwen25_14b_8k,devastator,common,/opt/hbv/trainir-h20-experiments/20260927-v1/runs/qwen25_14b_8k/devastator/common/01,0,7,64.00182660389692,,0,11.547588348388672,36826619904,72326578176,
qwen25_14b_8k,devastator,common,/opt/hbv/trainir-h20-experiments/20260927-v1/runs/qwen25_14b_8k/devastator/common/01,0,8,63.94366857688874,,0,11.390310287475586,36826619904,72326578176,
qwen25_14b_8k,devastator,common,/opt/hbv/trainir-h20-experiments/20260927-v1/runs/qwen25_14b_8k/devastator/common/01,0,9,63.9780555088073,,0,11.782301902770996,36826619904,72326578176,
qwen25_14b_8k,devastator,common,/opt/hbv/trainir-h20-experiments/20260927-v1/runs/qwen25_14b_8k/devastator/common/01,0,10,64.24401039071381,,0,11.160731315612793,36826619904,72326578176,
qwen25_14b_8k,devastator,common,/opt/hbv/trainir-h20-experiments/20260927-v1/runs/qwen25_14b_8k/devastator/common/01,1,1,126.37491883523762,,0,11.012970924377441,36826619904,64663584768,
qwen25_14b_8k,devastator,common,/opt/hbv/trainir-h20-experiments/20260927-v1/runs/qwen25_14b_8k/devastator/common/01,1,2,63.981165879406035,,0,11.38902759552002,36826619904,72251080704,
qwen25_14b_8k,devastator,common,/opt/hbv/trainir-h20-experiments/20260927-v1/runs/qwen25_14b_8k/devastator/common/01,1,3,64.02974973525852,,0,11.790785789489746,36826619904,72251080704,
qwen25_14b_8k,devastator,common,/opt/hbv/trainir-h20-experiments/20260927-v1/runs/qwen25_14b_8k/devastator/common/01,1,4,63.9776662979275,,0,11.34080982208252,36826619904,72251080704,
qwen25_14b_8k,devastator,common,/opt/hbv/trainir-h20-experiments/20260927-v1/runs/qwen25_14b_8k/devastator/common/01,1,5,64.05330325476825,,0,11.52729606628418,36826619904,72251080704,
qwen25_14b_8k,devastator,common,/opt/hbv/trainir-h20-experiments/20260927-v1/runs/qwen25_14b_8k/devastator/common/01,1,6,63.96842401009053,,0,11.207661628723145,36826619904,72251080704,
qwen25_14b_8k,devastator,common,/opt/hbv/trainir-h20-experiments/20260927-v1/runs/qwen25_14b_8k/devastator/common/01,1,7,64.00182134099305,,0,11.547588348388672,36826619904,72251080704,
qwen25_14b_8k,devastator,common,/opt/hbv/trainir-h20-experiments/20260927-v1/runs/qwen25_14b_8k/devastator/common/01,1,8,63.94377649575472,,0,11.390310287475586,36826619904,72251080704,
qwen25_14b_8k,devastator,common,/opt/hbv/trainir-h20-experiments/20260927-v1/runs/qwen25_14b_8k/devastator/common/01,1,9,63.97803846653551,,0,11.782301902770996,36826619904,72251080704,
qwen25_14b_8k,devastator,common,/opt/hbv/trainir-h20-experiments/20260927-v1/runs/qwen25_14b_8k/devastator/common/01,1,10,64.24399098195136,,0,11.160731315612793,36826619904,72251080704,
qwen25_14b_8k,devastator,common,/opt/hbv/trainir-h20-experiments/20260927-v1/runs/qwen25_14b_8k/devastator/common/01,2,1,126.37504974007607,,0,11.012970924377441,29909426176,46294630400,
qwen25_14b_8k,devastator,common,/opt/hbv/trainir-h20-experiments/20260927-v1/runs/qwen25_14b_8k/devastator/common/01,2,2,63.981166430749,,0,11.38902759552002,29909426176,53838086144,
qwen25_14b_8k,devastator,common,/opt/hbv/trainir-h20-experiments/20260927-v1/runs/qwen25_14b_8k/devastator/common/01,2,3,64.0297592068091,,0,11.790785789489746,29909426176,53838086144,
qwen25_14b_8k,devastator,common,/opt/hbv/trainir-h20-experiments/20260927-v1/runs/qwen25_14b_8k/devastator/common/01,2,4,63.9776023235172,,0,11.34080982208252,29909426176,53838086144,
qwen25_14b_8k,devastator,common,/opt/hbv/trainir-h20-experiments/20260927-v1/runs/qwen25_14b_8k/devastator/common/01,2,5,64.05335855297744,,0,11.52729606628418,29909426176,53838086144,
qwen25_14b_8k,devastator,common,/opt/hbv/trainir-h20-experiments/20260927-v1/runs/qwen25_14b_8k/devastator/common/01,2,6,63.9683650014922,,0,11.207661628723145,29909426176,53838086144,
qwen25_14b_8k,devastator,common,/opt/hbv/trainir-h20-experiments/20260927-v1/runs/qwen25_14b_8k/devastator/common/01,2,7,64.00183287635446,,0,11.547588348388672,29909426176,53838086144,
qwen25_14b_8k,devastator,common,/opt/hbv/trainir-h20-experiments/20260927-v1/runs/qwen25_14b_8k/devastator/common/01,2,8,63.9437798159197,,0,11.390310287475586,29909426176,53838086144,
qwen25_14b_8k,devastator,common,/opt/hbv/trainir-h20-experiments/20260927-v1/runs/qwen25_14b_8k/devastator/common/01,2,9,63.978322891518474,,0,11.782301902770996,29909426176,53838086144,
qwen25_14b_8k,devastator,common,/opt/hbv/trainir-h20-experiments/20260927-v1/runs/qwen25_14b_8k/devastator/common/01,2,10,64.24400046560913,,0,11.160731315612793,29909426176,53838086144,
qwen25_14b_8k,devastator,common,/opt/hbv/trainir-h20-experiments/20260927-v1/runs/qwen25_14b_8k/devastator/common/01,3,1,126.37491947971284,,0,11.012970924377441,29909426176,46294630400,
qwen25_14b_8k,devastator,common,/opt/hbv/trainir-h20-experiments/20260927-v1/runs/qwen25_14b_8k/devastator/common/01,3,2,63.98124157451093,,0,11.38902759552002,29909426176,53838086144,
qwen25_14b_8k,devastator,common,/opt/hbv/trainir-h20-experiments/20260927-v1/runs/qwen25_14b_8k/devastator/common/01,3,3,64.02984182909131,,0,11.790785789489746,29909426176,53838086144,
qwen25_14b_8k,devastator,common,/opt/hbv/trainir-h20-experiments/20260927-v1/runs/qwen25_14b_8k/devastator/common/01,3,4,63.97765847295523,,0,11.34080982208252,29909426176,53838086144,
qwen25_14b_8k,devastator,common,/opt/hbv/trainir-h20-experiments/20260927-v1/runs/qwen25_14b_8k/devastator/common/01,3,5,64.05333454627544,,0,11.52729606628418,29909426176,53838086144,
qwen25_14b_8k,devastator,common,/opt/hbv/trainir-h20-experiments/20260927-v1/runs/qwen25_14b_8k/devastator/common/01,3,6,63.9683755626902,,0,11.207661628723145,29909426176,53838086144,
qwen25_14b_8k,devastator,common,/opt/hbv/trainir-h20-experiments/20260927-v1/runs/qwen25_14b_8k/devastator/common/01,3,7,64.00183146167547,,0,11.547588348388672,29909426176,53838086144,
qwen25_14b_8k,devastator,common,/opt/hbv/trainir-h20-experiments/20260927-v1/runs/qwen25_14b_8k/devastator/common/01,3,8,63.94377842452377,,0,11.390310287475586,29909426176,53838086144,
qwen25_14b_8k,devastator,common,/opt/hbv/trainir-h20-experiments/20260927-v1/runs/qwen25_14b_8k/devastator/common/01,3,9,63.978368452750146,,0,11.782301902770996,29909426176,53838086144,
qwen25_14b_8k,devastator,common,/opt/hbv/trainir-h20-experiments/20260927-v1/runs/qwen25_14b_8k/devastator/common/01,3,10,64.24397570453584,,0,11.160731315612793,29909426176,53838086144,
qwen25_14b_8k,devastator,common,/opt/hbv/trainir-h20-experiments/20260927-v1/runs/qwen25_14b_8k/devastator/common/01,4,1,126.3749924050644,,0,11.012970924377441,29909426176,38942015488,
qwen25_14b_8k,devastator,common,/opt/hbv/trainir-h20-experiments/20260927-v1/runs/qwen25_14b_8k/devastator/common/01,4,2,63.981310666538775,,0,11.38902759552002,29909426176,46300921856,
qwen25_14b_8k,devastator,common,/opt/hbv/trainir-h20-experiments/20260927-v1/runs/qwen25_14b_8k/devastator/common/01,4,3,64.02985866274685,,0,11.790785789489746,29909426176,46300921856,
qwen25_14b_8k,devastator,common,/opt/hbv/trainir-h20-experiments/20260927-v1/runs/qwen25_14b_8k/devastator/common/01,4,4,63.97768712602556,,0,11.34080982208252,29909426176,46300921856,
qwen25_14b_8k,devastator,common,/opt/hbv/trainir-h20-experiments/20260927-v1/runs/qwen25_14b_8k/devastator/common/01,4,5,64.05334909446537,,0,11.52729606628418,29909426176,46300921856,
qwen25_14b_8k,devastator,common,/opt/hbv/trainir-h20-experiments/20260927-v1/runs/qwen25_14b_8k/devastator/common/01,4,6,63.968423812650144,,0,11.207661628723145,29909426176,46300921856,
qwen25_14b_8k,devastator,common,/opt/hbv/trainir-h20-experiments/20260927-v1/runs/qwen25_14b_8k/devastator/common/01,4,7,64.00179652310908,,0,11.547588348388672,29909426176,46300921856,
qwen25_14b_8k,devastator,common,/opt/hbv/trainir-h20-experiments/20260927-v1/runs/qwen25_14b_8k/devastator/common/01,4,8,63.94373590219766,,0,11.390310287475586,29909426176,46300921856,
qwen25_14b_8k,devastator,common,/opt/hbv/trainir-h20-experiments/20260927-v1/runs/qwen25_14b_8k/devastator/common/01,4,9,63.978420223109424,,0,11.782301902770996,29909426176,46300921856,
qwen25_14b_8k,devastator,common,/opt/hbv/trainir-h20-experiments/20260927-v1/runs/qwen25_14b_8k/devastator/common/01,4,10,64.24400956183672,,0,11.160731315612793,29909426176,46300921856,
qwen25_14b_8k,devastator,common,/opt/hbv/trainir-h20-experiments/20260927-v1/runs/qwen25_14b_8k/devastator/common/01,5,1,126.3749852636829,,0,11.012970924377441,29909426176,38942015488,
qwen25_14b_8k,devastator,common,/opt/hbv/trainir-h20-experiments/20260927-v1/runs/qwen25_14b_8k/devastator/common/01,5,2,63.98131229262799,,0,11.38902759552002,29909426176,46300921856,
qwen25_14b_8k,devastator,common,/opt/hbv/trainir-h20-experiments/20260927-v1/runs/qwen25_14b_8k/devastator/common/01,5,3,64.02984524704516,,0,11.790785789489746,29909426176,46300921856,
qwen25_14b_8k,devastator,common,/opt/hbv/trainir-h20-experiments/20260927-v1/runs/qwen25_14b_8k/devastator/common/01,5,4,63.97777562960982,,0,11.34080982208252,29909426176,46300921856,
qwen25_14b_8k,devastator,common,/opt/hbv/trainir-h20-experiments/20260927-v1/runs/qwen25_14b_8k/devastator/common/01,5,5,64.05333562754095,,0,11.52729606628418,29909426176,46300921856,
qwen25_14b_8k,devastator,common,/opt/hbv/trainir-h20-experiments/20260927-v1/runs/qwen25_14b_8k/devastator/common/01,5,6,63.96842130552977,,0,11.207661628723145,29909426176,46300921856,
qwen25_14b_8k,devastator,common,/opt/hbv/trainir-h20-experiments/20260927-v1/runs/qwen25_14b_8k/devastator/common/01,5,7,64.0018039541319,,0,11.547588348388672,29909426176,46300921856,
qwen25_14b_8k,devastator,common,/opt/hbv/trainir-h20-experiments/20260927-v1/runs/qwen25_14b_8k/devastator/common/01,5,8,63.943668803200126,,0,11.390310287475586,29909426176,46300921856,
qwen25_14b_8k,devastator,common,/opt/hbv/trainir-h20-experiments/20260927-v1/runs/qwen25_14b_8k/devastator/common/01,5,9,63.97842701151967,,0,11.782301902770996,29909426176,46300921856,
qwen25_14b_8k,devastator,common,/opt/hbv/trainir-h20-experiments/20260927-v1/runs/qwen25_14b_8k/devastator/common/01,5,10,64.24399799667299,,0,11.160731315612793,29909426176,46300921856,
qwen25_14b_8k,devastator,common,/opt/hbv/trainir-h20-experiments/20260927-v1/runs/qwen25_14b_8k/devastator/common/01,6,1,126.37579183280468,12.178966522216797,0,11.012970924377441,37067885056,39491469312,
qwen25_14b_8k,devastator,common,/opt/hbv/trainir-h20-experiments/20260927-v1/runs/qwen25_14b_8k/devastator/common/01,6,2,63.981915204785764,12.18765640258789,0,11.38902759552002,37067886080,51862568960,
qwen25_14b_8k,devastator,common,/opt/hbv/trainir-h20-experiments/20260927-v1/runs/qwen25_14b_8k/devastator/common/01,6,3,64.03038681484759,12.184070587158203,0,11.790785789489746,37067886080,51862568960,
qwen25_14b_8k,devastator,common,/opt/hbv/trainir-h20-experiments/20260927-v1/runs/qwen25_14b_8k/devastator/common/01,6,4,63.978311877697706,12.165637969970703,0,11.34080982208252,37067886080,51862568960,
qwen25_14b_8k,devastator,common,/opt/hbv/trainir-h20-experiments/20260927-v1/runs/qwen25_14b_8k/devastator/common/01,6,5,64.0539461709559,12.120615005493164,0,11.52729606628418,37067886080,51862568960,
qwen25_14b_8k,devastator,common,/opt/hbv/trainir-h20-experiments/20260927-v1/runs/qwen25_14b_8k/devastator/common/01,6,6,63.96907107438892,12.134302139282227,0,11.207661628723145,37067886080,51862568960,
qwen25_14b_8k,devastator,common,/opt/hbv/trainir-h20-experiments/20260927-v1/runs/qwen25_14b_8k/devastator/common/01,6,7,64.00230353977531,12.053919792175293,0,11.547588348388672,37067886080,51862568960,
qwen25_14b_8k,devastator,common,/opt/hbv/trainir-h20-experiments/20260927-v1/runs/qwen25_14b_8k/devastator/common/01,6,8,63.944299473427236,12.003742218017578,0,11.390310287475586,37067886080,51862568960,
qwen25_14b_8k,devastator,common,/opt/hbv/trainir-h20-experiments/20260927-v1/runs/qwen25_14b_8k/devastator/common/01,6,9,63.97885453607887,11.97866439819336,0,11.782301902770996,37067886080,51862568960,
qwen25_14b_8k,devastator,common,/opt/hbv/trainir-h20-experiments/20260927-v1/runs/qwen25_14b_8k/devastator/common/01,6,10,64.24475026223809,11.982276916503906,0,11.160731315612793,37067886080,51862568960,
qwen25_14b_8k,devastator,common,/opt/hbv/trainir-h20-experiments/20260927-v1/runs/qwen25_14b_8k/devastator/common/01,7,1,126.37573893647641,12.178966522216797,0,11.012970924377441,37067885056,39491469312,
qwen25_14b_8k,devastator,common,/opt/hbv/trainir-h20-experiments/20260927-v1/runs/qwen25_14b_8k/devastator/common/01,7,2,63.981820029206574,12.18765640258789,0,11.38902759552002,37067886080,51862568960,
qwen25_14b_8k,devastator,common,/opt/hbv/trainir-h20-experiments/20260927-v1/runs/qwen25_14b_8k/devastator/common/01,7,3,64.03040226176381,12.184070587158203,0,11.790785789489746,37067886080,51862568960,
qwen25_14b_8k,devastator,common,/opt/hbv/trainir-h20-experiments/20260927-v1/runs/qwen25_14b_8k/devastator/common/01,7,4,63.9782859524712,12.165637969970703,0,11.34080982208252,37067886080,51862568960,
qwen25_14b_8k,devastator,common,/opt/hbv/trainir-h20-experiments/20260927-v1/runs/qwen25_14b_8k/devastator/common/01,7,5,64.05387992877513,12.120615005493164,0,11.52729606628418,37067886080,51862568960,
qwen25_14b_8k,devastator,common,/opt/hbv/trainir-h20-experiments/20260927-v1/runs/qwen25_14b_8k/devastator/common/01,7,6,63.968959630467,12.134302139282227,0,11.207661628723145,37067886080,51862568960,
qwen25_14b_8k,devastator,common,/opt/hbv/trainir-h20-experiments/20260927-v1/runs/qwen25_14b_8k/devastator/common/01,7,7,64.00228343810886,12.053919792175293,0,11.547588348388672,37067886080,51862568960,
qwen25_14b_8k,devastator,common,/opt/hbv/trainir-h20-experiments/20260927-v1/runs/qwen25_14b_8k/devastator/common/01,7,8,63.94418087787926,12.003742218017578,0,11.390310287475586,37067886080,51862568960,
qwen25_14b_8k,devastator,common,/opt/hbv/trainir-h20-experiments/20260927-v1/runs/qwen25_14b_8k/devastator/common/01,7,9,63.97870765440166,11.97866439819336,0,11.782301902770996,37067886080,51862568960,
qwen25_14b_8k,devastator,common,/opt/hbv/trainir-h20-experiments/20260927-v1/runs/qwen25_14b_8k/devastator/common/01,7,10,64.24409411847591,11.982276916503906,0,11.160731315612793,37067886080,51862568960,
qwen25_14b_8k,devastator,full,/opt/hbv/trainir-h20-experiments/20260927-v1/runs/qwen25_14b_8k/devastator/full/01,0,1,124.81758746318519,,0,11.894485473632812,49533242880,83294683136,
qwen25_14b_8k,devastator,full,/opt/hbv/trainir-h20-experiments/20260927-v1/runs/qwen25_14b_8k/devastator/full/01,0,2,69.70936470199376,,0,12.322640419006348,49533242880,96886325248,
qwen25_14b_8k,devastator,full,/opt/hbv/trainir-h20-experiments/20260927-v1/runs/qwen25_14b_8k/devastator/full/01,0,3,69.86152009759098,,0,12.531952857971191,49533242880,97448361984,
qwen25_14b_8k,devastator,full,/opt/hbv/trainir-h20-experiments/20260927-v1/runs/qwen25_14b_8k/devastator/full/01,0,4,69.80370451323688,,0,12.26662540435791,49533242880,97448361984,
qwen25_14b_8k,devastator,full,/opt/hbv/trainir-h20-experiments/20260927-v1/runs/qwen25_14b_8k/devastator/full/01,0,5,69.91955613065511,,0,12.46429443359375,49533242880,96936656896,
qwen25_14b_8k,devastator,full,/opt/hbv/trainir-h20-experiments/20260927-v1/runs/qwen25_14b_8k/devastator/full/01,0,6,69.8471011184156,,0,12.006661415100098,49533242880,94411685888,
qwen25_14b_8k,devastator,full,/opt/hbv/trainir-h20-experiments/20260927-v1/runs/qwen25_14b_8k/devastator/full/01,0,7,69.74332543183118,,0,12.420636177062988,49533242880,96873742336,
qwen25_14b_8k,devastator,full,/opt/hbv/trainir-h20-experiments/20260927-v1/runs/qwen25_14b_8k/devastator/full/01,0,8,69.8899886328727,,0,12.160472869873047,49533242880,96873742336,
qwen25_14b_8k,devastator,full,/opt/hbv/trainir-h20-experiments/20260927-v1/runs/qwen25_14b_8k/devastator/full/01,0,9,69.96666721813381,,0,12.684860229492188,49533242880,96873742336,
qwen25_14b_8k,devastator,full,/opt/hbv/trainir-h20-experiments/20260927-v1/runs/qwen25_14b_8k/devastator/full/01,0,10,69.74159821402282,,0,11.981555938720703,49533242880,97326727168,
qwen25_14b_8k,devastator,full,/opt/hbv/trainir-h20-experiments/20260927-v1/runs/qwen25_14b_8k/devastator/full/01,1,1,124.84069206658751,,0,11.894485473632812,49532001792,86799024128,
qwen25_14b_8k,devastator,full,/opt/hbv/trainir-h20-experiments/20260927-v1/runs/qwen25_14b_8k/devastator/full/01,1,2,69.70951475016773,,0,12.322640419006348,49532001792,96852770816,
qwen25_14b_8k,devastator,full,/opt/hbv/trainir-h20-experiments/20260927-v1/runs/qwen25_14b_8k/devastator/full/01,1,3,69.86166165582836,,0,12.531952857971191,49532001792,97305755648,
qwen25_14b_8k,devastator,full,/opt/hbv/trainir-h20-experiments/20260927-v1/runs/qwen25_14b_8k/devastator/full/01,1,4,69.80390816740692,,0,12.26662540435791,49532001792,97305755648,
qwen25_14b_8k,devastator,full,/opt/hbv/trainir-h20-experiments/20260927-v1/runs/qwen25_14b_8k/devastator/full/01,1,5,69.91972463671118,,0,12.46429443359375,49532001792,97305755648,
qwen25_14b_8k,devastator,full,/opt/hbv/trainir-h20-experiments/20260927-v1/runs/qwen25_14b_8k/devastator/full/01,1,6,69.84711192455143,,0,12.006661415100098,49532001792,97305755648,
qwen25_14b_8k,devastator,full,/opt/hbv/trainir-h20-experiments/20260927-v1/runs/qwen25_14b_8k/devastator/full/01,1,7,69.74347930122167,,0,12.420636177062988,49532001792,97305755648,
qwen25_14b_8k,devastator,full,/opt/hbv/trainir-h20-experiments/20260927-v1/runs/qwen25_14b_8k/devastator/full/01,1,8,69.89009337034076,,0,12.160472869873047,49532001792,97305755648,
qwen25_14b_8k,devastator,full,/opt/hbv/trainir-h20-experiments/20260927-v1/runs/qwen25_14b_8k/devastator/full/01,1,9,69.9667339110747,,0,12.684860229492188,49532001792,97305755648,
qwen25_14b_8k,devastator,full,/opt/hbv/trainir-h20-experiments/20260927-v1/runs/qwen25_14b_8k/devastator/full/01,1,10,69.74171156529337,,0,11.981555938720703,49532001792,93593796608,
qwen25_14b_8k,devastator,full,/opt/hbv/trainir-h20-experiments/20260927-v1/runs/qwen25_14b_8k/devastator/full/01,2,1,124.81747561041266,,0,11.894485473632812,40365682176,71259127808,
qwen25_14b_8k,devastator,full,/opt/hbv/trainir-h20-experiments/20260927-v1/runs/qwen25_14b_8k/devastator/full/01,2,2,69.70933008659631,,0,12.322640419006348,40365682176,79698067456,
qwen25_14b_8k,devastator,full,/opt/hbv/trainir-h20-experiments/20260927-v1/runs/qwen25_14b_8k/devastator/full/01,2,3,69.86058476008475,,0,12.531952857971191,40365682176,81057021952,
qwen25_14b_8k,devastator,full,/opt/hbv/trainir-h20-experiments/20260927-v1/runs/qwen25_14b_8k/devastator/full/01,2,4,69.80377248488367,,0,12.26662540435791,40365682176,81510006784,
qwen25_14b_8k,devastator,full,/opt/hbv/trainir-h20-experiments/20260927-v1/runs/qwen25_14b_8k/devastator/full/01,2,5,69.9195845220238,,0,12.46429443359375,40365682176,81510006784,
qwen25_14b_8k,devastator,full,/opt/hbv/trainir-h20-experiments/20260927-v1/runs/qwen25_14b_8k/devastator/full/01,2,6,69.84705986920744,,0,12.006661415100098,40365682176,81510006784,
qwen25_14b_8k,devastator,full,/opt/hbv/trainir-h20-experiments/20260927-v1/runs/qwen25_14b_8k/devastator/full/01,2,7,69.74335067532957,,0,12.420636177062988,40365682176,81510006784,
qwen25_14b_8k,devastator,full,/opt/hbv/trainir-h20-experiments/20260927-v1/runs/qwen25_14b_8k/devastator/full/01,2,8,69.88995531573892,,0,12.160472869873047,40365682176,81510006784,
qwen25_14b_8k,devastator,full,/opt/hbv/trainir-h20-experiments/20260927-v1/runs/qwen25_14b_8k/devastator/full/01,2,9,69.96643603034317,,0,12.684860229492188,40365682176,81510006784,
qwen25_14b_8k,devastator,full,/opt/hbv/trainir-h20-experiments/20260927-v1/runs/qwen25_14b_8k/devastator/full/01,2,10,69.74156931135803,,0,11.981555938720703,40365682176,81510006784,
qwen25_14b_8k,devastator,full,/opt/hbv/trainir-h20-experiments/20260927-v1/runs/qwen25_14b_8k/devastator/full/01,3,1,124.84076108410954,,0,11.894485473632812,40364668416,71114424320,
qwen25_14b_8k,devastator,full,/opt/hbv/trainir-h20-experiments/20260927-v1/runs/qwen25_14b_8k/devastator/full/01,3,2,69.71047774981707,,0,12.322640419006348,40364668416,80316727296,
qwen25_14b_8k,devastator,full,/opt/hbv/trainir-h20-experiments/20260927-v1/runs/qwen25_14b_8k/devastator/full/01,3,3,69.86143354978412,,0,12.531952857971191,40364668416,80316727296,
qwen25_14b_8k,devastator,full,/opt/hbv/trainir-h20-experiments/20260927-v1/runs/qwen25_14b_8k/devastator/full/01,3,4,69.80369153805077,,0,12.26662540435791,40364668416,80316727296,
qwen25_14b_8k,devastator,full,/opt/hbv/trainir-h20-experiments/20260927-v1/runs/qwen25_14b_8k/devastator/full/01,3,5,69.9196436656639,,0,12.46429443359375,40364668416,80316727296,
qwen25_14b_8k,devastator,full,/opt/hbv/trainir-h20-experiments/20260927-v1/runs/qwen25_14b_8k/devastator/full/01,3,6,69.84715904388577,,0,12.006661415100098,40364668416,80769712128,
qwen25_14b_8k,devastator,full,/opt/hbv/trainir-h20-experiments/20260927-v1/runs/qwen25_14b_8k/devastator/full/01,3,7,69.74335632752627,,0,12.420636177062988,40364668416,81222696960,
qwen25_14b_8k,devastator,full,/opt/hbv/trainir-h20-experiments/20260927-v1/runs/qwen25_14b_8k/devastator/full/01,3,8,69.8900886522606,,0,12.160472869873047,40364668416,81222696960,
qwen25_14b_8k,devastator,full,/opt/hbv/trainir-h20-experiments/20260927-v1/runs/qwen25_14b_8k/devastator/full/01,3,9,69.96670379023999,,0,12.684860229492188,40364668416,81675681792,
qwen25_14b_8k,devastator,full,/opt/hbv/trainir-h20-experiments/20260927-v1/runs/qwen25_14b_8k/devastator/full/01,3,10,69.74158764164895,,0,11.981555938720703,40364668416,81675681792,
qwen25_14b_8k,devastator,full,/opt/hbv/trainir-h20-experiments/20260927-v1/runs/qwen25_14b_8k/devastator/full/01,4,1,124.81757843401283,,0,11.894485473632812,40366695936,67408756736,
qwen25_14b_8k,devastator,full,/opt/hbv/trainir-h20-experiments/20260927-v1/runs/qwen25_14b_8k/devastator/full/01,4,2,69.70960157550871,,0,12.322640419006348,40366695936,77265371136,
qwen25_14b_8k,devastator,full,/opt/hbv/trainir-h20-experiments/20260927-v1/runs/qwen25_14b_8k/devastator/full/01,4,3,69.86167393159121,,0,12.531952857971191,40366695936,78171340800,
qwen25_14b_8k,devastator,full,/opt/hbv/trainir-h20-experiments/20260927-v1/runs/qwen25_14b_8k/devastator/full/01,4,4,69.80385709460825,,0,12.26662540435791,40366695936,78171340800,
qwen25_14b_8k,devastator,full,/opt/hbv/trainir-h20-experiments/20260927-v1/runs/qwen25_14b_8k/devastator/full/01,4,5,69.91970161348581,,0,12.46429443359375,40366695936,78171340800,
qwen25_14b_8k,devastator,full,/opt/hbv/trainir-h20-experiments/20260927-v1/runs/qwen25_14b_8k/devastator/full/01,4,6,69.8471168614924,,0,12.006661415100098,40366695936,78171340800,
qwen25_14b_8k,devastator,full,/opt/hbv/trainir-h20-experiments/20260927-v1/runs/qwen25_14b_8k/devastator/full/01,4,7,69.74335484299809,,0,12.420636177062988,40366695936,78171340800,
qwen25_14b_8k,devastator,full,/opt/hbv/trainir-h20-experiments/20260927-v1/runs/qwen25_14b_8k/devastator/full/01,4,8,69.88985722698271,,0,12.160472869873047,40366695936,78171340800,
qwen25_14b_8k,devastator,full,/opt/hbv/trainir-h20-experiments/20260927-v1/runs/qwen25_14b_8k/devastator/full/01,4,9,69.96658611856401,,0,12.684860229492188,40366695936,78171340800,
qwen25_14b_8k,devastator,full,/opt/hbv/trainir-h20-experiments/20260927-v1/runs/qwen25_14b_8k/devastator/full/01,4,10,69.74176174402237,,0,11.981555938720703,40366695936,78171340800,
qwen25_14b_8k,devastator,full,/opt/hbv/trainir-h20-experiments/20260927-v1/runs/qwen25_14b_8k/devastator/full/01,5,1,124.84052383061498,,0,11.894485473632812,40364668416,67943530496,
qwen25_14b_8k,devastator,full,/opt/hbv/trainir-h20-experiments/20260927-v1/runs/qwen25_14b_8k/devastator/full/01,5,2,69.70967994723469,,0,12.322640419006348,40364668416,77909196800,
qwen25_14b_8k,devastator,full,/opt/hbv/trainir-h20-experiments/20260927-v1/runs/qwen25_14b_8k/devastator/full/01,5,3,69.86172356735915,,0,12.531952857971191,40364668416,77909196800,
qwen25_14b_8k,devastator,full,/opt/hbv/trainir-h20-experiments/20260927-v1/runs/qwen25_14b_8k/devastator/full/01,5,4,69.80392419360578,,0,12.26662540435791,40364668416,77909196800,
qwen25_14b_8k,devastator,full,/opt/hbv/trainir-h20-experiments/20260927-v1/runs/qwen25_14b_8k/devastator/full/01,5,5,69.91975960228592,,0,12.46429443359375,40364668416,77909196800,
qwen25_14b_8k,devastator,full,/opt/hbv/trainir-h20-experiments/20260927-v1/runs/qwen25_14b_8k/devastator/full/01,5,6,69.8472550464794,,0,12.006661415100098,40364668416,77909196800,
qwen25_14b_8k,devastator,full,/opt/hbv/trainir-h20-experiments/20260927-v1/runs/qwen25_14b_8k/devastator/full/01,5,7,69.74337747879326,,0,12.420636177062988,40364668416,77909196800,
qwen25_14b_8k,devastator,full,/opt/hbv/trainir-h20-experiments/20260927-v1/runs/qwen25_14b_8k/devastator/full/01,5,8,69.8899773657322,,0,12.160472869873047,40364668416,77909196800,
qwen25_14b_8k,devastator,full,/opt/hbv/trainir-h20-experiments/20260927-v1/runs/qwen25_14b_8k/devastator/full/01,5,9,69.96655068919063,,0,12.684860229492188,40364668416,78362181632,
qwen25_14b_8k,devastator,full,/opt/hbv/trainir-h20-experiments/20260927-v1/runs/qwen25_14b_8k/devastator/full/01,5,10,69.74176911450922,,0,11.981555938720703,40364668416,78362181632,
qwen25_14b_8k,devastator,full,/opt/hbv/trainir-h20-experiments/20260927-v1/runs/qwen25_14b_8k/devastator/full/01,6,1,124.84116108901799,12.143518447875977,0,11.894485473632812,49765875712,81826676736,
qwen25_14b_8k,devastator,full,/opt/hbv/trainir-h20-experiments/20260927-v1/runs/qwen25_14b_8k/devastator/full/01,6,2,69.71000597067177,12.145101547241211,0,12.322640419006348,49765876736,94273273856,
qwen25_14b_8k,devastator,full,/opt/hbv/trainir-h20-experiments/20260927-v1/runs/qwen25_14b_8k/devastator/full/01,6,3,69.86192695144564,12.129583358764648,0,12.531952857971191,49765876736,94273273856,
qwen25_14b_8k,devastator,full,/opt/hbv/trainir-h20-experiments/20260927-v1/runs/qwen25_14b_8k/devastator/full/01,6,4,69.804263709113,12.138686180114746,0,12.26662540435791,49765876736,94273273856,
qwen25_14b_8k,devastator,full,/opt/hbv/trainir-h20-experiments/20260927-v1/runs/qwen25_14b_8k/devastator/full/01,6,5,69.92007562238723,12.091190338134766,0,12.46429443359375,49765876736,94273273856,
qwen25_14b_8k,devastator,full,/opt/hbv/trainir-h20-experiments/20260927-v1/runs/qwen25_14b_8k/devastator/full/01,6,6,69.84765886422247,12.072521209716797,0,12.006661415100098,49765876736,94273273856,
qwen25_14b_8k,devastator,full,/opt/hbv/trainir-h20-experiments/20260927-v1/runs/qwen25_14b_8k/devastator/full/01,6,7,69.74387619551271,11.992570877075195,0,12.420636177062988,49765876736,94273273856,
qwen25_14b_8k,devastator,full,/opt/hbv/trainir-h20-experiments/20260927-v1/runs/qwen25_14b_8k/devastator/full/01,6,8,69.89039754029363,11.935486793518066,0,12.160472869873047,49765876736,94273273856,
qwen25_14b_8k,devastator,full,/opt/hbv/trainir-h20-experiments/20260927-v1/runs/qwen25_14b_8k/devastator/full/01,6,9,69.96706507727504,11.918878555297852,0,12.684860229492188,49765876736,94273273856,
qwen25_14b_8k,devastator,full,/opt/hbv/trainir-h20-experiments/20260927-v1/runs/qwen25_14b_8k/devastator/full/01,6,10,69.74208534602076,11.930179595947266,0,11.981555938720703,49765876736,94273273856,
qwen25_14b_8k,devastator,full,/opt/hbv/trainir-h20-experiments/20260927-v1/runs/qwen25_14b_8k/devastator/full/01,7,1,124.84140766784549,12.143518447875977,0,11.894485473632812,49765351424,81858134016,
qwen25_14b_8k,devastator,full,/opt/hbv/trainir-h20-experiments/20260927-v1/runs/qwen25_14b_8k/devastator/full/01,7,2,69.70989270415157,12.145101547241211,0,12.322640419006348,49765352448,91817508864,
qwen25_14b_8k,devastator,full,/opt/hbv/trainir-h20-experiments/20260927-v1/runs/qwen25_14b_8k/devastator/full/01,7,3,69.86199969239533,12.129583358764648,0,12.531952857971191,49765352448,91817508864,
qwen25_14b_8k,devastator,full,/opt/hbv/trainir-h20-experiments/20260927-v1/runs/qwen25_14b_8k/devastator/full/01,7,4,69.80420966260135,12.138686180114746,0,12.26662540435791,49765352448,91817508864,
qwen25_14b_8k,devastator,full,/opt/hbv/trainir-h20-experiments/20260927-v1/runs/qwen25_14b_8k/devastator/full/01,7,5,69.92015559412539,12.091190338134766,0,12.46429443359375,49765352448,91817508864,
qwen25_14b_8k,devastator,full,/opt/hbv/trainir-h20-experiments/20260927-v1/runs/qwen25_14b_8k/devastator/full/01,7,6,69.8476012898609,12.072521209716797,0,12.006661415100098,49765352448,91817508864,
qwen25_14b_8k,devastator,full,/opt/hbv/trainir-h20-experiments/20260927-v1/runs/qwen25_14b_8k/devastator/full/01,7,7,69.74373419210315,11.992570877075195,0,12.420636177062988,49765352448,91817508864,
qwen25_14b_8k,devastator,full,/opt/hbv/trainir-h20-experiments/20260927-v1/runs/qwen25_14b_8k/devastator/full/01,7,8,69.8904852643609,11.935486793518066,0,12.160472869873047,49765352448,91817508864,
qwen25_14b_8k,devastator,full,/opt/hbv/trainir-h20-experiments/20260927-v1/runs/qwen25_14b_8k/devastator/full/01,7,9,69.96718902979046,11.918878555297852,0,12.684860229492188,49765352448,91817508864,
qwen25_14b_8k,devastator,full,/opt/hbv/trainir-h20-experiments/20260927-v1/runs/qwen25_14b_8k/devastator/full/01,7,10,69.74213532637805,11.930179595947266,0,11.981555938720703,49765352448,91817508864,
qwen25_14b_8k,galvatron,common,/opt/hbv/trainir-h20-experiments/20260927-v1/runs/qwen25_14b_8k/galvatron/common/01,0,1,69.46853540558368,,0,11.146435606659129,22325605376,64504201216,9.817718381265238e-07
qwen25_14b_8k,galvatron,common,/opt/hbv/trainir-h20-experiments/20260927-v1/runs/qwen25_14b_8k/galvatron/common/01,0,2,62.36544771306217,,0,11.686647435063847,22329800192,66718793728,9.206544616434248e-07
qwen25_14b_8k,galvatron,common,/opt/hbv/trainir-h20-experiments/20260927-v1/runs/qwen25_14b_8k/galvatron/common/01,0,3,62.39474570937455,,0,11.76887133065278,22334995456,66718793728,8.225243592119499e-07
qwen25_14b_8k,galvatron,common,/opt/hbv/trainir-h20-experiments/20260927-v1/runs/qwen25_14b_8k/galvatron/common/01,0,4,62.73255327809602,,0,11.837980047560704,22338189824,66718793728,6.971805834928398e-07
qwen25_14b_8k,galvatron,common,/opt/hbv/trainir-h20-experiments/20260927-v1/runs/qwen25_14b_8k/galvatron/common/01,0,5,62.34890852216631,,0,11.949441579117176,22342384640,66718793728,5.571396837256635e-07
qwen25_14b_8k,galvatron,common,/opt/hbv/trainir-h20-experiments/20260927-v1/runs/qwen25_14b_8k/galvatron/common/01,0,6,62.326892343349755,,0,12.250488271519018,22346579456,66718793728,4.1638583110227627e-07
qwen25_14b_8k,galvatron,common,/opt/hbv/trainir-h20-experiments/20260927-v1/runs/qwen25_14b_8k/galvatron/common/01,0,7,62.3343869401142,,0,12.519732959568517,22350774272,66718793728,2.889743906929609e-07
qwen25_14b_8k,galvatron,common,/opt/hbv/trainir-h20-experiments/20260927-v1/runs/qwen25_14b_8k/galvatron/common/01,0,8,62.33501504920423,,0,12.669405055601096,22355969536,66718793728,1.876283841110236e-07
qwen25_14b_8k,galvatron,common,/opt/hbv/trainir-h20-experiments/20260927-v1/runs/qwen25_14b_8k/galvatron/common/01,0,9,62.338857209309936,,0,12.536462931466405,22359163904,66718793728,1.224679970165746e-07
qwen25_14b_8k,galvatron,common,/opt/hbv/trainir-h20-experiments/20260927-v1/runs/qwen25_14b_8k/galvatron/common/01,0,10,62.33813372440636,,0,12.192874290817555,22364359168,66718793728,1e-07
qwen25_14b_8k,galvatron,common,/opt/hbv/trainir-h20-experiments/20260927-v1/runs/qwen25_14b_8k/galvatron/common/01,1,1,69.46879282966256,,0,11.146435606659129,22319313920,64426606592,9.817718381265238e-07
qwen25_14b_8k,galvatron,common,/opt/hbv/trainir-h20-experiments/20260927-v1/runs/qwen25_14b_8k/galvatron/common/01,1,2,62.36480845976621,,0,11.686647435063847,22323508736,66643296256,9.206544616434248e-07
qwen25_14b_8k,galvatron,common,/opt/hbv/trainir-h20-experiments/20260927-v1/runs/qwen25_14b_8k/galvatron/common/01,1,3,62.39421481266618,,0,11.76887133065278,22327703552,66643296256,8.225243592119499e-07
qwen25_14b_8k,galvatron,common,/opt/hbv/trainir-h20-experiments/20260927-v1/runs/qwen25_14b_8k/galvatron/common/01,1,4,62.73195978999138,,0,11.837980047560704,22331898368,66643296256,6.971805834928398e-07
qwen25_14b_8k,galvatron,common,/opt/hbv/trainir-h20-experiments/20260927-v1/runs/qwen25_14b_8k/galvatron/common/01,1,5,62.34828087221831,,0,11.949441579117176,22336093184,66643296256,5.571396837256635e-07
qwen25_14b_8k,galvatron,common,/opt/hbv/trainir-h20-experiments/20260927-v1/runs/qwen25_14b_8k/galvatron/common/01,1,6,62.32632073573768,,0,12.250488271519018,22340288000,66643296256,4.1638583110227627e-07
qwen25_14b_8k,galvatron,common,/opt/hbv/trainir-h20-experiments/20260927-v1/runs/qwen25_14b_8k/galvatron/common/01,1,7,62.33382192905992,,0,12.519732959568517,22344482816,66643296256,2.889743906929609e-07
qwen25_14b_8k,galvatron,common,/opt/hbv/trainir-h20-experiments/20260927-v1/runs/qwen25_14b_8k/galvatron/common/01,1,8,62.33440066874027,,0,12.669405055601096,22348677632,66643296256,1.876283841110236e-07
qwen25_14b_8k,galvatron,common,/opt/hbv/trainir-h20-experiments/20260927-v1/runs/qwen25_14b_8k/galvatron/common/01,1,9,62.33824031241238,,0,12.536462931466405,22352872448,66643296256,1.224679970165746e-07
qwen25_14b_8k,galvatron,common,/opt/hbv/trainir-h20-experiments/20260927-v1/runs/qwen25_14b_8k/galvatron/common/01,1,10,62.33752041682601,,0,12.192874290817555,22357067264,66643296256,1e-07
qwen25_14b_8k,galvatron,common,/opt/hbv/trainir-h20-experiments/20260927-v1/runs/qwen25_14b_8k/galvatron/common/01,2,1,69.4677472980693,,0,11.146435606659129,22319313920,65015906304,9.817718381265238e-07
qwen25_14b_8k,galvatron,common,/opt/hbv/trainir-h20-experiments/20260927-v1/runs/qwen25_14b_8k/galvatron/common/01,2,2,62.364966480992734,,0,11.686647435063847,22323508736,67232595968,9.206544616434248e-07
qwen25_14b_8k,galvatron,common,/opt/hbv/trainir-h20-experiments/20260927-v1/runs/qwen25_14b_8k/galvatron/common/01,2,3,62.394363078288734,,0,11.76887133065278,22327703552,67232595968,8.225243592119499e-07
qwen25_14b_8k,galvatron,common,/opt/hbv/trainir-h20-experiments/20260927-v1/runs/qwen25_14b_8k/galvatron/common/01,2,4,62.73214390128851,,0,11.837980047560704,22331898368,67232595968,6.971805834928398e-07
qwen25_14b_8k,galvatron,common,/opt/hbv/trainir-h20-experiments/20260927-v1/runs/qwen25_14b_8k/galvatron/common/01,2,5,62.34845595899969,,0,11.949441579117176,22336093184,67232595968,5.571396837256635e-07
qwen25_14b_8k,galvatron,common,/opt/hbv/trainir-h20-experiments/20260927-v1/runs/qwen25_14b_8k/galvatron/common/01,2,6,62.32645109668374,,0,12.250488271519018,22340288000,67232595968,4.1638583110227627e-07
qwen25_14b_8k,galvatron,common,/opt/hbv/trainir-h20-experiments/20260927-v1/runs/qwen25_14b_8k/galvatron/common/01,2,7,62.33397305384278,,0,12.519732959568517,22344482816,67232595968,2.889743906929609e-07
qwen25_14b_8k,galvatron,common,/opt/hbv/trainir-h20-experiments/20260927-v1/runs/qwen25_14b_8k/galvatron/common/01,2,8,62.334589642472565,,0,12.669405055601096,22348677632,67232595968,1.876283841110236e-07
qwen25_14b_8k,galvatron,common,/opt/hbv/trainir-h20-experiments/20260927-v1/runs/qwen25_14b_8k/galvatron/common/01,2,9,62.338389579206705,,0,12.536462931466405,22352872448,67232595968,1.224679970165746e-07
qwen25_14b_8k,galvatron,common,/opt/hbv/trainir-h20-experiments/20260927-v1/runs/qwen25_14b_8k/galvatron/common/01,2,10,62.33770742081106,,0,12.192874290817555,22357067264,67232595968,1e-07
qwen25_14b_8k,galvatron,common,/opt/hbv/trainir-h20-experiments/20260927-v1/runs/qwen25_14b_8k/galvatron/common/01,3,1,69.46796380728483,,0,11.146435606659129,22319313920,64541949952,9.817718381265238e-07
qwen25_14b_8k,galvatron,common,/opt/hbv/trainir-h20-experiments/20260927-v1/runs/qwen25_14b_8k/galvatron/common/01,3,2,62.36511543393135,,0,11.686647435063847,22323508736,66756542464,9.206544616434248e-07
qwen25_14b_8k,galvatron,common,/opt/hbv/trainir-h20-experiments/20260927-v1/runs/qwen25_14b_8k/galvatron/common/01,3,3,62.39444218762219,,0,11.76887133065278,22327703552,66756542464,8.225243592119499e-07
qwen25_14b_8k,galvatron,common,/opt/hbv/trainir-h20-experiments/20260927-v1/runs/qwen25_14b_8k/galvatron/common/01,3,4,62.73230015859008,,0,11.837980047560704,22331898368,66756542464,6.971805834928398e-07
qwen25_14b_8k,galvatron,common,/opt/hbv/trainir-h20-experiments/20260927-v1/runs/qwen25_14b_8k/galvatron/common/01,3,5,62.34858062211424,,0,11.949441579117176,22336093184,66756542464,5.571396837256635e-07
qwen25_14b_8k,galvatron,common,/opt/hbv/trainir-h20-experiments/20260927-v1/runs/qwen25_14b_8k/galvatron/common/01,3,6,62.32658644579351,,0,12.250488271519018,22340288000,66756542464,4.1638583110227627e-07
qwen25_14b_8k,galvatron,common,/opt/hbv/trainir-h20-experiments/20260927-v1/runs/qwen25_14b_8k/galvatron/common/01,3,7,62.33418786805123,,0,12.519732959568517,22344482816,66756542464,2.889743906929609e-07
qwen25_14b_8k,galvatron,common,/opt/hbv/trainir-h20-experiments/20260927-v1/runs/qwen25_14b_8k/galvatron/common/01,3,8,62.33476227801293,,0,12.669405055601096,22348677632,66756542464,1.876283841110236e-07
qwen25_14b_8k,galvatron,common,/opt/hbv/trainir-h20-experiments/20260927-v1/runs/qwen25_14b_8k/galvatron/common/01,3,9,62.33859758730978,,0,12.536462931466405,22352872448,66756542464,1.224679970165746e-07
qwen25_14b_8k,galvatron,common,/opt/hbv/trainir-h20-experiments/20260927-v1/runs/qwen25_14b_8k/galvatron/common/01,3,10,62.33786521013826,,0,12.192874290817555,22357067264,66756542464,1e-07
qwen25_14b_8k,galvatron,common,/opt/hbv/trainir-h20-experiments/20260927-v1/runs/qwen25_14b_8k/galvatron/common/01,4,1,69.4564615841955,12.19727037847042,0,11.146435606659129,22323528704,54433677312,9.817718381265238e-07
qwen25_14b_8k,galvatron,common,/opt/hbv/trainir-h20-experiments/20260927-v1/runs/qwen25_14b_8k/galvatron/common/01,4,2,62.36455348972231,12.179127261042595,0,11.686647435063847,22327723520,56925093888,9.206544616434248e-07
qwen25_14b_8k,galvatron,common,/opt/hbv/trainir-h20-experiments/20260927-v1/runs/qwen25_14b_8k/galvatron/common/01,4,3,62.393962163478136,11.969550430774689,0,11.76887133065278,22331918336,56925093888,8.225243592119499e-07
qwen25_14b_8k,galvatron,common,/opt/hbv/trainir-h20-experiments/20260927-v1/runs/qwen25_14b_8k/galvatron/common/01,4,4,62.731757027097046,11.785618126392365,0,11.837980047560704,22336113152,56925093888,6.971805834928398e-07
qwen25_14b_8k,galvatron,common,/opt/hbv/trainir-h20-experiments/20260927-v1/runs/qwen25_14b_8k/galvatron/common/01,4,5,62.348101693205535,11.594500824809074,0,11.949441579117176,22340307968,56925093888,5.571396837256635e-07
qwen25_14b_8k,galvatron,common,/opt/hbv/trainir-h20-experiments/20260927-v1/runs/qwen25_14b_8k/galvatron/common/01,4,6,62.32606643345207,11.459698721766472,0,12.250488271519018,22344502784,56925093888,4.1638583110227627e-07
qwen25_14b_8k,galvatron,common,/opt/hbv/trainir-h20-experiments/20260927-v1/runs/qwen25_14b_8k/galvatron/common/01,4,7,62.333631376735866,11.32320798933506,0,12.519732959568517,22348697600,56925093888,2.889743906929609e-07
qwen25_14b_8k,galvatron,common,/opt/hbv/trainir-h20-experiments/20260927-v1/runs/qwen25_14b_8k/galvatron/common/01,4,8,62.33445248194039,11.248013198375702,0,12.669405055601096,22352892416,56925093888,1.876283841110236e-07
qwen25_14b_8k,galvatron,common,/opt/hbv/trainir-h20-experiments/20260927-v1/runs/qwen25_14b_8k/galvatron/common/01,4,9,62.33809039648622,11.15953628718853,0,12.536462931466405,22357087232,56925093888,1.224679970165746e-07
qwen25_14b_8k,galvatron,common,/opt/hbv/trainir-h20-experiments/20260927-v1/runs/qwen25_14b_8k/galvatron/common/01,4,10,62.33738461602479,11.174826264381409,0,12.192874290817555,22361282048,56925093888,1e-07
qwen25_14b_8k,galvatron,common,/opt/hbv/trainir-h20-experiments/20260927-v1/runs/qwen25_14b_8k/galvatron/common/01,5,1,69.46530362591147,12.19727037847042,0,11.146435606659129,22315140608,54412705792,9.817718381265238e-07
qwen25_14b_8k,galvatron,common,/opt/hbv/trainir-h20-experiments/20260927-v1/runs/qwen25_14b_8k/galvatron/common/01,5,2,62.36463468708098,12.179127261042595,0,11.686647435063847,22319335424,56904122368,9.206544616434248e-07
qwen25_14b_8k,galvatron,common,/opt/hbv/trainir-h20-experiments/20260927-v1/runs/qwen25_14b_8k/galvatron/common/01,5,3,62.39405771717429,11.969550430774689,0,11.76887133065278,22323530240,56904122368,8.225243592119499e-07
qwen25_14b_8k,galvatron,common,/opt/hbv/trainir-h20-experiments/20260927-v1/runs/qwen25_14b_8k/galvatron/common/01,5,4,62.731830396689475,11.785618126392365,0,11.837980047560704,22327725056,56904122368,6.971805834928398e-07
qwen25_14b_8k,galvatron,common,/opt/hbv/trainir-h20-experiments/20260927-v1/runs/qwen25_14b_8k/galvatron/common/01,5,5,62.34811697062105,11.594500824809074,0,11.949441579117176,22331919872,56904122368,5.571396837256635e-07
qwen25_14b_8k,galvatron,common,/opt/hbv/trainir-h20-experiments/20260927-v1/runs/qwen25_14b_8k/galvatron/common/01,5,6,62.326144782826304,11.459698721766472,0,12.250488271519018,22336114688,56904122368,4.1638583110227627e-07
qwen25_14b_8k,galvatron,common,/opt/hbv/trainir-h20-experiments/20260927-v1/runs/qwen25_14b_8k/galvatron/common/01,5,7,62.333767706528306,11.32320798933506,0,12.519732959568517,22340309504,56904122368,2.889743906929609e-07
qwen25_14b_8k,galvatron,common,/opt/hbv/trainir-h20-experiments/20260927-v1/runs/qwen25_14b_8k/galvatron/common/01,5,8,62.3342897798866,11.248013198375702,0,12.669405055601096,22344504320,56904122368,1.876283841110236e-07
qwen25_14b_8k,galvatron,common,/opt/hbv/trainir-h20-experiments/20260927-v1/runs/qwen25_14b_8k/galvatron/common/01,5,9,62.33815605845302,11.15953628718853,0,12.536462931466405,22348699136,56904122368,1.224679970165746e-07
qwen25_14b_8k,galvatron,common,/opt/hbv/trainir-h20-experiments/20260927-v1/runs/qwen25_14b_8k/galvatron/common/01,5,10,62.33752938732505,11.174826264381409,0,12.192874290817555,22352893952,56904122368,1e-07
qwen25_14b_8k,galvatron,common,/opt/hbv/trainir-h20-experiments/20260927-v1/runs/qwen25_14b_8k/galvatron/common/01,6,1,69.45353971235454,12.19727037847042,0,11.146435606659129,22315140608,54412705792,9.817718381265238e-07
qwen25_14b_8k,galvatron,common,/opt/hbv/trainir-h20-experiments/20260927-v1/runs/qwen25_14b_8k/galvatron/common/01,6,2,62.36461982689798,12.179127261042595,0,11.686647435063847,22319335424,56904122368,9.206544616434248e-07
qwen25_14b_8k,galvatron,common,/opt/hbv/trainir-h20-experiments/20260927-v1/runs/qwen25_14b_8k/galvatron/common/01,6,3,62.39399201236665,11.969550430774689,0,11.76887133065278,22323530240,56904122368,8.225243592119499e-07
qwen25_14b_8k,galvatron,common,/opt/hbv/trainir-h20-experiments/20260927-v1/runs/qwen25_14b_8k/galvatron/common/01,6,4,62.73179293144494,11.785618126392365,0,11.837980047560704,22327725056,56904122368,6.971805834928398e-07
qwen25_14b_8k,galvatron,common,/opt/hbv/trainir-h20-experiments/20260927-v1/runs/qwen25_14b_8k/galvatron/common/01,6,5,62.348132533952594,11.594500824809074,0,11.949441579117176,22331919872,56904122368,5.571396837256635e-07
qwen25_14b_8k,galvatron,common,/opt/hbv/trainir-h20-experiments/20260927-v1/runs/qwen25_14b_8k/galvatron/common/01,6,6,62.32608752138913,11.459698721766472,0,12.250488271519018,22336114688,56904122368,4.1638583110227627e-07
qwen25_14b_8k,galvatron,common,/opt/hbv/trainir-h20-experiments/20260927-v1/runs/qwen25_14b_8k/galvatron/common/01,6,7,62.33365494105965,11.32320798933506,0,12.519732959568517,22340309504,56904122368,2.889743906929609e-07
qwen25_14b_8k,galvatron,common,/opt/hbv/trainir-h20-experiments/20260927-v1/runs/qwen25_14b_8k/galvatron/common/01,6,8,62.33429417666048,11.248013198375702,0,12.669405055601096,22344504320,56904122368,1.876283841110236e-07
qwen25_14b_8k,galvatron,common,/opt/hbv/trainir-h20-experiments/20260927-v1/runs/qwen25_14b_8k/galvatron/common/01,6,9,62.33809785358608,11.15953628718853,0,12.536462931466405,22348699136,56904122368,1.224679970165746e-07
qwen25_14b_8k,galvatron,common,/opt/hbv/trainir-h20-experiments/20260927-v1/runs/qwen25_14b_8k/galvatron/common/01,6,10,62.33741413895041,11.174826264381409,0,12.192874290817555,22352893952,56904122368,1e-07
qwen25_14b_8k,galvatron,common,/opt/hbv/trainir-h20-experiments/20260927-v1/runs/qwen25_14b_8k/galvatron/common/01,7,1,69.46173931472003,12.19727037847042,0,11.146435606659129,22315140608,54412705792,9.817718381265238e-07
qwen25_14b_8k,galvatron,common,/opt/hbv/trainir-h20-experiments/20260927-v1/runs/qwen25_14b_8k/galvatron/common/01,7,2,62.36491608526558,12.179127261042595,0,11.686647435063847,22319335424,56904122368,9.206544616434248e-07
qwen25_14b_8k,galvatron,common,/opt/hbv/trainir-h20-experiments/20260927-v1/runs/qwen25_14b_8k/galvatron/common/01,7,3,62.394260671921074,11.969550430774689,0,11.76887133065278,22323530240,56904122368,8.225243592119499e-07
qwen25_14b_8k,galvatron,common,/opt/hbv/trainir-h20-experiments/20260927-v1/runs/qwen25_14b_8k/galvatron/common/01,7,4,62.7320851823315,11.785618126392365,0,11.837980047560704,22327725056,56904122368,6.971805834928398e-07
qwen25_14b_8k,galvatron,common,/opt/hbv/trainir-h20-experiments/20260927-v1/runs/qwen25_14b_8k/galvatron/common/01,7,5,62.34849443566054,11.594500824809074,0,11.949441579117176,22331919872,56904122368,5.571396837256635e-07
qwen25_14b_8k,galvatron,common,/opt/hbv/trainir-h20-experiments/20260927-v1/runs/qwen25_14b_8k/galvatron/common/01,7,6,62.326354761607945,11.459698721766472,0,12.250488271519018,22336114688,56904122368,4.1638583110227627e-07
qwen25_14b_8k,galvatron,common,/opt/hbv/trainir-h20-experiments/20260927-v1/runs/qwen25_14b_8k/galvatron/common/01,7,7,62.33396766614169,11.32320798933506,0,12.519732959568517,22340309504,56904122368,2.889743906929609e-07
qwen25_14b_8k,galvatron,common,/opt/hbv/trainir-h20-experiments/20260927-v1/runs/qwen25_14b_8k/galvatron/common/01,7,8,62.33473064657301,11.248013198375702,0,12.669405055601096,22344504320,56904122368,1.876283841110236e-07
qwen25_14b_8k,galvatron,common,/opt/hbv/trainir-h20-experiments/20260927-v1/runs/qwen25_14b_8k/galvatron/common/01,7,9,62.338348302058876,11.15953628718853,0,12.536462931466405,22348699136,56904122368,1.224679970165746e-07
qwen25_14b_8k,galvatron,common,/opt/hbv/trainir-h20-experiments/20260927-v1/runs/qwen25_14b_8k/galvatron/common/01,7,10,62.337676644325256,11.174826264381409,0,12.192874290817555,22352893952,56904122368,1e-07
qwen25_14b_8k,galvatron,full,/opt/hbv/trainir-h20-experiments/20260927-v1/runs/qwen25_14b_8k/galvatron/full/01,0,1,77.52146227005869,12.168657213449478,0,11.711149879245019,39248537600,96026492928,9.817718381265238e-07
qwen25_14b_8k,galvatron,full,/opt/hbv/trainir-h20-experiments/20260927-v1/runs/qwen25_14b_8k/galvatron/full/01,0,2,64.46912148501724,12.153842449188232,0,12.5650929673957,39252732416,96536100864,9.206544616434248e-07
qwen25_14b_8k,galvatron,full,/opt/hbv/trainir-h20-experiments/20260927-v1/runs/qwen25_14b_8k/galvatron/full/01,0,3,65.40789101552218,11.923325270414352,0,12.723150968083363,39256927232,96926171136,8.225243592119499e-07
qwen25_14b_8k,galvatron,full,/opt/hbv/trainir-h20-experiments/20260927-v1/runs/qwen25_14b_8k/galvatron/full/01,0,4,63.86779741290957,11.736374258995056,0,12.514416735138044,39261122048,96926171136,6.971805834928398e-07
qwen25_14b_8k,galvatron,full,/opt/hbv/trainir-h20-experiments/20260927-v1/runs/qwen25_14b_8k/galvatron/full/01,0,5,71.11847278755158,11.560041815042496,0,13.026829543824821,39265316864,96926171136,5.571396837256635e-07
qwen25_14b_8k,galvatron,full,/opt/hbv/trainir-h20-experiments/20260927-v1/runs/qwen25_14b_8k/galvatron/full/01,0,6,69.22893315646797,11.416314899921417,0,13.297420073654678,39269511680,96926171136,4.1638583110227627e-07
qwen25_14b_8k,galvatron,full,/opt/hbv/trainir-h20-experiments/20260927-v1/runs/qwen25_14b_8k/galvatron/full/01,0,7,63.530480227433145,11.286089092493057,0,13.775077008206932,39273706496,96926171136,2.889743906929609e-07
qwen25_14b_8k,galvatron,full,/opt/hbv/trainir-h20-experiments/20260927-v1/runs/qwen25_14b_8k/galvatron/full/01,0,8,73.30482064466923,11.217686474323273,0,13.584997968340101,39277901312,96926171136,1.876283841110236e-07
qwen25_14b_8k,galvatron,full,/opt/hbv/trainir-h20-experiments/20260927-v1/runs/qwen25_14b_8k/galvatron/full/01,0,9,68.58721963036805,11.09831616282463,0,13.391536009522431,39282096128,96926171136,1.224679970165746e-07
qwen25_14b_8k,galvatron,full,/opt/hbv/trainir-h20-experiments/20260927-v1/runs/qwen25_14b_8k/galvatron/full/01,0,10,63.3033242886886,11.123947262763977,0,13.133147698912294,39286290944,96926171136,1e-07
qwen25_14b_8k,galvatron,full,/opt/hbv/trainir-h20-experiments/20260927-v1/runs/qwen25_14b_8k/galvatron/full/01,1,1,77.52408709563315,12.168657213449478,0,11.711149879245019,39248537600,95969869824,9.817718381265238e-07
qwen25_14b_8k,galvatron,full,/opt/hbv/trainir-h20-experiments/20260927-v1/runs/qwen25_14b_8k/galvatron/full/01,1,2,64.4921859903261,12.153842449188232,0,12.5650929673957,39252732416,67920461824,9.206544616434248e-07
qwen25_14b_8k,galvatron,full,/opt/hbv/trainir-h20-experiments/20260927-v1/runs/qwen25_14b_8k/galvatron/full/01,1,3,65.40678620617837,11.923325270414352,0,12.723150968083363,39256927232,87839211520,8.225243592119499e-07
qwen25_14b_8k,galvatron,full,/opt/hbv/trainir-h20-experiments/20260927-v1/runs/qwen25_14b_8k/galvatron/full/01,1,4,63.86670995969325,11.736374258995056,0,12.514416735138044,39261122048,87839211520,6.971805834928398e-07
qwen25_14b_8k,galvatron,full,/opt/hbv/trainir-h20-experiments/20260927-v1/runs/qwen25_14b_8k/galvatron/full/01,1,5,71.16500004660338,11.560041815042496,0,13.026829543824821,39265316864,87839211520,5.571396837256635e-07
qwen25_14b_8k,galvatron,full,/opt/hbv/trainir-h20-experiments/20260927-v1/runs/qwen25_14b_8k/galvatron/full/01,1,6,69.22784723620862,11.416314899921417,0,13.297420073654678,39269511680,87839211520,4.1638583110227627e-07
qwen25_14b_8k,galvatron,full,/opt/hbv/trainir-h20-experiments/20260927-v1/runs/qwen25_14b_8k/galvatron/full/01,1,7,63.52935182675719,11.286089092493057,0,13.775077008206932,39273706496,87839211520,2.889743906929609e-07
qwen25_14b_8k,galvatron,full,/opt/hbv/trainir-h20-experiments/20260927-v1/runs/qwen25_14b_8k/galvatron/full/01,1,8,73.30364360939711,11.217686474323273,0,13.584997968340101,39277901312,87839211520,1.876283841110236e-07
qwen25_14b_8k,galvatron,full,/opt/hbv/trainir-h20-experiments/20260927-v1/runs/qwen25_14b_8k/galvatron/full/01,1,9,68.5861800769344,11.09831616282463,0,13.391536009522431,39282096128,87839211520,1.224679970165746e-07
qwen25_14b_8k,galvatron,full,/opt/hbv/trainir-h20-experiments/20260927-v1/runs/qwen25_14b_8k/galvatron/full/01,1,10,63.30216779001057,11.123947262763977,0,13.133147698912294,39286290944,87839211520,1e-07
qwen25_14b_8k,galvatron,full,/opt/hbv/trainir-h20-experiments/20260927-v1/runs/qwen25_14b_8k/galvatron/full/01,2,1,77.52825454808772,12.168657213449478,0,11.711149879245019,39248537600,96026492928,9.817718381265238e-07
qwen25_14b_8k,galvatron,full,/opt/hbv/trainir-h20-experiments/20260927-v1/runs/qwen25_14b_8k/galvatron/full/01,2,2,64.46807294804603,12.153842449188232,0,12.5650929673957,39252732416,96536100864,9.206544616434248e-07
qwen25_14b_8k,galvatron,full,/opt/hbv/trainir-h20-experiments/20260927-v1/runs/qwen25_14b_8k/galvatron/full/01,2,3,65.40684223547578,11.923325270414352,0,12.723150968083363,39256927232,96926171136,8.225243592119499e-07
qwen25_14b_8k,galvatron,full,/opt/hbv/trainir-h20-experiments/20260927-v1/runs/qwen25_14b_8k/galvatron/full/01,2,4,63.86683680862188,11.736374258995056,0,12.514416735138044,39261122048,96926171136,6.971805834928398e-07
qwen25_14b_8k,galvatron,full,/opt/hbv/trainir-h20-experiments/20260927-v1/runs/qwen25_14b_8k/galvatron/full/01,2,5,71.11743767280132,11.560041815042496,0,13.026829543824821,39265316864,96926171136,5.571396837256635e-07
qwen25_14b_8k,galvatron,full,/opt/hbv/trainir-h20-experiments/20260927-v1/runs/qwen25_14b_8k/galvatron/full/01,2,6,69.22792490571737,11.416314899921417,0,13.297420073654678,39269511680,96926171136,4.1638583110227627e-07
qwen25_14b_8k,galvatron,full,/opt/hbv/trainir-h20-experiments/20260927-v1/runs/qwen25_14b_8k/galvatron/full/01,2,7,63.52946509979665,11.286089092493057,0,13.775077008206932,39273706496,96926171136,2.889743906929609e-07
qwen25_14b_8k,galvatron,full,/opt/hbv/trainir-h20-experiments/20260927-v1/runs/qwen25_14b_8k/galvatron/full/01,2,8,73.30377769470215,11.217686474323273,0,13.584997968340101,39277901312,96926171136,1.876283841110236e-07
qwen25_14b_8k,galvatron,full,/opt/hbv/trainir-h20-experiments/20260927-v1/runs/qwen25_14b_8k/galvatron/full/01,2,9,68.58625837881118,11.09831616282463,0,13.391536009522431,39282096128,96926171136,1.224679970165746e-07
qwen25_14b_8k,galvatron,full,/opt/hbv/trainir-h20-experiments/20260927-v1/runs/qwen25_14b_8k/galvatron/full/01,2,10,63.30241188034415,11.123947262763977,0,13.133147698912294,39286290944,96926171136,1e-07
qwen25_14b_8k,galvatron,full,/opt/hbv/trainir-h20-experiments/20260927-v1/runs/qwen25_14b_8k/galvatron/full/01,3,1,77.5121277468279,12.168657213449478,0,11.711149879245019,39248537600,95888080896,9.817718381265238e-07
qwen25_14b_8k,galvatron,full,/opt/hbv/trainir-h20-experiments/20260927-v1/runs/qwen25_14b_8k/galvatron/full/01,3,2,64.49188822694123,12.153842449188232,0,12.5650929673957,39252732416,67920461824,9.206544616434248e-07
qwen25_14b_8k,galvatron,full,/opt/hbv/trainir-h20-experiments/20260927-v1/runs/qwen25_14b_8k/galvatron/full/01,3,3,65.40721701551229,11.923325270414352,0,12.723150968083363,39256927232,87839211520,8.225243592119499e-07
qwen25_14b_8k,galvatron,full,/opt/hbv/trainir-h20-experiments/20260927-v1/runs/qwen25_14b_8k/galvatron/full/01,3,4,63.86708266660571,11.736374258995056,0,12.514416735138044,39261122048,87839211520,6.971805834928398e-07
qwen25_14b_8k,galvatron,full,/opt/hbv/trainir-h20-experiments/20260927-v1/runs/qwen25_14b_8k/galvatron/full/01,3,5,71.11766332294792,11.560041815042496,0,13.026829543824821,39265316864,87839211520,5.571396837256635e-07
qwen25_14b_8k,galvatron,full,/opt/hbv/trainir-h20-experiments/20260927-v1/runs/qwen25_14b_8k/galvatron/full/01,3,6,69.2281246772036,11.416314899921417,0,13.297420073654678,39269511680,87839211520,4.1638583110227627e-07
qwen25_14b_8k,galvatron,full,/opt/hbv/trainir-h20-experiments/20260927-v1/runs/qwen25_14b_8k/galvatron/full/01,3,7,63.52972504775971,11.286089092493057,0,13.775077008206932,39273706496,87839211520,2.889743906929609e-07
qwen25_14b_8k,galvatron,full,/opt/hbv/trainir-h20-experiments/20260927-v1/runs/qwen25_14b_8k/galvatron/full/01,3,8,73.30407337099314,11.217686474323273,0,13.584997968340101,39277901312,87839211520,1.876283841110236e-07
qwen25_14b_8k,galvatron,full,/opt/hbv/trainir-h20-experiments/20260927-v1/runs/qwen25_14b_8k/galvatron/full/01,3,9,68.58649270888418,11.09831616282463,0,13.391536009522431,39282096128,87839211520,1.224679970165746e-07
qwen25_14b_8k,galvatron,full,/opt/hbv/trainir-h20-experiments/20260927-v1/runs/qwen25_14b_8k/galvatron/full/01,3,10,63.302719090133905,11.123947262763977,0,13.133147698912294,39286290944,87839211520,1e-07
qwen25_14b_8k,galvatron,full,/opt/hbv/trainir-h20-experiments/20260927-v1/runs/qwen25_14b_8k/galvatron/full/01,4,1,77.5275559592992,12.168657213449478,0,11.711149879245019,39248537600,96026492928,9.817718381265238e-07
qwen25_14b_8k,galvatron,full,/opt/hbv/trainir-h20-experiments/20260927-v1/runs/qwen25_14b_8k/galvatron/full/01,4,2,64.46796596236527,12.153842449188232,0,12.5650929673957,39252732416,96787759104,9.206544616434248e-07
qwen25_14b_8k,galvatron,full,/opt/hbv/trainir-h20-experiments/20260927-v1/runs/qwen25_14b_8k/galvatron/full/01,4,3,65.40687912981957,11.923325270414352,0,12.723150968083363,39256927232,97177829376,8.225243592119499e-07
qwen25_14b_8k,galvatron,full,/opt/hbv/trainir-h20-experiments/20260927-v1/runs/qwen25_14b_8k/galvatron/full/01,4,4,63.866772702895105,11.736374258995056,0,12.514416735138044,39261122048,97177829376,6.971805834928398e-07
qwen25_14b_8k,galvatron,full,/opt/hbv/trainir-h20-experiments/20260927-v1/runs/qwen25_14b_8k/galvatron/full/01,4,5,71.11737534590065,11.560041815042496,0,13.026829543824821,39265316864,97177829376,5.571396837256635e-07
qwen25_14b_8k,galvatron,full,/opt/hbv/trainir-h20-experiments/20260927-v1/runs/qwen25_14b_8k/galvatron/full/01,4,6,69.22784256190062,11.416314899921417,0,13.297420073654678,39269511680,97177829376,4.1638583110227627e-07
qwen25_14b_8k,galvatron,full,/opt/hbv/trainir-h20-experiments/20260927-v1/runs/qwen25_14b_8k/galvatron/full/01,4,7,63.529358060099185,11.286089092493057,0,13.775077008206932,39273706496,97177829376,2.889743906929609e-07
qwen25_14b_8k,galvatron,full,/opt/hbv/trainir-h20-experiments/20260927-v1/runs/qwen25_14b_8k/galvatron/full/01,4,8,73.30369858816266,11.217686474323273,0,13.584997968340101,39277901312,97177829376,1.876283841110236e-07
qwen25_14b_8k,galvatron,full,/opt/hbv/trainir-h20-experiments/20260927-v1/runs/qwen25_14b_8k/galvatron/full/01,4,9,68.58623270317912,11.09831616282463,0,13.391536009522431,39282096128,97177829376,1.224679970165746e-07
qwen25_14b_8k,galvatron,full,/opt/hbv/trainir-h20-experiments/20260927-v1/runs/qwen25_14b_8k/galvatron/full/01,4,10,63.30232165940106,11.123947262763977,0,13.133147698912294,39286290944,97177829376,1e-07
qwen25_14b_8k,galvatron,full,/opt/hbv/trainir-h20-experiments/20260927-v1/runs/qwen25_14b_8k/galvatron/full/01,5,1,77.51689844951034,12.168657213449478,0,11.711149879245019,39248537600,96026492928,9.817718381265238e-07
qwen25_14b_8k,galvatron,full,/opt/hbv/trainir-h20-experiments/20260927-v1/runs/qwen25_14b_8k/galvatron/full/01,5,2,64.4678696570918,12.153842449188232,0,12.5650929673957,39252732416,96674512896,9.206544616434248e-07
qwen25_14b_8k,galvatron,full,/opt/hbv/trainir-h20-experiments/20260927-v1/runs/qwen25_14b_8k/galvatron/full/01,5,3,65.40691700484604,11.923325270414352,0,12.723150968083363,39256927232,97064583168,8.225243592119499e-07
qwen25_14b_8k,galvatron,full,/opt/hbv/trainir-h20-experiments/20260927-v1/runs/qwen25_14b_8k/galvatron/full/01,5,4,63.86674410011619,11.736374258995056,0,12.514416735138044,39261122048,97064583168,6.971805834928398e-07
qwen25_14b_8k,galvatron,full,/opt/hbv/trainir-h20-experiments/20260927-v1/runs/qwen25_14b_8k/galvatron/full/01,5,5,71.11733713652939,11.560041815042496,0,13.026829543824821,39265316864,97064583168,5.571396837256635e-07
qwen25_14b_8k,galvatron,full,/opt/hbv/trainir-h20-experiments/20260927-v1/runs/qwen25_14b_8k/galvatron/full/01,5,6,69.22781557776034,11.416314899921417,0,13.297420073654678,39269511680,97064583168,4.1638583110227627e-07
qwen25_14b_8k,galvatron,full,/opt/hbv/trainir-h20-experiments/20260927-v1/runs/qwen25_14b_8k/galvatron/full/01,5,7,63.5293682962656,11.286089092493057,0,13.775077008206932,39273706496,97064583168,2.889743906929609e-07
qwen25_14b_8k,galvatron,full,/opt/hbv/trainir-h20-experiments/20260927-v1/runs/qwen25_14b_8k/galvatron/full/01,5,8,73.30364217981696,11.217686474323273,0,13.584997968340101,39277901312,97064583168,1.876283841110236e-07
qwen25_14b_8k,galvatron,full,/opt/hbv/trainir-h20-experiments/20260927-v1/runs/qwen25_14b_8k/galvatron/full/01,5,9,68.58620074670762,11.09831616282463,0,13.391536009522431,39282096128,97064583168,1.224679970165746e-07
qwen25_14b_8k,galvatron,full,/opt/hbv/trainir-h20-experiments/20260927-v1/runs/qwen25_14b_8k/galvatron/full/01,5,10,63.302293623797596,11.123947262763977,0,13.133147698912294,39286290944,97064583168,1e-07
qwen25_14b_8k,galvatron,full,/opt/hbv/trainir-h20-experiments/20260927-v1/runs/qwen25_14b_8k/galvatron/full/01,6,1,77.50133604276925,12.168657213449478,0,11.711149879245019,39248537600,96026492928,9.817718381265238e-07
qwen25_14b_8k,galvatron,full,/opt/hbv/trainir-h20-experiments/20260927-v1/runs/qwen25_14b_8k/galvatron/full/01,6,2,64.46812093723565,12.153842449188232,0,12.5650929673957,39252732416,96674512896,9.206544616434248e-07
qwen25_14b_8k,galvatron,full,/opt/hbv/trainir-h20-experiments/20260927-v1/runs/qwen25_14b_8k/galvatron/full/01,6,3,65.40688581950963,11.923325270414352,0,12.723150968083363,39256927232,97064583168,8.225243592119499e-07
qwen25_14b_8k,galvatron,full,/opt/hbv/trainir-h20-experiments/20260927-v1/runs/qwen25_14b_8k/galvatron/full/01,6,4,63.86679208744317,11.736374258995056,0,12.514416735138044,39261122048,97064583168,6.971805834928398e-07
qwen25_14b_8k,galvatron,full,/opt/hbv/trainir-h20-experiments/20260927-v1/runs/qwen25_14b_8k/galvatron/full/01,6,5,71.11745255161077,11.560041815042496,0,13.026829543824821,39265316864,97064583168,5.571396837256635e-07
qwen25_14b_8k,galvatron,full,/opt/hbv/trainir-h20-experiments/20260927-v1/runs/qwen25_14b_8k/galvatron/full/01,6,6,69.22793843690306,11.416314899921417,0,13.297420073654678,39269511680,97064583168,4.1638583110227627e-07
qwen25_14b_8k,galvatron,full,/opt/hbv/trainir-h20-experiments/20260927-v1/runs/qwen25_14b_8k/galvatron/full/01,6,7,63.529387107118964,11.286089092493057,0,13.775077008206932,39273706496,97064583168,2.889743906929609e-07
qwen25_14b_8k,galvatron,full,/opt/hbv/trainir-h20-experiments/20260927-v1/runs/qwen25_14b_8k/galvatron/full/01,6,8,73.30367704574019,11.217686474323273,0,13.584997968340101,39277901312,97064583168,1.876283841110236e-07
qwen25_14b_8k,galvatron,full,/opt/hbv/trainir-h20-experiments/20260927-v1/runs/qwen25_14b_8k/galvatron/full/01,6,9,68.58623326290399,11.09831616282463,0,13.391536009522431,39282096128,97064583168,1.224679970165746e-07
qwen25_14b_8k,galvatron,full,/opt/hbv/trainir-h20-experiments/20260927-v1/runs/qwen25_14b_8k/galvatron/full/01,6,10,63.30239722132683,11.123947262763977,0,13.133147698912294,39286290944,97064583168,1e-07
qwen25_14b_8k,galvatron,full,/opt/hbv/trainir-h20-experiments/20260927-v1/runs/qwen25_14b_8k/galvatron/full/01,7,1,77.51482658553869,12.168657213449478,0,11.711149879245019,39248537600,96026492928,9.817718381265238e-07
qwen25_14b_8k,galvatron,full,/opt/hbv/trainir-h20-experiments/20260927-v1/runs/qwen25_14b_8k/galvatron/full/01,7,2,64.4681878844276,12.153842449188232,0,12.5650929673957,39252732416,96787759104,9.206544616434248e-07
qwen25_14b_8k,galvatron,full,/opt/hbv/trainir-h20-experiments/20260927-v1/runs/qwen25_14b_8k/galvatron/full/01,7,3,65.4071263531223,11.923325270414352,0,12.723150968083363,39256927232,97177829376,8.225243592119499e-07
qwen25_14b_8k,galvatron,full,/opt/hbv/trainir-h20-experiments/20260927-v1/runs/qwen25_14b_8k/galvatron/full/01,7,4,63.86702699866146,11.736374258995056,0,12.514416735138044,39261122048,97177829376,6.971805834928398e-07
qwen25_14b_8k,galvatron,full,/opt/hbv/trainir-h20-experiments/20260927-v1/runs/qwen25_14b_8k/galvatron/full/01,7,5,71.11762545444071,11.560041815042496,0,13.026829543824821,39265316864,97177829376,5.571396837256635e-07
qwen25_14b_8k,galvatron,full,/opt/hbv/trainir-h20-experiments/20260927-v1/runs/qwen25_14b_8k/galvatron/full/01,7,6,69.22812730167061,11.416314899921417,0,13.297420073654678,39269511680,97177829376,4.1638583110227627e-07
qwen25_14b_8k,galvatron,full,/opt/hbv/trainir-h20-experiments/20260927-v1/runs/qwen25_14b_8k/galvatron/full/01,7,7,63.529650083743036,11.286089092493057,0,13.775077008206932,39273706496,97177829376,2.889743906929609e-07
qwen25_14b_8k,galvatron,full,/opt/hbv/trainir-h20-experiments/20260927-v1/runs/qwen25_14b_8k/galvatron/full/01,7,8,73.30388872511685,11.217686474323273,0,13.584997968340101,39277901312,97177829376,1.876283841110236e-07
qwen25_14b_8k,galvatron,full,/opt/hbv/trainir-h20-experiments/20260927-v1/runs/qwen25_14b_8k/galvatron/full/01,7,9,68.58638687152416,11.09831616282463,0,13.391536009522431,39282096128,97177829376,1.224679970165746e-07
qwen25_14b_8k,galvatron,full,/opt/hbv/trainir-h20-experiments/20260927-v1/runs/qwen25_14b_8k/galvatron/full/01,7,10,63.302623989991844,11.123947262763977,0,13.133147698912294,39286290944,97177829376,1e-07
qwen3_14b_4k,devastator,common,/opt/hbv/trainir-h20-experiments/20260927-v1/runs/qwen3_14b_4k/devastator/common/01,0,1,170.692869159393,,0,8.616389274597168,43768303616,72198651904,
qwen3_14b_4k,devastator,common,/opt/hbv/trainir-h20-experiments/20260927-v1/runs/qwen3_14b_4k/devastator/common/01,0,2,67.2418804904446,,0,8.563118934631348,43768303616,80677437440,
qwen3_14b_4k,devastator,common,/opt/hbv/trainir-h20-experiments/20260927-v1/runs/qwen3_14b_4k/devastator/common/01,0,3,67.21011467091739,,0,8.25577163696289,43768303616,80677437440,
qwen3_14b_4k,devastator,common,/opt/hbv/trainir-h20-experiments/20260927-v1/runs/qwen3_14b_4k/devastator/common/01,0,4,67.24158761650324,,0,8.290307998657227,43768303616,80677437440,
qwen3_14b_4k,devastator,common,/opt/hbv/trainir-h20-experiments/20260927-v1/runs/qwen3_14b_4k/devastator/common/01,0,5,67.2331470279023,,0,8.381621360778809,43768303616,80677437440,
qwen3_14b_4k,devastator,common,/opt/hbv/trainir-h20-experiments/20260927-v1/runs/qwen3_14b_4k/devastator/common/01,0,6,67.20355322025716,,0,8.421648979187012,43768303616,80677437440,
qwen3_14b_4k,devastator,common,/opt/hbv/trainir-h20-experiments/20260927-v1/runs/qwen3_14b_4k/devastator/common/01,0,7,67.2913032695651,,0,8.521660804748535,43768303616,80677437440,
qwen3_14b_4k,devastator,common,/opt/hbv/trainir-h20-experiments/20260927-v1/runs/qwen3_14b_4k/devastator/common/01,0,8,67.27285791188478,,0,8.476773262023926,43768303616,80677437440,
qwen3_14b_4k,devastator,common,/opt/hbv/trainir-h20-experiments/20260927-v1/runs/qwen3_14b_4k/devastator/common/01,0,9,67.28716187365353,,0,8.50922966003418,43768303616,80677437440,
qwen3_14b_4k,devastator,common,/opt/hbv/trainir-h20-experiments/20260927-v1/runs/qwen3_14b_4k/devastator/common/01,0,10,67.28812290262431,,0,8.612127304077148,43768303616,80677437440,
qwen3_14b_4k,devastator,common,/opt/hbv/trainir-h20-experiments/20260927-v1/runs/qwen3_14b_4k/devastator/common/01,1,1,170.69291855953634,,0,8.616389274597168,29847618560,54236545024,
qwen3_14b_4k,devastator,common,/opt/hbv/trainir-h20-experiments/20260927-v1/runs/qwen3_14b_4k/devastator/common/01,1,2,67.24173773732036,,0,8.563118934631348,29847618560,59051606016,
qwen3_14b_4k,devastator,common,/opt/hbv/trainir-h20-experiments/20260927-v1/runs/qwen3_14b_4k/devastator/common/01,1,3,67.21009101066738,,0,8.25577163696289,29847618560,59051606016,
qwen3_14b_4k,devastator,common,/opt/hbv/trainir-h20-experiments/20260927-v1/runs/qwen3_14b_4k/devastator/common/01,1,4,67.2416720604524,,0,8.290307998657227,29847618560,59051606016,
qwen3_14b_4k,devastator,common,/opt/hbv/trainir-h20-experiments/20260927-v1/runs/qwen3_14b_4k/devastator/common/01,1,5,67.23315184470266,,0,8.381621360778809,29847618560,59051606016,
qwen3_14b_4k,devastator,common,/opt/hbv/trainir-h20-experiments/20260927-v1/runs/qwen3_14b_4k/devastator/common/01,1,6,67.2035605199635,,0,8.421648979187012,29847618560,59051606016,
qwen3_14b_4k,devastator,common,/opt/hbv/trainir-h20-experiments/20260927-v1/runs/qwen3_14b_4k/devastator/common/01,1,7,67.29126383084804,,0,8.521660804748535,29847618560,59051606016,
qwen3_14b_4k,devastator,common,/opt/hbv/trainir-h20-experiments/20260927-v1/runs/qwen3_14b_4k/devastator/common/01,1,8,67.27302727755159,,0,8.476773262023926,29847618560,59051606016,
qwen3_14b_4k,devastator,common,/opt/hbv/trainir-h20-experiments/20260927-v1/runs/qwen3_14b_4k/devastator/common/01,1,9,67.2871302915737,,0,8.50922966003418,29847618560,59051606016,
qwen3_14b_4k,devastator,common,/opt/hbv/trainir-h20-experiments/20260927-v1/runs/qwen3_14b_4k/devastator/common/01,1,10,67.28805985953659,,0,8.612127304077148,29847618560,59051606016,
qwen3_14b_4k,devastator,common,/opt/hbv/trainir-h20-experiments/20260927-v1/runs/qwen3_14b_4k/devastator/common/01,2,1,170.6928637260571,,0,8.616389274597168,29847618560,50476351488,
qwen3_14b_4k,devastator,common,/opt/hbv/trainir-h20-experiments/20260927-v1/runs/qwen3_14b_4k/devastator/common/01,2,2,67.2417624425143,,0,8.563118934631348,29847618560,55289315328,
qwen3_14b_4k,devastator,common,/opt/hbv/trainir-h20-experiments/20260927-v1/runs/qwen3_14b_4k/devastator/common/01,2,3,67.21004183404148,,0,8.25577163696289,29847618560,55289315328,
qwen3_14b_4k,devastator,common,/opt/hbv/trainir-h20-experiments/20260927-v1/runs/qwen3_14b_4k/devastator/common/01,2,4,67.24166705366224,,0,8.290307998657227,29847618560,55289315328,
qwen3_14b_4k,devastator,common,/opt/hbv/trainir-h20-experiments/20260927-v1/runs/qwen3_14b_4k/devastator/common/01,2,5,67.23317969124764,,0,8.381621360778809,29847618560,55289315328,
qwen3_14b_4k,devastator,common,/opt/hbv/trainir-h20-experiments/20260927-v1/runs/qwen3_14b_4k/devastator/common/01,2,6,67.20353630091995,,0,8.421648979187012,29847618560,55289315328,
qwen3_14b_4k,devastator,common,/opt/hbv/trainir-h20-experiments/20260927-v1/runs/qwen3_14b_4k/devastator/common/01,2,7,67.29121668450534,,0,8.521660804748535,29847618560,55289315328,
qwen3_14b_4k,devastator,common,/opt/hbv/trainir-h20-experiments/20260927-v1/runs/qwen3_14b_4k/devastator/common/01,2,8,67.27298942394555,,0,8.476773262023926,29847618560,55289315328,
qwen3_14b_4k,devastator,common,/opt/hbv/trainir-h20-experiments/20260927-v1/runs/qwen3_14b_4k/devastator/common/01,2,9,67.28719130065292,,0,8.50922966003418,29847618560,55289315328,
qwen3_14b_4k,devastator,common,/opt/hbv/trainir-h20-experiments/20260927-v1/runs/qwen3_14b_4k/devastator/common/01,2,10,67.2880205065012,,0,8.612127304077148,29847618560,55289315328,
qwen3_14b_4k,devastator,common,/opt/hbv/trainir-h20-experiments/20260927-v1/runs/qwen3_14b_4k/devastator/common/01,3,1,170.69309789687395,,0,8.616389274597168,29847618560,46735032320,
qwen3_14b_4k,devastator,common,/opt/hbv/trainir-h20-experiments/20260927-v1/runs/qwen3_14b_4k/devastator/common/01,3,2,67.24171722028404,,0,8.563118934631348,29847618560,51547996160,
qwen3_14b_4k,devastator,common,/opt/hbv/trainir-h20-experiments/20260927-v1/runs/qwen3_14b_4k/devastator/common/01,3,3,67.20999052003026,,0,8.25577163696289,29847618560,51547996160,
qwen3_14b_4k,devastator,common,/opt/hbv/trainir-h20-experiments/20260927-v1/runs/qwen3_14b_4k/devastator/common/01,3,4,67.2416107468307,,0,8.290307998657227,29847618560,51547996160,
qwen3_14b_4k,devastator,common,/opt/hbv/trainir-h20-experiments/20260927-v1/runs/qwen3_14b_4k/devastator/common/01,3,5,67.23315102048218,,0,8.381621360778809,29847618560,51547996160,
qwen3_14b_4k,devastator,common,/opt/hbv/trainir-h20-experiments/20260927-v1/runs/qwen3_14b_4k/devastator/common/01,3,6,67.20370450802147,,0,8.421648979187012,29847618560,51547996160,
qwen3_14b_4k,devastator,common,/opt/hbv/trainir-h20-experiments/20260927-v1/runs/qwen3_14b_4k/devastator/common/01,3,7,67.29123420733958,,0,8.521660804748535,29847618560,51547996160,
qwen3_14b_4k,devastator,common,/opt/hbv/trainir-h20-experiments/20260927-v1/runs/qwen3_14b_4k/devastator/common/01,3,8,67.27300107851624,,0,8.476773262023926,29847618560,51547996160,
qwen3_14b_4k,devastator,common,/opt/hbv/trainir-h20-experiments/20260927-v1/runs/qwen3_14b_4k/devastator/common/01,3,9,67.28710563108325,,0,8.50922966003418,29847618560,51547996160,
qwen3_14b_4k,devastator,common,/opt/hbv/trainir-h20-experiments/20260927-v1/runs/qwen3_14b_4k/devastator/common/01,3,10,67.28818573243916,,0,8.612127304077148,29847618560,51547996160,
qwen3_14b_4k,devastator,common,/opt/hbv/trainir-h20-experiments/20260927-v1/runs/qwen3_14b_4k/devastator/common/01,4,1,170.69267629366368,,0,8.616389274597168,29847618560,42974838784,
qwen3_14b_4k,devastator,common,/opt/hbv/trainir-h20-experiments/20260927-v1/runs/qwen3_14b_4k/devastator/common/01,4,2,67.24206427764148,,0,8.563118934631348,29847618560,47787802624,
qwen3_14b_4k,devastator,common,/opt/hbv/trainir-h20-experiments/20260927-v1/runs/qwen3_14b_4k/devastator/common/01,4,3,67.21008602995425,,0,8.25577163696289,29847618560,47787802624,
qwen3_14b_4k,devastator,common,/opt/hbv/trainir-h20-experiments/20260927-v1/runs/qwen3_14b_4k/devastator/common/01,4,4,67.24168080836535,,0,8.290307998657227,29847618560,47787802624,
qwen3_14b_4k,devastator,common,/opt/hbv/trainir-h20-experiments/20260927-v1/runs/qwen3_14b_4k/devastator/common/01,4,5,67.23319930583239,,0,8.381621360778809,29847618560,47787802624,
qwen3_14b_4k,devastator,common,/opt/hbv/trainir-h20-experiments/20260927-v1/runs/qwen3_14b_4k/devastator/common/01,4,6,67.20376624260098,,0,8.421648979187012,29847618560,47787802624,
qwen3_14b_4k,devastator,common,/opt/hbv/trainir-h20-experiments/20260927-v1/runs/qwen3_14b_4k/devastator/common/01,4,7,67.29146678838879,,0,8.521660804748535,29847618560,47787802624,
qwen3_14b_4k,devastator,common,/opt/hbv/trainir-h20-experiments/20260927-v1/runs/qwen3_14b_4k/devastator/common/01,4,8,67.2731275446713,,0,8.476773262023926,29847618560,47787802624,
qwen3_14b_4k,devastator,common,/opt/hbv/trainir-h20-experiments/20260927-v1/runs/qwen3_14b_4k/devastator/common/01,4,9,67.28715702705085,,0,8.50922966003418,29847618560,47787802624,
qwen3_14b_4k,devastator,common,/opt/hbv/trainir-h20-experiments/20260927-v1/runs/qwen3_14b_4k/devastator/common/01,4,10,67.28821856807917,,0,8.612127304077148,29847618560,47787802624,
qwen3_14b_4k,devastator,common,/opt/hbv/trainir-h20-experiments/20260927-v1/runs/qwen3_14b_4k/devastator/common/01,5,1,170.69289689138532,,0,8.616389274597168,29847618560,39233519616,
qwen3_14b_4k,devastator,common,/opt/hbv/trainir-h20-experiments/20260927-v1/runs/qwen3_14b_4k/devastator/common/01,5,2,67.24204444605857,,0,8.563118934631348,29847618560,44046483456,
qwen3_14b_4k,devastator,common,/opt/hbv/trainir-h20-experiments/20260927-v1/runs/qwen3_14b_4k/devastator/common/01,5,3,67.21015710011125,,0,8.25577163696289,29847618560,44046483456,
qwen3_14b_4k,devastator,common,/opt/hbv/trainir-h20-experiments/20260927-v1/runs/qwen3_14b_4k/devastator/common/01,5,4,67.24169592931867,,0,8.290307998657227,29847618560,44046483456,
qwen3_14b_4k,devastator,common,/opt/hbv/trainir-h20-experiments/20260927-v1/runs/qwen3_14b_4k/devastator/common/01,5,5,67.23320490401238,,0,8.381621360778809,29847618560,44046483456,
qwen3_14b_4k,devastator,common,/opt/hbv/trainir-h20-experiments/20260927-v1/runs/qwen3_14b_4k/devastator/common/01,5,6,67.20376716274768,,0,8.421648979187012,29847618560,44046483456,
qwen3_14b_4k,devastator,common,/opt/hbv/trainir-h20-experiments/20260927-v1/runs/qwen3_14b_4k/devastator/common/01,5,7,67.29137121140957,,0,8.521660804748535,29847618560,44046483456,
qwen3_14b_4k,devastator,common,/opt/hbv/trainir-h20-experiments/20260927-v1/runs/qwen3_14b_4k/devastator/common/01,5,8,67.27305348683149,,0,8.476773262023926,29847618560,44046483456,
qwen3_14b_4k,devastator,common,/opt/hbv/trainir-h20-experiments/20260927-v1/runs/qwen3_14b_4k/devastator/common/01,5,9,67.28723822254688,,0,8.50922966003418,29847618560,44046483456,
qwen3_14b_4k,devastator,common,/opt/hbv/trainir-h20-experiments/20260927-v1/runs/qwen3_14b_4k/devastator/common/01,5,10,67.28828328568488,,0,8.612127304077148,29847618560,44046483456,
qwen3_14b_4k,devastator,common,/opt/hbv/trainir-h20-experiments/20260927-v1/runs/qwen3_14b_4k/devastator/common/01,6,1,170.69294181279838,,0,8.616389274597168,29847618560,35473326080,
qwen3_14b_4k,devastator,common,/opt/hbv/trainir-h20-experiments/20260927-v1/runs/qwen3_14b_4k/devastator/common/01,6,2,67.24197294469923,,0,8.563118934631348,29847618560,40286289920,
qwen3_14b_4k,devastator,common,/opt/hbv/trainir-h20-experiments/20260927-v1/runs/qwen3_14b_4k/devastator/common/01,6,3,67.21008850447834,,0,8.25577163696289,29847618560,40286289920,
qwen3_14b_4k,devastator,common,/opt/hbv/trainir-h20-experiments/20260927-v1/runs/qwen3_14b_4k/devastator/common/01,6,4,67.24168404843658,,0,8.290307998657227,29847618560,40286289920,
qwen3_14b_4k,devastator,common,/opt/hbv/trainir-h20-experiments/20260927-v1/runs/qwen3_14b_4k/devastator/common/01,6,5,67.23317949473858,,0,8.381621360778809,29847618560,40286289920,
qwen3_14b_4k,devastator,common,/opt/hbv/trainir-h20-experiments/20260927-v1/runs/qwen3_14b_4k/devastator/common/01,6,6,67.20371100027114,,0,8.421648979187012,29847618560,40286289920,
qwen3_14b_4k,devastator,common,/opt/hbv/trainir-h20-experiments/20260927-v1/runs/qwen3_14b_4k/devastator/common/01,6,7,67.29128085263073,,0,8.521660804748535,29847618560,40286289920,
qwen3_14b_4k,devastator,common,/opt/hbv/trainir-h20-experiments/20260927-v1/runs/qwen3_14b_4k/devastator/common/01,6,8,67.27303747553378,,0,8.476773262023926,29847618560,40286289920,
qwen3_14b_4k,devastator,common,/opt/hbv/trainir-h20-experiments/20260927-v1/runs/qwen3_14b_4k/devastator/common/01,6,9,67.2872762940824,,0,8.50922966003418,29847618560,40286289920,
qwen3_14b_4k,devastator,common,/opt/hbv/trainir-h20-experiments/20260927-v1/runs/qwen3_14b_4k/devastator/common/01,6,10,67.28826171718538,,0,8.612127304077148,29847618560,40286289920,
qwen3_14b_4k,devastator,common,/opt/hbv/trainir-h20-experiments/20260927-v1/runs/qwen3_14b_4k/devastator/common/01,7,1,170.69399027246982,12.218725204467773,0,8.616389274597168,43919370752,45279608832,
qwen3_14b_4k,devastator,common,/opt/hbv/trainir-h20-experiments/20260927-v1/runs/qwen3_14b_4k/devastator/common/01,7,2,67.24285911209881,12.210172653198242,0,8.563118934631348,43919371776,54563700736,
qwen3_14b_4k,devastator,common,/opt/hbv/trainir-h20-experiments/20260927-v1/runs/qwen3_14b_4k/devastator/common/01,7,3,67.2109539853409,12.208091735839844,0,8.25577163696289,43919371776,54563700736,
qwen3_14b_4k,devastator,common,/opt/hbv/trainir-h20-experiments/20260927-v1/runs/qwen3_14b_4k/devastator/common/01,7,4,67.24253015127033,12.200461387634277,0,8.290307998657227,43919371776,54563700736,
qwen3_14b_4k,devastator,common,/opt/hbv/trainir-h20-experiments/20260927-v1/runs/qwen3_14b_4k/devastator/common/01,7,5,67.23400379810482,12.170092582702637,0,8.381621360778809,43919371776,54563700736,
qwen3_14b_4k,devastator,common,/opt/hbv/trainir-h20-experiments/20260927-v1/runs/qwen3_14b_4k/devastator/common/01,7,6,67.20453776977956,12.160097122192383,0,8.421648979187012,43919371776,54563700736,
qwen3_14b_4k,devastator,common,/opt/hbv/trainir-h20-experiments/20260927-v1/runs/qwen3_14b_4k/devastator/common/01,7,7,67.29221912007779,12.09482192993164,0,8.521660804748535,43919371776,54563700736,
qwen3_14b_4k,devastator,common,/opt/hbv/trainir-h20-experiments/20260927-v1/runs/qwen3_14b_4k/devastator/common/01,7,8,67.27380280662328,12.05239486694336,0,8.476773262023926,43919371776,54563700736,
qwen3_14b_4k,devastator,common,/opt/hbv/trainir-h20-experiments/20260927-v1/runs/qwen3_14b_4k/devastator/common/01,7,9,67.28810861613601,12.049015998840332,0,8.50922966003418,43919371776,54563700736,
qwen3_14b_4k,devastator,common,/opt/hbv/trainir-h20-experiments/20260927-v1/runs/qwen3_14b_4k/devastator/common/01,7,10,67.28909102920443,12.040635108947754,0,8.612127304077148,43919371776,54563700736,
qwen3_14b_4k,galvatron,common,/opt/hbv/trainir-h20-experiments/20260927-v1/runs/qwen3_14b_4k/galvatron/common/01,0,1,66.7644709572196,12.173396408557892,0,12.026947282560942,44543801344,97049903104,9.817718381265238e-07
qwen3_14b_4k,galvatron,common,/opt/hbv/trainir-h20-experiments/20260927-v1/runs/qwen3_14b_4k/galvatron/common/01,0,2,58.77237594220787,12.175856411457062,0,11.91040671370787,44545899008,79503032320,9.206544616434248e-07
qwen3_14b_4k,galvatron,common,/opt/hbv/trainir-h20-experiments/20260927-v1/runs/qwen3_14b_4k/galvatron/common/01,0,3,58.11693358980119,12.002143561840057,0,11.711788296730003,44547996672,92725575680,8.225243592119499e-07
qwen3_14b_4k,galvatron,common,/opt/hbv/trainir-h20-experiments/20260927-v1/runs/qwen3_14b_4k/galvatron/common/01,0,4,58.22641072329134,11.837045177817345,0,12.392039272416044,44550094336,93115645952,6.971805834928398e-07
qwen3_14b_4k,galvatron,common,/opt/hbv/trainir-h20-experiments/20260927-v1/runs/qwen3_14b_4k/galvatron/common/01,0,5,58.128226400353014,11.675384745001793,0,13.396784929062154,44552192000,93115645952,5.571396837256635e-07
qwen3_14b_4k,galvatron,common,/opt/hbv/trainir-h20-experiments/20260927-v1/runs/qwen3_14b_4k/galvatron/common/01,0,6,58.21900181565434,11.561107516288757,0,14.113625596927049,44554289664,93115645952,4.1638583110227627e-07
qwen3_14b_4k,galvatron,common,/opt/hbv/trainir-h20-experiments/20260927-v1/runs/qwen3_14b_4k/galvatron/common/01,0,7,58.11686843633652,11.444867074489594,0,14.889724239872717,44556387328,93115645952,2.889743906929609e-07
qwen3_14b_4k,galvatron,common,/opt/hbv/trainir-h20-experiments/20260927-v1/runs/qwen3_14b_4k/galvatron/common/01,0,8,58.144027646631,11.33721549808979,0,15.095524085374095,44558484992,93115645952,1.876283841110236e-07
qwen3_14b_4k,galvatron,common,/opt/hbv/trainir-h20-experiments/20260927-v1/runs/qwen3_14b_4k/galvatron/common/01,0,9,58.22140936460346,11.271863207221031,0,15.517715666673325,44560582656,93117743104,1.224679970165746e-07
qwen3_14b_4k,galvatron,common,/opt/hbv/trainir-h20-experiments/20260927-v1/runs/qwen3_14b_4k/galvatron/common/01,0,10,58.10245740972459,11.239050149917603,0,15.816236936454832,44562680320,93117743104,1e-07
qwen3_14b_4k,galvatron,common,/opt/hbv/trainir-h20-experiments/20260927-v1/runs/qwen3_14b_4k/galvatron/common/01,1,1,66.77747642342001,12.173396408557892,0,12.026947282560942,44543801344,97049903104,9.817718381265238e-07
qwen3_14b_4k,galvatron,common,/opt/hbv/trainir-h20-experiments/20260927-v1/runs/qwen3_14b_4k/galvatron/common/01,1,2,58.77163109090179,12.175856411457062,0,11.91040671370787,44545899008,79505129472,9.206544616434248e-07
qwen3_14b_4k,galvatron,common,/opt/hbv/trainir-h20-experiments/20260927-v1/runs/qwen3_14b_4k/galvatron/common/01,1,3,58.11597001273185,12.002143561840057,0,11.711788296730003,44547996672,92727672832,8.225243592119499e-07
qwen3_14b_4k,galvatron,common,/opt/hbv/trainir-h20-experiments/20260927-v1/runs/qwen3_14b_4k/galvatron/common/01,1,4,58.22549911867827,11.837045177817345,0,12.392039272416044,44550094336,93117743104,6.971805834928398e-07
qwen3_14b_4k,galvatron,common,/opt/hbv/trainir-h20-experiments/20260927-v1/runs/qwen3_14b_4k/galvatron/common/01,1,5,58.12724532093853,11.675384745001793,0,13.396784929062154,44552192000,93117743104,5.571396837256635e-07
qwen3_14b_4k,galvatron,common,/opt/hbv/trainir-h20-experiments/20260927-v1/runs/qwen3_14b_4k/galvatron/common/01,1,6,58.21820516977459,11.561107516288757,0,14.113625596927049,44554289664,93117743104,4.1638583110227627e-07
qwen3_14b_4k,galvatron,common,/opt/hbv/trainir-h20-experiments/20260927-v1/runs/qwen3_14b_4k/galvatron/common/01,1,7,58.11600803863257,11.444867074489594,0,14.889724239872717,44556387328,93117743104,2.889743906929609e-07
qwen3_14b_4k,galvatron,common,/opt/hbv/trainir-h20-experiments/20260927-v1/runs/qwen3_14b_4k/galvatron/common/01,1,8,58.143115495331585,11.33721549808979,0,15.095524085374095,44558484992,93117743104,1.876283841110236e-07
qwen3_14b_4k,galvatron,common,/opt/hbv/trainir-h20-experiments/20260927-v1/runs/qwen3_14b_4k/galvatron/common/01,1,9,58.22047711722553,11.271863207221031,0,15.517715666673325,44560582656,93117743104,1.224679970165746e-07
qwen3_14b_4k,galvatron,common,/opt/hbv/trainir-h20-experiments/20260927-v1/runs/qwen3_14b_4k/galvatron/common/01,1,10,58.101618743501604,11.239050149917603,0,15.816236936454832,44562680320,93117743104,1e-07
qwen3_14b_4k,galvatron,common,/opt/hbv/trainir-h20-experiments/20260927-v1/runs/qwen3_14b_4k/galvatron/common/01,2,1,66.76937101222575,12.173396408557892,0,12.026947282560942,44543801344,97049903104,9.817718381265238e-07
qwen3_14b_4k,galvatron,common,/opt/hbv/trainir-h20-experiments/20260927-v1/runs/qwen3_14b_4k/galvatron/common/01,2,2,58.7716935640201,12.175856411457062,0,11.91040671370787,44545899008,79505129472,9.206544616434248e-07
qwen3_14b_4k,galvatron,common,/opt/hbv/trainir-h20-experiments/20260927-v1/runs/qwen3_14b_4k/galvatron/common/01,2,3,58.11610403750092,12.002143561840057,0,11.711788296730003,44547996672,92725575680,8.225243592119499e-07
qwen3_14b_4k,galvatron,common,/opt/hbv/trainir-h20-experiments/20260927-v1/runs/qwen3_14b_4k/galvatron/common/01,2,4,58.225579033605754,11.837045177817345,0,12.392039272416044,44550094336,93117743104,6.971805834928398e-07
qwen3_14b_4k,galvatron,common,/opt/hbv/trainir-h20-experiments/20260927-v1/runs/qwen3_14b_4k/galvatron/common/01,2,5,58.127425288781524,11.675384745001793,0,13.396784929062154,44552192000,93117743104,5.571396837256635e-07
qwen3_14b_4k,galvatron,common,/opt/hbv/trainir-h20-experiments/20260927-v1/runs/qwen3_14b_4k/galvatron/common/01,2,6,58.21832815371454,11.561107516288757,0,14.113625596927049,44554289664,93117743104,4.1638583110227627e-07
qwen3_14b_4k,galvatron,common,/opt/hbv/trainir-h20-experiments/20260927-v1/runs/qwen3_14b_4k/galvatron/common/01,2,7,58.1161623923108,11.444867074489594,0,14.889724239872717,44556387328,93117743104,2.889743906929609e-07
qwen3_14b_4k,galvatron,common,/opt/hbv/trainir-h20-experiments/20260927-v1/runs/qwen3_14b_4k/galvatron/common/01,2,8,58.14320143125951,11.33721549808979,0,15.095524085374095,44558484992,93117743104,1.876283841110236e-07
qwen3_14b_4k,galvatron,common,/opt/hbv/trainir-h20-experiments/20260927-v1/runs/qwen3_14b_4k/galvatron/common/01,2,9,58.22064892016351,11.271863207221031,0,15.517715666673325,44560582656,93117743104,1.224679970165746e-07
qwen3_14b_4k,galvatron,common,/opt/hbv/trainir-h20-experiments/20260927-v1/runs/qwen3_14b_4k/galvatron/common/01,2,10,58.1017034733668,11.239050149917603,0,15.816236936454832,44562680320,93117743104,1e-07
qwen3_14b_4k,galvatron,common,/opt/hbv/trainir-h20-experiments/20260927-v1/runs/qwen3_14b_4k/galvatron/common/01,3,1,66.77700774464756,12.173396408557892,0,12.026947282560942,44543801344,97052000256,9.817718381265238e-07
qwen3_14b_4k,galvatron,common,/opt/hbv/trainir-h20-experiments/20260927-v1/runs/qwen3_14b_4k/galvatron/common/01,3,2,58.771941332146525,12.175856411457062,0,11.91040671370787,44545899008,79505129472,9.206544616434248e-07
qwen3_14b_4k,galvatron,common,/opt/hbv/trainir-h20-experiments/20260927-v1/runs/qwen3_14b_4k/galvatron/common/01,3,3,58.116324567236006,12.002143561840057,0,11.711788296730003,44547996672,92725575680,8.225243592119499e-07
qwen3_14b_4k,galvatron,common,/opt/hbv/trainir-h20-experiments/20260927-v1/runs/qwen3_14b_4k/galvatron/common/01,3,4,58.225736564956605,11.837045177817345,0,12.392039272416044,44550094336,93117743104,6.971805834928398e-07
qwen3_14b_4k,galvatron,common,/opt/hbv/trainir-h20-experiments/20260927-v1/runs/qwen3_14b_4k/galvatron/common/01,3,5,58.12769037112594,11.675384745001793,0,13.396784929062154,44552192000,93117743104,5.571396837256635e-07
qwen3_14b_4k,galvatron,common,/opt/hbv/trainir-h20-experiments/20260927-v1/runs/qwen3_14b_4k/galvatron/common/01,3,6,58.2185228401795,11.561107516288757,0,14.113625596927049,44554289664,93117743104,4.1638583110227627e-07
qwen3_14b_4k,galvatron,common,/opt/hbv/trainir-h20-experiments/20260927-v1/runs/qwen3_14b_4k/galvatron/common/01,3,7,58.11629395838827,11.444867074489594,0,14.889724239872717,44556387328,93117743104,2.889743906929609e-07
qwen3_14b_4k,galvatron,common,/opt/hbv/trainir-h20-experiments/20260927-v1/runs/qwen3_14b_4k/galvatron/common/01,3,8,58.14344301074743,11.33721549808979,0,15.095524085374095,44558484992,93117743104,1.876283841110236e-07
qwen3_14b_4k,galvatron,common,/opt/hbv/trainir-h20-experiments/20260927-v1/runs/qwen3_14b_4k/galvatron/common/01,3,9,58.22085768915713,11.271863207221031,0,15.517715666673325,44560582656,93117743104,1.224679970165746e-07
qwen3_14b_4k,galvatron,common,/opt/hbv/trainir-h20-experiments/20260927-v1/runs/qwen3_14b_4k/galvatron/common/01,3,10,58.101854647509754,11.239050149917603,0,15.816236936454832,44562680320,93117743104,1e-07
qwen3_14b_4k,galvatron,common,/opt/hbv/trainir-h20-experiments/20260927-v1/runs/qwen3_14b_4k/galvatron/common/01,4,1,66.77584264148027,12.173396408557892,0,12.026947282560942,44543801344,96991182848,9.817718381265238e-07
qwen3_14b_4k,galvatron,common,/opt/hbv/trainir-h20-experiments/20260927-v1/runs/qwen3_14b_4k/galvatron/common/01,4,2,58.77124401088804,12.175856411457062,0,11.91040671370787,44545899008,79343648768,9.206544616434248e-07
qwen3_14b_4k,galvatron,common,/opt/hbv/trainir-h20-experiments/20260927-v1/runs/qwen3_14b_4k/galvatron/common/01,4,3,58.115665941499174,12.002143561840057,0,11.711788296730003,44547996672,92725575680,8.225243592119499e-07
qwen3_14b_4k,galvatron,common,/opt/hbv/trainir-h20-experiments/20260927-v1/runs/qwen3_14b_4k/galvatron/common/01,4,4,58.22499772813171,11.837045177817345,0,12.392039272416044,44550094336,93115645952,6.971805834928398e-07
qwen3_14b_4k,galvatron,common,/opt/hbv/trainir-h20-experiments/20260927-v1/runs/qwen3_14b_4k/galvatron/common/01,4,5,58.126984192058444,11.675384745001793,0,13.396784929062154,44552192000,93117743104,5.571396837256635e-07
qwen3_14b_4k,galvatron,common,/opt/hbv/trainir-h20-experiments/20260927-v1/runs/qwen3_14b_4k/galvatron/common/01,4,6,58.21782195754349,11.561107516288757,0,14.113625596927049,44554289664,93117743104,4.1638583110227627e-07
qwen3_14b_4k,galvatron,common,/opt/hbv/trainir-h20-experiments/20260927-v1/runs/qwen3_14b_4k/galvatron/common/01,4,7,58.11552831996232,11.444867074489594,0,14.889724239872717,44556387328,93117743104,2.889743906929609e-07
qwen3_14b_4k,galvatron,common,/opt/hbv/trainir-h20-experiments/20260927-v1/runs/qwen3_14b_4k/galvatron/common/01,4,8,58.14272472355515,11.33721549808979,0,15.095524085374095,44558484992,93117743104,1.876283841110236e-07
qwen3_14b_4k,galvatron,common,/opt/hbv/trainir-h20-experiments/20260927-v1/runs/qwen3_14b_4k/galvatron/common/01,4,9,58.220163703896105,11.271863207221031,0,15.517715666673325,44560582656,93117743104,1.224679970165746e-07
qwen3_14b_4k,galvatron,common,/opt/hbv/trainir-h20-experiments/20260927-v1/runs/qwen3_14b_4k/galvatron/common/01,4,10,58.10116738732904,11.239050149917603,0,15.816236936454832,44562680320,93117743104,1e-07
qwen3_14b_4k,galvatron,common,/opt/hbv/trainir-h20-experiments/20260927-v1/runs/qwen3_14b_4k/galvatron/common/01,5,1,66.78299609012902,12.173396408557892,0,12.026947282560942,44543801344,96932462592,9.817718381265238e-07
qwen3_14b_4k,galvatron,common,/opt/hbv/trainir-h20-experiments/20260927-v1/runs/qwen3_14b_4k/galvatron/common/01,5,2,58.77142572961748,12.175856411457062,0,11.91040671370787,44545899008,79177973760,9.206544616434248e-07
qwen3_14b_4k,galvatron,common,/opt/hbv/trainir-h20-experiments/20260927-v1/runs/qwen3_14b_4k/galvatron/common/01,5,3,58.115933989174664,12.002143561840057,0,11.711788296730003,44547996672,92725575680,8.225243592119499e-07
qwen3_14b_4k,galvatron,common,/opt/hbv/trainir-h20-experiments/20260927-v1/runs/qwen3_14b_4k/galvatron/common/01,5,4,58.22524840105325,11.837045177817345,0,12.392039272416044,44550094336,93115645952,6.971805834928398e-07
qwen3_14b_4k,galvatron,common,/opt/hbv/trainir-h20-experiments/20260927-v1/runs/qwen3_14b_4k/galvatron/common/01,5,5,58.12726722192019,11.675384745001793,0,13.396784929062154,44552192000,93115645952,5.571396837256635e-07
qwen3_14b_4k,galvatron,common,/opt/hbv/trainir-h20-experiments/20260927-v1/runs/qwen3_14b_4k/galvatron/common/01,5,6,58.21807473432273,11.561107516288757,0,14.113625596927049,44554289664,93115645952,4.1638583110227627e-07
qwen3_14b_4k,galvatron,common,/opt/hbv/trainir-h20-experiments/20260927-v1/runs/qwen3_14b_4k/galvatron/common/01,5,7,58.11586493998766,11.444867074489594,0,14.889724239872717,44556387328,93115645952,2.889743906929609e-07
qwen3_14b_4k,galvatron,common,/opt/hbv/trainir-h20-experiments/20260927-v1/runs/qwen3_14b_4k/galvatron/common/01,5,8,58.14298368990421,11.33721549808979,0,15.095524085374095,44558484992,93115645952,1.876283841110236e-07
qwen3_14b_4k,galvatron,common,/opt/hbv/trainir-h20-experiments/20260927-v1/runs/qwen3_14b_4k/galvatron/common/01,5,9,58.2203935906291,11.271863207221031,0,15.517715666673325,44560582656,93115645952,1.224679970165746e-07
qwen3_14b_4k,galvatron,common,/opt/hbv/trainir-h20-experiments/20260927-v1/runs/qwen3_14b_4k/galvatron/common/01,5,10,58.10147674474865,11.239050149917603,0,15.816236936454832,44562680320,93115645952,1e-07
qwen3_14b_4k,galvatron,common,/opt/hbv/trainir-h20-experiments/20260927-v1/runs/qwen3_14b_4k/galvatron/common/01,6,1,66.77000521216542,12.173396408557892,0,12.026947282560942,44543801344,96991182848,9.817718381265238e-07
qwen3_14b_4k,galvatron,common,/opt/hbv/trainir-h20-experiments/20260927-v1/runs/qwen3_14b_4k/galvatron/common/01,6,2,58.77148181665689,12.175856411457062,0,11.91040671370787,44545899008,79339454464,9.206544616434248e-07
qwen3_14b_4k,galvatron,common,/opt/hbv/trainir-h20-experiments/20260927-v1/runs/qwen3_14b_4k/galvatron/common/01,6,3,58.11598819401115,12.002143561840057,0,11.711788296730003,44547996672,92727672832,8.225243592119499e-07
qwen3_14b_4k,galvatron,common,/opt/hbv/trainir-h20-experiments/20260927-v1/runs/qwen3_14b_4k/galvatron/common/01,6,4,58.22548897750676,11.837045177817345,0,12.392039272416044,44550094336,93117743104,6.971805834928398e-07
qwen3_14b_4k,galvatron,common,/opt/hbv/trainir-h20-experiments/20260927-v1/runs/qwen3_14b_4k/galvatron/common/01,6,5,58.127280245535076,11.675384745001793,0,13.396784929062154,44552192000,93117743104,5.571396837256635e-07
qwen3_14b_4k,galvatron,common,/opt/hbv/trainir-h20-experiments/20260927-v1/runs/qwen3_14b_4k/galvatron/common/01,6,6,58.21815616264939,11.561107516288757,0,14.113625596927049,44554289664,93117743104,4.1638583110227627e-07
qwen3_14b_4k,galvatron,common,/opt/hbv/trainir-h20-experiments/20260927-v1/runs/qwen3_14b_4k/galvatron/common/01,6,7,58.11595851555467,11.444867074489594,0,14.889724239872717,44556387328,93117743104,2.889743906929609e-07
qwen3_14b_4k,galvatron,common,/opt/hbv/trainir-h20-experiments/20260927-v1/runs/qwen3_14b_4k/galvatron/common/01,6,8,58.14303513336927,11.33721549808979,0,15.095524085374095,44558484992,93117743104,1.876283841110236e-07
qwen3_14b_4k,galvatron,common,/opt/hbv/trainir-h20-experiments/20260927-v1/runs/qwen3_14b_4k/galvatron/common/01,6,9,58.22051879763603,11.271863207221031,0,15.517715666673325,44560582656,93117743104,1.224679970165746e-07
qwen3_14b_4k,galvatron,common,/opt/hbv/trainir-h20-experiments/20260927-v1/runs/qwen3_14b_4k/galvatron/common/01,6,10,58.10160668939352,11.239050149917603,0,15.816236936454832,44562680320,93117743104,1e-07
qwen3_14b_4k,galvatron,common,/opt/hbv/trainir-h20-experiments/20260927-v1/runs/qwen3_14b_4k/galvatron/common/01,7,1,66.77599877119064,12.173396408557892,0,12.026947282560942,44543801344,96934559744,9.817718381265238e-07
qwen3_14b_4k,galvatron,common,/opt/hbv/trainir-h20-experiments/20260927-v1/runs/qwen3_14b_4k/galvatron/common/01,7,2,58.771464098244905,12.175856411457062,0,11.91040671370787,44545899008,79175876608,9.206544616434248e-07
qwen3_14b_4k,galvatron,common,/opt/hbv/trainir-h20-experiments/20260927-v1/runs/qwen3_14b_4k/galvatron/common/01,7,3,58.11599423363805,12.002143561840057,0,11.711788296730003,44547996672,92725575680,8.225243592119499e-07
qwen3_14b_4k,galvatron,common,/opt/hbv/trainir-h20-experiments/20260927-v1/runs/qwen3_14b_4k/galvatron/common/01,7,4,58.22550668939948,11.837045177817345,0,12.392039272416044,44550094336,93115645952,6.971805834928398e-07
qwen3_14b_4k,galvatron,common,/opt/hbv/trainir-h20-experiments/20260927-v1/runs/qwen3_14b_4k/galvatron/common/01,7,5,58.12734780367464,11.675384745001793,0,13.396784929062154,44552192000,93115645952,5.571396837256635e-07
qwen3_14b_4k,galvatron,common,/opt/hbv/trainir-h20-experiments/20260927-v1/runs/qwen3_14b_4k/galvatron/common/01,7,6,58.218204262666404,11.561107516288757,0,14.113625596927049,44554289664,93117743104,4.1638583110227627e-07
qwen3_14b_4k,galvatron,common,/opt/hbv/trainir-h20-experiments/20260927-v1/runs/qwen3_14b_4k/galvatron/common/01,7,7,58.11603139992803,11.444867074489594,0,14.889724239872717,44556387328,93117743104,2.889743906929609e-07
qwen3_14b_4k,galvatron,common,/opt/hbv/trainir-h20-experiments/20260927-v1/runs/qwen3_14b_4k/galvatron/common/01,7,8,58.14313325379044,11.33721549808979,0,15.095524085374095,44558484992,93117743104,1.876283841110236e-07
qwen3_14b_4k,galvatron,common,/opt/hbv/trainir-h20-experiments/20260927-v1/runs/qwen3_14b_4k/galvatron/common/01,7,9,58.2205047076568,11.271863207221031,0,15.517715666673325,44560582656,93117743104,1.224679970165746e-07
qwen3_14b_4k,galvatron,common,/opt/hbv/trainir-h20-experiments/20260927-v1/runs/qwen3_14b_4k/galvatron/common/01,7,10,58.101690735667944,11.239050149917603,0,15.816236936454832,44562680320,93117743104,1e-07
qwen3_14b_4k,galvatron,full,/opt/hbv/trainir-h20-experiments/20260927-v1/runs/qwen3_14b_4k/galvatron/full/01,0,1,65.07666206452996,,0,8.315942954744369,38127495168,65315799040,9.817718381265238e-07
qwen3_14b_4k,galvatron,full,/opt/hbv/trainir-h20-experiments/20260927-v1/runs/qwen3_14b_4k/galvatron/full/01,0,2,54.92569716461003,,0,8.14941025922994,38129592832,93912563712,9.206544616434248e-07
qwen3_14b_4k,galvatron,full,/opt/hbv/trainir-h20-experiments/20260927-v1/runs/qwen3_14b_4k/galvatron/full/01,0,3,55.070944976992905,,0,7.873058503619544,38131690496,93912563712,8.225243592119499e-07
qwen3_14b_4k,galvatron,full,/opt/hbv/trainir-h20-experiments/20260927-v1/runs/qwen3_14b_4k/galvatron/full/01,0,4,55.157871096394956,,0,8.133603749183413,38133788160,93912563712,6.971805834928398e-07
qwen3_14b_4k,galvatron,full,/opt/hbv/trainir-h20-experiments/20260927-v1/runs/qwen3_14b_4k/galvatron/full/01,0,5,55.07306136377156,,0,8.457006441216498,38135885824,93912563712,5.571396837256635e-07
qwen3_14b_4k,galvatron,full,/opt/hbv/trainir-h20-experiments/20260927-v1/runs/qwen3_14b_4k/galvatron/full/01,0,6,54.96241730172187,,0,8.788055931944692,38137983488,93912563712,4.1638583110227627e-07
qwen3_14b_4k,galvatron,full,/opt/hbv/trainir-h20-experiments/20260927-v1/runs/qwen3_14b_4k/galvatron/full/01,0,7,55.22615312319249,,0,9.314152308586062,38140081152,93912563712,2.889743906929609e-07
qwen3_14b_4k,galvatron,full,/opt/hbv/trainir-h20-experiments/20260927-v1/runs/qwen3_14b_4k/galvatron/full/01,0,8,54.95447118487209,,0,9.299490424521212,38142178816,93912563712,1.876283841110236e-07
qwen3_14b_4k,galvatron,full,/opt/hbv/trainir-h20-experiments/20260927-v1/runs/qwen3_14b_4k/galvatron/full/01,0,9,55.12911452818662,,0,9.569921867027736,38144276480,93912563712,1.224679970165746e-07
qwen3_14b_4k,galvatron,full,/opt/hbv/trainir-h20-experiments/20260927-v1/runs/qwen3_14b_4k/galvatron/full/01,0,10,54.971061640419066,,0,9.556022095441921,38146374144,93912563712,1e-07
qwen3_14b_4k,galvatron,full,/opt/hbv/trainir-h20-experiments/20260927-v1/runs/qwen3_14b_4k/galvatron/full/01,1,1,65.07983231917024,,0,8.315942954744369,38127495168,65315799040,9.817718381265238e-07
qwen3_14b_4k,galvatron,full,/opt/hbv/trainir-h20-experiments/20260927-v1/runs/qwen3_14b_4k/galvatron/full/01,1,2,54.924582487903535,,0,8.14941025922994,38129592832,93912563712,9.206544616434248e-07
qwen3_14b_4k,galvatron,full,/opt/hbv/trainir-h20-experiments/20260927-v1/runs/qwen3_14b_4k/galvatron/full/01,1,3,55.06999975070357,,0,7.873058503619544,38131690496,93912563712,8.225243592119499e-07
qwen3_14b_4k,galvatron,full,/opt/hbv/trainir-h20-experiments/20260927-v1/runs/qwen3_14b_4k/galvatron/full/01,1,4,55.156682641245425,,0,8.133603749183413,38133788160,93912563712,6.971805834928398e-07
qwen3_14b_4k,galvatron,full,/opt/hbv/trainir-h20-experiments/20260927-v1/runs/qwen3_14b_4k/galvatron/full/01,1,5,55.072090266272426,,0,8.457006441216498,38135885824,93912563712,5.571396837256635e-07
qwen3_14b_4k,galvatron,full,/opt/hbv/trainir-h20-experiments/20260927-v1/runs/qwen3_14b_4k/galvatron/full/01,1,6,54.96120229177177,,0,8.788055931944692,38137983488,93912563712,4.1638583110227627e-07
qwen3_14b_4k,galvatron,full,/opt/hbv/trainir-h20-experiments/20260927-v1/runs/qwen3_14b_4k/galvatron/full/01,1,7,55.225067829713225,,0,9.314152308586062,38140081152,93912563712,2.889743906929609e-07
qwen3_14b_4k,galvatron,full,/opt/hbv/trainir-h20-experiments/20260927-v1/runs/qwen3_14b_4k/galvatron/full/01,1,8,54.95339297130704,,0,9.299490424521212,38142178816,93912563712,1.876283841110236e-07
qwen3_14b_4k,galvatron,full,/opt/hbv/trainir-h20-experiments/20260927-v1/runs/qwen3_14b_4k/galvatron/full/01,1,9,55.12805202789605,,0,9.569921867027736,38144276480,93912563712,1.224679970165746e-07
qwen3_14b_4k,galvatron,full,/opt/hbv/trainir-h20-experiments/20260927-v1/runs/qwen3_14b_4k/galvatron/full/01,1,10,54.969968458637595,,0,9.556022095441921,38146374144,93912563712,1e-07
qwen3_14b_4k,galvatron,full,/opt/hbv/trainir-h20-experiments/20260927-v1/runs/qwen3_14b_4k/galvatron/full/01,2,1,65.08230269141495,,0,8.315942954744369,38127495168,65315799040,9.817718381265238e-07
qwen3_14b_4k,galvatron,full,/opt/hbv/trainir-h20-experiments/20260927-v1/runs/qwen3_14b_4k/galvatron/full/01,2,2,54.92456457950175,,0,8.14941025922994,38129592832,93780443136,9.206544616434248e-07
qwen3_14b_4k,galvatron,full,/opt/hbv/trainir-h20-experiments/20260927-v1/runs/qwen3_14b_4k/galvatron/full/01,2,3,55.069933481514454,,0,7.873058503619544,38131690496,93780443136,8.225243592119499e-07
qwen3_14b_4k,galvatron,full,/opt/hbv/trainir-h20-experiments/20260927-v1/runs/qwen3_14b_4k/galvatron/full/01,2,4,55.15653559472412,,0,8.133603749183413,38133788160,93780443136,6.971805834928398e-07
qwen3_14b_4k,galvatron,full,/opt/hbv/trainir-h20-experiments/20260927-v1/runs/qwen3_14b_4k/galvatron/full/01,2,5,55.07202166225761,,0,8.457006441216498,38135885824,93780443136,5.571396837256635e-07
qwen3_14b_4k,galvatron,full,/opt/hbv/trainir-h20-experiments/20260927-v1/runs/qwen3_14b_4k/galvatron/full/01,2,6,54.961089755408466,,0,8.788055931944692,38137983488,93780443136,4.1638583110227627e-07
qwen3_14b_4k,galvatron,full,/opt/hbv/trainir-h20-experiments/20260927-v1/runs/qwen3_14b_4k/galvatron/full/01,2,7,55.22502431832254,,0,9.314152308586062,38140081152,93780443136,2.889743906929609e-07
qwen3_14b_4k,galvatron,full,/opt/hbv/trainir-h20-experiments/20260927-v1/runs/qwen3_14b_4k/galvatron/full/01,2,8,54.95324417296797,,0,9.299490424521212,38142178816,93780443136,1.876283841110236e-07
qwen3_14b_4k,galvatron,full,/opt/hbv/trainir-h20-experiments/20260927-v1/runs/qwen3_14b_4k/galvatron/full/01,2,9,55.12802299670875,,0,9.569921867027736,38144276480,93780443136,1.224679970165746e-07
qwen3_14b_4k,galvatron,full,/opt/hbv/trainir-h20-experiments/20260927-v1/runs/qwen3_14b_4k/galvatron/full/01,2,10,54.96986795961857,,0,9.556022095441921,38146374144,93780443136,1e-07
qwen3_14b_4k,galvatron,full,/opt/hbv/trainir-h20-experiments/20260927-v1/runs/qwen3_14b_4k/galvatron/full/01,3,1,65.07990958634764,,0,8.315942954744369,38127495168,65315799040,9.817718381265238e-07
qwen3_14b_4k,galvatron,full,/opt/hbv/trainir-h20-experiments/20260927-v1/runs/qwen3_14b_4k/galvatron/full/01,3,2,54.92486879322678,,0,8.14941025922994,38129592832,93556047872,9.206544616434248e-07
qwen3_14b_4k,galvatron,full,/opt/hbv/trainir-h20-experiments/20260927-v1/runs/qwen3_14b_4k/galvatron/full/01,3,3,55.07022923883051,,0,7.873058503619544,38131690496,93556047872,8.225243592119499e-07
qwen3_14b_4k,galvatron,full,/opt/hbv/trainir-h20-experiments/20260927-v1/runs/qwen3_14b_4k/galvatron/full/01,3,4,55.15686227474362,,0,8.133603749183413,38133788160,93556047872,6.971805834928398e-07
qwen3_14b_4k,galvatron,full,/opt/hbv/trainir-h20-experiments/20260927-v1/runs/qwen3_14b_4k/galvatron/full/01,3,5,55.07234791573137,,0,8.457006441216498,38135885824,93556047872,5.571396837256635e-07
qwen3_14b_4k,galvatron,full,/opt/hbv/trainir-h20-experiments/20260927-v1/runs/qwen3_14b_4k/galvatron/full/01,3,6,54.96143224649131,,0,8.788055931944692,38137983488,93556047872,4.1638583110227627e-07
qwen3_14b_4k,galvatron,full,/opt/hbv/trainir-h20-experiments/20260927-v1/runs/qwen3_14b_4k/galvatron/full/01,3,7,55.22537969984114,,0,9.314152308586062,38140081152,93556047872,2.889743906929609e-07
qwen3_14b_4k,galvatron,full,/opt/hbv/trainir-h20-experiments/20260927-v1/runs/qwen3_14b_4k/galvatron/full/01,3,8,54.95355406124145,,0,9.299490424521212,38142178816,93556047872,1.876283841110236e-07
qwen3_14b_4k,galvatron,full,/opt/hbv/trainir-h20-experiments/20260927-v1/runs/qwen3_14b_4k/galvatron/full/01,3,9,55.128366076387465,,0,9.569921867027736,38144276480,93556047872,1.224679970165746e-07
qwen3_14b_4k,galvatron,full,/opt/hbv/trainir-h20-experiments/20260927-v1/runs/qwen3_14b_4k/galvatron/full/01,3,10,54.97027877904475,,0,9.556022095441921,38146374144,95112134656,1e-07
qwen3_14b_4k,galvatron,full,/opt/hbv/trainir-h20-experiments/20260927-v1/runs/qwen3_14b_4k/galvatron/full/01,4,1,64.92121883668005,12.18922047317028,0,8.315942954744369,42090289152,72850866176,9.817718381265238e-07
qwen3_14b_4k,galvatron,full,/opt/hbv/trainir-h20-experiments/20260927-v1/runs/qwen3_14b_4k/galvatron/full/01,4,2,54.93537462037057,12.193006500601768,0,8.14941025922994,42092386816,77647052800,9.206544616434248e-07
qwen3_14b_4k,galvatron,full,/opt/hbv/trainir-h20-experiments/20260927-v1/runs/qwen3_14b_4k/galvatron/full/01,4,3,55.1681231437251,12.035245209932327,0,7.873058503619544,42094484480,74247569408,8.225243592119499e-07
qwen3_14b_4k,galvatron,full,/opt/hbv/trainir-h20-experiments/20260927-v1/runs/qwen3_14b_4k/galvatron/full/01,4,4,55.16757886484265,11.88453620672226,0,8.133603749183413,42096582144,77647052800,6.971805834928398e-07
qwen3_14b_4k,galvatron,full,/opt/hbv/trainir-h20-experiments/20260927-v1/runs/qwen3_14b_4k/galvatron/full/01,4,5,55.17124484665692,11.741994708776474,0,8.457006441216498,42098679808,74247569408,5.571396837256635e-07
qwen3_14b_4k,galvatron,full,/opt/hbv/trainir-h20-experiments/20260927-v1/runs/qwen3_14b_4k/galvatron/full/01,4,6,54.972114521078765,11.632698580622673,0,8.788055931944692,42100777472,77647052800,4.1638583110227627e-07
qwen3_14b_4k,galvatron,full,/opt/hbv/trainir-h20-experiments/20260927-v1/runs/qwen3_14b_4k/galvatron/full/01,4,7,55.367136982269585,11.529071345925331,0,9.314152308586062,42102875136,74247569408,2.889743906929609e-07
qwen3_14b_4k,galvatron,full,/opt/hbv/trainir-h20-experiments/20260927-v1/runs/qwen3_14b_4k/galvatron/full/01,4,8,54.96428951155394,11.456260904669762,0,9.299490424521212,42104972800,77647052800,1.876283841110236e-07
qwen3_14b_4k,galvatron,full,/opt/hbv/trainir-h20-experiments/20260927-v1/runs/qwen3_14b_4k/galvatron/full/01,4,9,55.226799968630075,11.39822605252266,0,9.569921867027736,42107070464,74247569408,1.224679970165746e-07
qwen3_14b_4k,galvatron,full,/opt/hbv/trainir-h20-experiments/20260927-v1/runs/qwen3_14b_4k/galvatron/full/01,4,10,54.980866429395974,11.351520672440529,0,9.556022095441921,42109168128,77647052800,1e-07
qwen3_14b_4k,galvatron,full,/opt/hbv/trainir-h20-experiments/20260927-v1/runs/qwen3_14b_4k/galvatron/full/01,5,1,64.92647116072476,12.18922047317028,0,8.315942954744369,42090289152,72850866176,9.817718381265238e-07
qwen3_14b_4k,galvatron,full,/opt/hbv/trainir-h20-experiments/20260927-v1/runs/qwen3_14b_4k/galvatron/full/01,5,2,54.93542621470988,12.193006500601768,0,8.14941025922994,42092386816,77647052800,9.206544616434248e-07
qwen3_14b_4k,galvatron,full,/opt/hbv/trainir-h20-experiments/20260927-v1/runs/qwen3_14b_4k/galvatron/full/01,5,3,55.16961318347603,12.035245209932327,0,7.873058503619544,42094484480,74247569408,8.225243592119499e-07
qwen3_14b_4k,galvatron,full,/opt/hbv/trainir-h20-experiments/20260927-v1/runs/qwen3_14b_4k/galvatron/full/01,5,4,55.16774301882833,11.88453620672226,0,8.133603749183413,42096582144,77647052800,6.971805834928398e-07
qwen3_14b_4k,galvatron,full,/opt/hbv/trainir-h20-experiments/20260927-v1/runs/qwen3_14b_4k/galvatron/full/01,5,5,55.173196986317635,11.741994708776474,0,8.457006441216498,42098679808,74247569408,5.571396837256635e-07
qwen3_14b_4k,galvatron,full,/opt/hbv/trainir-h20-experiments/20260927-v1/runs/qwen3_14b_4k/galvatron/full/01,5,6,54.97224096022546,11.632698580622673,0,8.788055931944692,42100777472,77647052800,4.1638583110227627e-07
qwen3_14b_4k,galvatron,full,/opt/hbv/trainir-h20-experiments/20260927-v1/runs/qwen3_14b_4k/galvatron/full/01,5,7,55.36955444421619,11.529071345925331,0,9.314152308586062,42102875136,74247569408,2.889743906929609e-07
qwen3_14b_4k,galvatron,full,/opt/hbv/trainir-h20-experiments/20260927-v1/runs/qwen3_14b_4k/galvatron/full/01,5,8,54.964476061053574,11.456260904669762,0,9.299490424521212,42104972800,77647052800,1.876283841110236e-07
qwen3_14b_4k,galvatron,full,/opt/hbv/trainir-h20-experiments/20260927-v1/runs/qwen3_14b_4k/galvatron/full/01,5,9,55.22925674170256,11.39822605252266,0,9.569921867027736,42107070464,74247569408,1.224679970165746e-07
qwen3_14b_4k,galvatron,full,/opt/hbv/trainir-h20-experiments/20260927-v1/runs/qwen3_14b_4k/galvatron/full/01,5,10,54.98103782534599,11.351520672440529,0,9.556022095441921,42109168128,77647052800,1e-07
qwen3_14b_4k,galvatron,full,/opt/hbv/trainir-h20-experiments/20260927-v1/runs/qwen3_14b_4k/galvatron/full/01,6,1,64.92250214796513,12.18922047317028,0,8.315942954744369,42090289152,72850866176,9.817718381265238e-07
qwen3_14b_4k,galvatron,full,/opt/hbv/trainir-h20-experiments/20260927-v1/runs/qwen3_14b_4k/galvatron/full/01,6,2,54.935242185369134,12.193006500601768,0,8.14941025922994,42092386816,77647052800,9.206544616434248e-07
qwen3_14b_4k,galvatron,full,/opt/hbv/trainir-h20-experiments/20260927-v1/runs/qwen3_14b_4k/galvatron/full/01,6,3,55.166438546963036,12.035245209932327,0,7.873058503619544,42094484480,74247569408,8.225243592119499e-07
qwen3_14b_4k,galvatron,full,/opt/hbv/trainir-h20-experiments/20260927-v1/runs/qwen3_14b_4k/galvatron/full/01,6,4,55.16757300682366,11.88453620672226,0,8.133603749183413,42096582144,77647052800,6.971805834928398e-07
qwen3_14b_4k,galvatron,full,/opt/hbv/trainir-h20-experiments/20260927-v1/runs/qwen3_14b_4k/galvatron/full/01,6,5,55.170629440806806,11.741994708776474,0,8.457006441216498,42098679808,74247569408,5.571396837256635e-07
qwen3_14b_4k,galvatron,full,/opt/hbv/trainir-h20-experiments/20260927-v1/runs/qwen3_14b_4k/galvatron/full/01,6,6,54.972335290163755,11.632698580622673,0,8.788055931944692,42100777472,77647052800,4.1638583110227627e-07
qwen3_14b_4k,galvatron,full,/opt/hbv/trainir-h20-experiments/20260927-v1/runs/qwen3_14b_4k/galvatron/full/01,6,7,55.36834284570068,11.529071345925331,0,9.314152308586062,42102875136,74247569408,2.889743906929609e-07
qwen3_14b_4k,galvatron,full,/opt/hbv/trainir-h20-experiments/20260927-v1/runs/qwen3_14b_4k/galvatron/full/01,6,8,54.964234036393464,11.456260904669762,0,9.299490424521212,42104972800,77647052800,1.876283841110236e-07
qwen3_14b_4k,galvatron,full,/opt/hbv/trainir-h20-experiments/20260927-v1/runs/qwen3_14b_4k/galvatron/full/01,6,9,55.226379154250026,11.39822605252266,0,9.569921867027736,42107070464,74247569408,1.224679970165746e-07
qwen3_14b_4k,galvatron,full,/opt/hbv/trainir-h20-experiments/20260927-v1/runs/qwen3_14b_4k/galvatron/full/01,6,10,54.98088570591062,11.351520672440529,0,9.556022095441921,42109168128,77647052800,1e-07
qwen3_14b_4k,galvatron,full,/opt/hbv/trainir-h20-experiments/20260927-v1/runs/qwen3_14b_4k/galvatron/full/01,7,1,64.92085488792509,12.18922047317028,0,8.315942954744369,42090289152,72850866176,9.817718381265238e-07
qwen3_14b_4k,galvatron,full,/opt/hbv/trainir-h20-experiments/20260927-v1/runs/qwen3_14b_4k/galvatron/full/01,7,2,54.93560793623328,12.193006500601768,0,8.14941025922994,42092386816,77647052800,9.206544616434248e-07
qwen3_14b_4k,galvatron,full,/opt/hbv/trainir-h20-experiments/20260927-v1/runs/qwen3_14b_4k/galvatron/full/01,7,3,55.16788318846375,12.035245209932327,0,7.873058503619544,42094484480,74247569408,8.225243592119499e-07
qwen3_14b_4k,galvatron,full,/opt/hbv/trainir-h20-experiments/20260927-v1/runs/qwen3_14b_4k/galvatron/full/01,7,4,55.1678319638595,11.88453620672226,0,8.133603749183413,42096582144,77647052800,6.971805834928398e-07
qwen3_14b_4k,galvatron,full,/opt/hbv/trainir-h20-experiments/20260927-v1/runs/qwen3_14b_4k/galvatron/full/01,7,5,55.17190251778811,11.741994708776474,0,8.457006441216498,42098679808,74247569408,5.571396837256635e-07
qwen3_14b_4k,galvatron,full,/opt/hbv/trainir-h20-experiments/20260927-v1/runs/qwen3_14b_4k/galvatron/full/01,7,6,54.972459610551596,11.632698580622673,0,8.788055931944692,42100777472,77647052800,4.1638583110227627e-07
qwen3_14b_4k,galvatron,full,/opt/hbv/trainir-h20-experiments/20260927-v1/runs/qwen3_14b_4k/galvatron/full/01,7,7,55.36671996861696,11.529071345925331,0,9.314152308586062,42102875136,74247569408,2.889743906929609e-07
qwen3_14b_4k,galvatron,full,/opt/hbv/trainir-h20-experiments/20260927-v1/runs/qwen3_14b_4k/galvatron/full/01,7,8,54.96460273768753,11.456260904669762,0,9.299490424521212,42104972800,77647052800,1.876283841110236e-07
qwen3_14b_4k,galvatron,full,/opt/hbv/trainir-h20-experiments/20260927-v1/runs/qwen3_14b_4k/galvatron/full/01,7,9,55.227679814212024,11.39822605252266,0,9.569921867027736,42107070464,74247569408,1.224679970165746e-07
qwen3_14b_4k,galvatron,full,/opt/hbv/trainir-h20-experiments/20260927-v1/runs/qwen3_14b_4k/galvatron/full/01,7,10,54.98117439355701,11.351520672440529,0,9.556022095441921,42109168128,77647052800,1e-07
