case,space,system,evidence_id,rank,iteration,seconds,loss,skipped,grad_norm,memory_allocated_bytes,memory_reserved_bytes,lr
llama7b_2k,common,devastator,llama7b_2k/devastator/common,0,1,33.7905116584152,10.581233978271484,0,2.8202171325683594,60853646336,81543561216,
llama7b_2k,common,devastator,llama7b_2k/devastator/common,0,2,25.683349452912807,10.584928512573242,0,2.88411021232605,60853647360,87560290304,
llama7b_2k,common,devastator,llama7b_2k/devastator/common,0,3,25.6781539702788,10.559200286865234,0,2.8224897384643555,60853647360,87560290304,
llama7b_2k,common,devastator,llama7b_2k/devastator/common,0,4,25.687415678054094,10.549216270446777,0,2.8639559745788574,60853647360,87560290304,
llama7b_2k,common,devastator,llama7b_2k/devastator/common,0,5,25.685328289866447,10.49470329284668,0,2.741105556488037,60853647360,87560290304,
llama7b_2k,common,devastator,llama7b_2k/devastator/common,0,6,25.680195400491357,10.468657493591309,0,2.8427388668060303,60853647360,87560290304,
llama7b_2k,common,devastator,llama7b_2k/devastator/common,0,7,25.678616664372385,10.387588500976562,0,2.8234081268310547,60853647360,87560290304,
llama7b_2k,common,devastator,llama7b_2k/devastator/common,0,8,25.684889251366258,10.350461959838867,0,2.826476573944092,60853647360,87560290304,
llama7b_2k,common,devastator,llama7b_2k/devastator/common,0,9,25.676313545554876,10.352128982543945,0,2.7578814029693604,60853647360,87560290304,
llama7b_2k,common,devastator,llama7b_2k/devastator/common,0,10,25.67447619792074,10.344244003295898,0,2.8228745460510254,60853647360,87560290304,
llama7b_2k,common,devastator,llama7b_2k/devastator/common,1,1,33.79059257544577,10.581233978271484,0,2.8202171325683594,60853646336,81543561216,
llama7b_2k,common,devastator,llama7b_2k/devastator/common,1,2,25.683432448655367,10.584928512573242,0,2.88411021232605,60853647360,87560290304,
llama7b_2k,common,devastator,llama7b_2k/devastator/common,1,3,25.678248935379088,10.559200286865234,0,2.8224897384643555,60853647360,87560290304,
llama7b_2k,common,devastator,llama7b_2k/devastator/common,1,4,25.68744503054768,10.549216270446777,0,2.8639559745788574,60853647360,87560290304,
llama7b_2k,common,devastator,llama7b_2k/devastator/common,1,5,25.685291345231235,10.49470329284668,0,2.741105556488037,60853647360,87560290304,
llama7b_2k,common,devastator,llama7b_2k/devastator/common,1,6,25.680341713130474,10.468657493591309,0,2.8427388668060303,60853647360,87560290304,
llama7b_2k,common,devastator,llama7b_2k/devastator/common,1,7,25.678694165311754,10.387588500976562,0,2.8234081268310547,60853647360,87560290304,
llama7b_2k,common,devastator,llama7b_2k/devastator/common,1,8,25.68484959192574,10.350461959838867,0,2.826476573944092,60853647360,87560290304,
llama7b_2k,common,devastator,llama7b_2k/devastator/common,1,9,25.67642053309828,10.352128982543945,0,2.7578814029693604,60853647360,87560290304,
llama7b_2k,common,devastator,llama7b_2k/devastator/common,1,10,25.674430526793003,10.344244003295898,0,2.8228745460510254,60853647360,87560290304,
llama7b_2k,common,devastator,llama7b_2k/devastator/common,2,1,33.79011688847095,10.581233978271484,0,2.8202171325683594,60853646336,81543561216,
llama7b_2k,common,devastator,llama7b_2k/devastator/common,2,2,25.683474716730416,10.584928512573242,0,2.88411021232605,60853647360,87560290304,
llama7b_2k,common,devastator,llama7b_2k/devastator/common,2,3,25.67780051100999,10.559200286865234,0,2.8224897384643555,60853647360,87560290304,
llama7b_2k,common,devastator,llama7b_2k/devastator/common,2,4,25.6874176627025,10.549216270446777,0,2.8639559745788574,60853647360,87560290304,
llama7b_2k,common,devastator,llama7b_2k/devastator/common,2,5,25.68530215881765,10.49470329284668,0,2.741105556488037,60853647360,87560290304,
llama7b_2k,common,devastator,llama7b_2k/devastator/common,2,6,25.68017889559269,10.468657493591309,0,2.8427388668060303,60853647360,87560290304,
llama7b_2k,common,devastator,llama7b_2k/devastator/common,2,7,25.67835063673556,10.387588500976562,0,2.8234081268310547,60853647360,87560290304,
llama7b_2k,common,devastator,llama7b_2k/devastator/common,2,8,25.684646108187735,10.350461959838867,0,2.826476573944092,60853647360,87560290304,
llama7b_2k,common,devastator,llama7b_2k/devastator/common,2,9,25.67631076090038,10.352128982543945,0,2.7578814029693604,60853647360,87560290304,
llama7b_2k,common,devastator,llama7b_2k/devastator/common,2,10,25.674314227886498,10.344244003295898,0,2.8228745460510254,60853647360,87560290304,
llama7b_2k,common,devastator,llama7b_2k/devastator/common,3,1,33.790317138656974,10.581233978271484,0,2.8202171325683594,60853646336,81543561216,
llama7b_2k,common,devastator,llama7b_2k/devastator/common,3,2,25.68350626155734,10.584928512573242,0,2.88411021232605,60853647360,87560290304,
llama7b_2k,common,devastator,llama7b_2k/devastator/common,3,3,25.677979768253863,10.559200286865234,0,2.8224897384643555,60853647360,87560290304,
llama7b_2k,common,devastator,llama7b_2k/devastator/common,3,4,25.687497852370143,10.549216270446777,0,2.8639559745788574,60853647360,87560290304,
llama7b_2k,common,devastator,llama7b_2k/devastator/common,3,5,25.68535077571869,10.49470329284668,0,2.741105556488037,60853647360,87560290304,
llama7b_2k,common,devastator,llama7b_2k/devastator/common,3,6,25.680302140302956,10.468657493591309,0,2.8427388668060303,60853647360,87560290304,
llama7b_2k,common,devastator,llama7b_2k/devastator/common,3,7,25.67847278341651,10.387588500976562,0,2.8234081268310547,60853647360,87560290304,
llama7b_2k,common,devastator,llama7b_2k/devastator/common,3,8,25.68467174191028,10.350461959838867,0,2.826476573944092,60853647360,87560290304,
llama7b_2k,common,devastator,llama7b_2k/devastator/common,3,9,25.676476350985467,10.352128982543945,0,2.7578814029693604,60853647360,87560290304,
llama7b_2k,common,devastator,llama7b_2k/devastator/common,3,10,25.674481245689094,10.344244003295898,0,2.8228745460510254,60853647360,87560290304,
llama7b_2k,common,devastator,llama7b_2k/devastator/common,4,1,33.790223974734545,10.581233978271484,0,2.8202171325683594,60853646336,81543561216,
llama7b_2k,common,devastator,llama7b_2k/devastator/common,4,2,25.683403538540006,10.584928512573242,0,2.88411021232605,60853647360,87560290304,
llama7b_2k,common,devastator,llama7b_2k/devastator/common,4,3,25.67805457301438,10.559200286865234,0,2.8224897384643555,60853647360,87560290304,
llama7b_2k,common,devastator,llama7b_2k/devastator/common,4,4,25.687739674933255,10.549216270446777,0,2.8639559745788574,60853647360,87560290304,
llama7b_2k,common,devastator,llama7b_2k/devastator/common,4,5,25.685635681264102,10.49470329284668,0,2.741105556488037,60853647360,87560290304,
llama7b_2k,common,devastator,llama7b_2k/devastator/common,4,6,25.6804759837687,10.468657493591309,0,2.8427388668060303,60853647360,87560290304,
llama7b_2k,common,devastator,llama7b_2k/devastator/common,4,7,25.678401045501232,10.387588500976562,0,2.8234081268310547,60853647360,87560290304,
llama7b_2k,common,devastator,llama7b_2k/devastator/common,4,8,25.68469509948045,10.350461959838867,0,2.826476573944092,60853647360,87560290304,
llama7b_2k,common,devastator,llama7b_2k/devastator/common,4,9,25.6765891648829,10.352128982543945,0,2.7578814029693604,60853647360,87560290304,
llama7b_2k,common,devastator,llama7b_2k/devastator/common,4,10,25.67461344972253,10.344244003295898,0,2.8228745460510254,60853647360,87560290304,
llama7b_2k,common,devastator,llama7b_2k/devastator/common,5,1,33.79031576868147,10.581233978271484,0,2.8202171325683594,60853646336,81543561216,
llama7b_2k,common,devastator,llama7b_2k/devastator/common,5,2,25.683487319387496,10.584928512573242,0,2.88411021232605,60853647360,87560290304,
llama7b_2k,common,devastator,llama7b_2k/devastator/common,5,3,25.678076897747815,10.559200286865234,0,2.8224897384643555,60853647360,87560290304,
llama7b_2k,common,devastator,llama7b_2k/devastator/common,5,4,25.687773568555713,10.549216270446777,0,2.8639559745788574,60853647360,87560290304,
llama7b_2k,common,devastator,llama7b_2k/devastator/common,5,5,25.68552039936185,10.49470329284668,0,2.741105556488037,60853647360,87560290304,
llama7b_2k,common,devastator,llama7b_2k/devastator/common,5,6,25.68038018234074,10.468657493591309,0,2.8427388668060303,60853647360,87560290304,
llama7b_2k,common,devastator,llama7b_2k/devastator/common,5,7,25.67848499212414,10.387588500976562,0,2.8234081268310547,60853647360,87560290304,
llama7b_2k,common,devastator,llama7b_2k/devastator/common,5,8,25.684671382419765,10.350461959838867,0,2.826476573944092,60853647360,87560290304,
llama7b_2k,common,devastator,llama7b_2k/devastator/common,5,9,25.676672929897904,10.352128982543945,0,2.7578814029693604,60853647360,87560290304,
llama7b_2k,common,devastator,llama7b_2k/devastator/common,5,10,25.674585199914873,10.344244003295898,0,2.8228745460510254,60853647360,87560290304,
llama7b_2k,common,devastator,llama7b_2k/devastator/common,6,1,33.790225128643215,10.581233978271484,0,2.8202171325683594,60853646336,81543561216,
llama7b_2k,common,devastator,llama7b_2k/devastator/common,6,2,25.68366200476885,10.584928512573242,0,2.88411021232605,60853647360,87560290304,
llama7b_2k,common,devastator,llama7b_2k/devastator/common,6,3,25.678090213797987,10.559200286865234,0,2.8224897384643555,60853647360,87560290304,
llama7b_2k,common,devastator,llama7b_2k/devastator/common,6,4,25.687467687763274,10.549216270446777,0,2.8639559745788574,60853647360,87560290304,
llama7b_2k,common,devastator,llama7b_2k/devastator/common,6,5,25.685380324721336,10.49470329284668,0,2.741105556488037,60853647360,87560290304,
llama7b_2k,common,devastator,llama7b_2k/devastator/common,6,6,25.680226081050932,10.468657493591309,0,2.8427388668060303,60853647360,87560290304,
llama7b_2k,common,devastator,llama7b_2k/devastator/common,6,7,25.67840118613094,10.387588500976562,0,2.8234081268310547,60853647360,87560290304,
llama7b_2k,common,devastator,llama7b_2k/devastator/common,6,8,25.68469621054828,10.350461959838867,0,2.826476573944092,60853647360,87560290304,
llama7b_2k,common,devastator,llama7b_2k/devastator/common,6,9,25.67628000397235,10.352128982543945,0,2.7578814029693604,60853647360,87560290304,
llama7b_2k,common,devastator,llama7b_2k/devastator/common,6,10,25.674400891177356,10.344244003295898,0,2.8228745460510254,60853647360,87560290304,
llama7b_2k,common,devastator,llama7b_2k/devastator/common,7,1,33.790333557873964,10.581233978271484,0,2.8202171325683594,60853646336,81543561216,
llama7b_2k,common,devastator,llama7b_2k/devastator/common,7,2,25.683621358126402,10.584928512573242,0,2.88411021232605,60853647360,87560290304,
llama7b_2k,common,devastator,llama7b_2k/devastator/common,7,3,25.67810244206339,10.559200286865234,0,2.8224897384643555,60853647360,87560290304,
llama7b_2k,common,devastator,llama7b_2k/devastator/common,7,4,25.68749791942537,10.549216270446777,0,2.8639559745788574,60853647360,87560290304,
llama7b_2k,common,devastator,llama7b_2k/devastator/common,7,5,25.68535255920142,10.49470329284668,0,2.741105556488037,60853647360,87560290304,
llama7b_2k,common,devastator,llama7b_2k/devastator/common,7,6,25.680299999192357,10.468657493591309,0,2.8427388668060303,60853647360,87560290304,
llama7b_2k,common,devastator,llama7b_2k/devastator/common,7,7,25.678483876399696,10.387588500976562,0,2.8234081268310547,60853647360,87560290304,
llama7b_2k,common,devastator,llama7b_2k/devastator/common,7,8,25.684673978947103,10.350461959838867,0,2.826476573944092,60853647360,87560290304,
llama7b_2k,common,devastator,llama7b_2k/devastator/common,7,9,25.676471028476954,10.352128982543945,0,2.7578814029693604,60853647360,87560290304,
llama7b_2k,common,devastator,llama7b_2k/devastator/common,7,10,25.674459810368717,10.344244003295898,0,2.8228745460510254,60853647360,87560290304,
llama7b_2k,common,galvatron,llama7b_2k/galvatron/common,0,1,33.81491105258465,,0,6.304044593827585,,,9.817718381265238e-07
llama7b_2k,common,galvatron,llama7b_2k/galvatron/common,0,2,26.50883971620351,,0,6.471067741292958,,,9.206544616434248e-07
llama7b_2k,common,galvatron,llama7b_2k/galvatron/common,0,3,26.511475978419185,,0,6.383912980311178,,,8.225243592119499e-07
llama7b_2k,common,galvatron,llama7b_2k/galvatron/common,0,4,26.517518402077258,,0,6.503466048822993,,,6.971805834928398e-07
llama7b_2k,common,galvatron,llama7b_2k/galvatron/common,0,5,26.692545721307397,,0,6.391805898782056,,,5.571396837256635e-07
llama7b_2k,common,galvatron,llama7b_2k/galvatron/common,0,6,26.518519303761423,,0,6.6665340728289575,,,4.1638583110227627e-07
llama7b_2k,common,galvatron,llama7b_2k/galvatron/common,0,7,26.52248189970851,,0,6.626781583949855,,,2.889743906929609e-07
llama7b_2k,common,galvatron,llama7b_2k/galvatron/common,0,8,26.513555952347815,,0,6.704138761390789,,,1.876283841110236e-07
llama7b_2k,common,galvatron,llama7b_2k/galvatron/common,0,9,26.51533799432218,,0,6.516328695887859,,,1.224679970165746e-07
llama7b_2k,common,galvatron,llama7b_2k/galvatron/common,0,10,26.512824842706323,,0,6.842485145494186,,,1e-07
llama7b_2k,common,galvatron,llama7b_2k/galvatron/common,1,1,33.81184041965753,,0,6.304044593827585,,,9.817718381265238e-07
llama7b_2k,common,galvatron,llama7b_2k/galvatron/common,1,2,26.50758207216859,,0,6.471067741292958,,,9.206544616434248e-07
llama7b_2k,common,galvatron,llama7b_2k/galvatron/common,1,3,26.51030038204044,,0,6.383912980311178,,,8.225243592119499e-07
llama7b_2k,common,galvatron,llama7b_2k/galvatron/common,1,4,26.516317857429385,,0,6.503466048822993,,,6.971805834928398e-07
llama7b_2k,common,galvatron,llama7b_2k/galvatron/common,1,5,26.69130046851933,,0,6.391805898782056,,,5.571396837256635e-07
llama7b_2k,common,galvatron,llama7b_2k/galvatron/common,1,6,26.517234912142158,,0,6.6665340728289575,,,4.1638583110227627e-07
llama7b_2k,common,galvatron,llama7b_2k/galvatron/common,1,7,26.521204201504588,,0,6.626781583949855,,,2.889743906929609e-07
llama7b_2k,common,galvatron,llama7b_2k/galvatron/common,1,8,26.512291139923036,,0,6.704138761390789,,,1.876283841110236e-07
llama7b_2k,common,galvatron,llama7b_2k/galvatron/common,1,9,26.514010779559612,,0,6.516328695887859,,,1.224679970165746e-07
llama7b_2k,common,galvatron,llama7b_2k/galvatron/common,1,10,26.511417547240853,,0,6.842485145494186,,,1e-07
llama7b_2k,common,galvatron,llama7b_2k/galvatron/common,2,1,33.81294448673725,,0,6.304044593827585,,,9.817718381265238e-07
llama7b_2k,common,galvatron,llama7b_2k/galvatron/common,2,2,26.50768079329282,,0,6.471067741292958,,,9.206544616434248e-07
llama7b_2k,common,galvatron,llama7b_2k/galvatron/common,2,3,26.51017877832055,,0,6.383912980311178,,,8.225243592119499e-07
llama7b_2k,common,galvatron,llama7b_2k/galvatron/common,2,4,26.516348809935153,,0,6.503466048822993,,,6.971805834928398e-07
llama7b_2k,common,galvatron,llama7b_2k/galvatron/common,2,5,26.691369800828397,,0,6.391805898782056,,,5.571396837256635e-07
llama7b_2k,common,galvatron,llama7b_2k/galvatron/common,2,6,26.51731932349503,,0,6.6665340728289575,,,4.1638583110227627e-07
llama7b_2k,common,galvatron,llama7b_2k/galvatron/common,2,7,26.521341814659536,,0,6.626781583949855,,,2.889743906929609e-07
llama7b_2k,common,galvatron,llama7b_2k/galvatron/common,2,8,26.512376901693642,,0,6.704138761390789,,,1.876283841110236e-07
llama7b_2k,common,galvatron,llama7b_2k/galvatron/common,2,9,26.514167530462146,,0,6.516328695887859,,,1.224679970165746e-07
llama7b_2k,common,galvatron,llama7b_2k/galvatron/common,2,10,26.511525489389896,,0,6.842485145494186,,,1e-07
llama7b_2k,common,galvatron,llama7b_2k/galvatron/common,3,1,33.80807726178318,,0,6.304044593827585,,,9.817718381265238e-07
llama7b_2k,common,galvatron,llama7b_2k/galvatron/common,3,2,26.507739807479084,,0,6.471067741292958,,,9.206544616434248e-07
llama7b_2k,common,galvatron,llama7b_2k/galvatron/common,3,3,26.51033584587276,,0,6.383912980311178,,,8.225243592119499e-07
llama7b_2k,common,galvatron,llama7b_2k/galvatron/common,3,4,26.516404012218118,,0,6.503466048822993,,,6.971805834928398e-07
llama7b_2k,common,galvatron,llama7b_2k/galvatron/common,3,5,26.69143417198211,,0,6.391805898782056,,,5.571396837256635e-07
llama7b_2k,common,galvatron,llama7b_2k/galvatron/common,3,6,26.517362846061587,,0,6.6665340728289575,,,4.1638583110227627e-07
llama7b_2k,common,galvatron,llama7b_2k/galvatron/common,3,7,26.521352992393076,,0,6.626781583949855,,,2.889743906929609e-07
llama7b_2k,common,galvatron,llama7b_2k/galvatron/common,3,8,26.51237011794001,,0,6.704138761390789,,,1.876283841110236e-07
llama7b_2k,common,galvatron,llama7b_2k/galvatron/common,3,9,26.51421107724309,,0,6.516328695887859,,,1.224679970165746e-07
llama7b_2k,common,galvatron,llama7b_2k/galvatron/common,3,10,26.511589635163546,,0,6.842485145494186,,,1e-07
llama7b_2k,common,galvatron,llama7b_2k/galvatron/common,4,1,33.59742902871221,10.575672596693039,0,6.304044593827585,,,9.817718381265238e-07
llama7b_2k,common,galvatron,llama7b_2k/galvatron/common,4,2,26.508062701672316,10.569855198264122,0,6.471067741292958,,,9.206544616434248e-07
llama7b_2k,common,galvatron,llama7b_2k/galvatron/common,4,3,26.51099570374936,10.510380655527115,0,6.383912980311178,,,8.225243592119499e-07
llama7b_2k,common,galvatron,llama7b_2k/galvatron/common,4,4,26.51717841438949,10.448743388056755,0,6.503466048822993,,,6.971805834928398e-07
llama7b_2k,common,galvatron,llama7b_2k/galvatron/common,4,5,26.692288113757968,10.405054986476898,0,6.391805898782056,,,5.571396837256635e-07
llama7b_2k,common,galvatron,llama7b_2k/galvatron/common,4,6,26.518169812858105,10.365433141589165,0,6.6665340728289575,,,4.1638583110227627e-07
llama7b_2k,common,galvatron,llama7b_2k/galvatron/common,4,7,26.522175448015332,10.334756463766098,0,6.626781583949855,,,2.889743906929609e-07
llama7b_2k,common,galvatron,llama7b_2k/galvatron/common,4,8,26.513237738981843,10.303010568022728,0,6.704138761390789,,,1.876283841110236e-07
llama7b_2k,common,galvatron,llama7b_2k/galvatron/common,4,9,26.514966355636716,10.30444847047329,0,6.516328695887859,,,1.224679970165746e-07
llama7b_2k,common,galvatron,llama7b_2k/galvatron/common,4,10,26.51238558627665,10.276590183377266,0,6.842485145494186,,,1e-07
llama7b_2k,common,galvatron,llama7b_2k/galvatron/common,5,1,33.599592813290656,10.575672596693039,0,6.304044593827585,,,9.817718381265238e-07
llama7b_2k,common,galvatron,llama7b_2k/galvatron/common,5,2,26.50808189995587,10.569855198264122,0,6.471067741292958,,,9.206544616434248e-07
llama7b_2k,common,galvatron,llama7b_2k/galvatron/common,5,3,26.510974978096783,10.510380655527115,0,6.383912980311178,,,8.225243592119499e-07
llama7b_2k,common,galvatron,llama7b_2k/galvatron/common,5,4,26.5171568877995,10.448743388056755,0,6.503466048822993,,,6.971805834928398e-07
llama7b_2k,common,galvatron,llama7b_2k/galvatron/common,5,5,26.692332153208554,10.405054986476898,0,6.391805898782056,,,5.571396837256635e-07
llama7b_2k,common,galvatron,llama7b_2k/galvatron/common,5,6,26.518107167445123,10.365433141589165,0,6.6665340728289575,,,4.1638583110227627e-07
llama7b_2k,common,galvatron,llama7b_2k/galvatron/common,5,7,26.52209848817438,10.334756463766098,0,6.626781583949855,,,2.889743906929609e-07
llama7b_2k,common,galvatron,llama7b_2k/galvatron/common,5,8,26.513202239759266,10.303010568022728,0,6.704138761390789,,,1.876283841110236e-07
llama7b_2k,common,galvatron,llama7b_2k/galvatron/common,5,9,26.514963668771088,10.30444847047329,0,6.516328695887859,,,1.224679970165746e-07
llama7b_2k,common,galvatron,llama7b_2k/galvatron/common,5,10,26.51233750768006,10.276590183377266,0,6.842485145494186,,,1e-07
llama7b_2k,common,galvatron,llama7b_2k/galvatron/common,6,1,33.597739580087364,10.575672596693039,0,6.304044593827585,,,9.817718381265238e-07
llama7b_2k,common,galvatron,llama7b_2k/galvatron/common,6,2,26.508221759460866,10.569855198264122,0,6.471067741292958,,,9.206544616434248e-07
llama7b_2k,common,galvatron,llama7b_2k/galvatron/common,6,3,26.511150951497257,10.510380655527115,0,6.383912980311178,,,8.225243592119499e-07
llama7b_2k,common,galvatron,llama7b_2k/galvatron/common,6,4,26.517366792075336,10.448743388056755,0,6.503466048822993,,,6.971805834928398e-07
llama7b_2k,common,galvatron,llama7b_2k/galvatron/common,6,5,26.692375730723143,10.405054986476898,0,6.391805898782056,,,5.571396837256635e-07
llama7b_2k,common,galvatron,llama7b_2k/galvatron/common,6,6,26.51833419688046,10.365433141589165,0,6.6665340728289575,,,4.1638583110227627e-07
llama7b_2k,common,galvatron,llama7b_2k/galvatron/common,6,7,26.52242751326412,10.334756463766098,0,6.626781583949855,,,2.889743906929609e-07
llama7b_2k,common,galvatron,llama7b_2k/galvatron/common,6,8,26.513362650759518,10.303010568022728,0,6.704138761390789,,,1.876283841110236e-07
llama7b_2k,common,galvatron,llama7b_2k/galvatron/common,6,9,26.5152667760849,10.30444847047329,0,6.516328695887859,,,1.224679970165746e-07
llama7b_2k,common,galvatron,llama7b_2k/galvatron/common,6,10,26.512527288869023,10.276590183377266,0,6.842485145494186,,,1e-07
llama7b_2k,common,galvatron,llama7b_2k/galvatron/common,7,1,33.59541288111359,10.575672596693039,0,6.304044593827585,,,9.817718381265238e-07
llama7b_2k,common,galvatron,llama7b_2k/galvatron/common,7,2,26.508346886374056,10.569855198264122,0,6.471067741292958,,,9.206544616434248e-07
llama7b_2k,common,galvatron,llama7b_2k/galvatron/common,7,3,26.511190907098353,10.510380655527115,0,6.383912980311178,,,8.225243592119499e-07
llama7b_2k,common,galvatron,llama7b_2k/galvatron/common,7,4,26.51746505778283,10.448743388056755,0,6.503466048822993,,,6.971805834928398e-07
llama7b_2k,common,galvatron,llama7b_2k/galvatron/common,7,5,26.692531693726778,10.405054986476898,0,6.391805898782056,,,5.571396837256635e-07
llama7b_2k,common,galvatron,llama7b_2k/galvatron/common,7,6,26.518407694995403,10.365433141589165,0,6.6665340728289575,,,4.1638583110227627e-07
llama7b_2k,common,galvatron,llama7b_2k/galvatron/common,7,7,26.52251890208572,10.334756463766098,0,6.626781583949855,,,2.889743906929609e-07
llama7b_2k,common,galvatron,llama7b_2k/galvatron/common,7,8,26.513415563851595,10.303010568022728,0,6.704138761390789,,,1.876283841110236e-07
llama7b_2k,common,galvatron,llama7b_2k/galvatron/common,7,9,26.515239279717207,10.30444847047329,0,6.516328695887859,,,1.224679970165746e-07
llama7b_2k,common,galvatron,llama7b_2k/galvatron/common,7,10,26.51269437931478,10.276590183377266,0,6.842485145494186,,,1e-07
llama7b_2k,full,devastator,llama7b_2k/devastator/full,0,1,33.60271234437823,10.577692031860352,0,2.8614633083343506,26940240896,72014102528,
llama7b_2k,full,devastator,llama7b_2k/devastator/full,0,2,22.07416052930057,10.570195198059082,0,2.916018009185791,26940241920,78855012352,
llama7b_2k,full,devastator,llama7b_2k/devastator/full,0,3,22.06695567071438,10.547554016113281,0,2.8604793548583984,26940241920,78855012352,
llama7b_2k,full,devastator,llama7b_2k/devastator/full,0,4,22.06543370615691,10.539284706115723,0,2.8850436210632324,26940241920,78855012352,
llama7b_2k,full,devastator,llama7b_2k/devastator/full,0,5,22.064580517821014,10.483529090881348,0,2.815563678741455,26940241920,78855012352,
llama7b_2k,full,devastator,llama7b_2k/devastator/full,0,6,22.06358415260911,10.456535339355469,0,2.8802402019500732,26940241920,78855012352,
llama7b_2k,full,devastator,llama7b_2k/devastator/full,0,7,22.066459592431784,10.369575500488281,0,2.888777017593384,26940241920,78855012352,
llama7b_2k,full,devastator,llama7b_2k/devastator/full,0,8,22.06194735970348,10.341642379760742,0,2.9257407188415527,26940241920,78855012352,
llama7b_2k,full,devastator,llama7b_2k/devastator/full,0,9,22.063552111387253,10.340131759643555,0,2.8636720180511475,26940241920,78855012352,
llama7b_2k,full,devastator,llama7b_2k/devastator/full,0,10,22.063799841329455,10.330761909484863,0,2.903871774673462,26940241920,78855012352,
llama7b_2k,full,devastator,llama7b_2k/devastator/full,1,1,33.602618588134646,10.577692031860352,0,2.8614633083343506,26940240896,72014102528,
llama7b_2k,full,devastator,llama7b_2k/devastator/full,1,2,22.074248497374356,10.570195198059082,0,2.916018009185791,26940241920,78855012352,
llama7b_2k,full,devastator,llama7b_2k/devastator/full,1,3,22.066998559050262,10.547554016113281,0,2.8604793548583984,26940241920,78855012352,
llama7b_2k,full,devastator,llama7b_2k/devastator/full,1,4,22.065450468100607,10.539284706115723,0,2.8850436210632324,26940241920,78855012352,
llama7b_2k,full,devastator,llama7b_2k/devastator/full,1,5,22.064598043449223,10.483529090881348,0,2.815563678741455,26940241920,78855012352,
llama7b_2k,full,devastator,llama7b_2k/devastator/full,1,6,22.06361652724445,10.456535339355469,0,2.8802402019500732,26940241920,78855012352,
llama7b_2k,full,devastator,llama7b_2k/devastator/full,1,7,22.066520683467388,10.369575500488281,0,2.888777017593384,26940241920,78855012352,
llama7b_2k,full,devastator,llama7b_2k/devastator/full,1,8,22.06195568293333,10.341642379760742,0,2.9257407188415527,26940241920,78855012352,
llama7b_2k,full,devastator,llama7b_2k/devastator/full,1,9,22.063462618738413,10.340131759643555,0,2.8636720180511475,26940241920,78855012352,
llama7b_2k,full,devastator,llama7b_2k/devastator/full,1,10,22.06392226088792,10.330761909484863,0,2.903871774673462,26940241920,78855012352,
llama7b_2k,full,devastator,llama7b_2k/devastator/full,2,1,33.60241461917758,10.577692031860352,0,2.8614633083343506,26937156608,71999422464,
llama7b_2k,full,devastator,llama7b_2k/devastator/full,2,2,22.074477839283645,10.570195198059082,0,2.916018009185791,26937157632,78760640512,
llama7b_2k,full,devastator,llama7b_2k/devastator/full,2,3,22.067073217593133,10.547554016113281,0,2.8604793548583984,26937157632,78760640512,
llama7b_2k,full,devastator,llama7b_2k/devastator/full,2,4,22.065708096139133,10.539284706115723,0,2.8850436210632324,26937157632,78760640512,
llama7b_2k,full,devastator,llama7b_2k/devastator/full,2,5,22.064773162826896,10.483529090881348,0,2.815563678741455,26937157632,78760640512,
llama7b_2k,full,devastator,llama7b_2k/devastator/full,2,6,22.063828780315816,10.456535339355469,0,2.8802402019500732,26937157632,78760640512,
llama7b_2k,full,devastator,llama7b_2k/devastator/full,2,7,22.066671944223344,10.369575500488281,0,2.888777017593384,26937157632,78760640512,
llama7b_2k,full,devastator,llama7b_2k/devastator/full,2,8,22.062135049141943,10.341642379760742,0,2.9257407188415527,26937157632,78760640512,
llama7b_2k,full,devastator,llama7b_2k/devastator/full,2,9,22.06384690385312,10.340131759643555,0,2.8636720180511475,26937157632,78760640512,
llama7b_2k,full,devastator,llama7b_2k/devastator/full,2,10,22.06413155887276,10.330761909484863,0,2.903871774673462,26937157632,78760640512,
llama7b_2k,full,devastator,llama7b_2k/devastator/full,3,1,33.60240197367966,10.577692031860352,0,2.8614633083343506,26937156608,71999422464,
llama7b_2k,full,devastator,llama7b_2k/devastator/full,3,2,22.074371532537043,10.570195198059082,0,2.916018009185791,26937157632,78760640512,
llama7b_2k,full,devastator,llama7b_2k/devastator/full,3,3,22.067193178460002,10.547554016113281,0,2.8604793548583984,26937157632,78760640512,
llama7b_2k,full,devastator,llama7b_2k/devastator/full,3,4,22.06558357179165,10.539284706115723,0,2.8850436210632324,26937157632,78760640512,
llama7b_2k,full,devastator,llama7b_2k/devastator/full,3,5,22.064769660122693,10.483529090881348,0,2.815563678741455,26937157632,78760640512,
llama7b_2k,full,devastator,llama7b_2k/devastator/full,3,6,22.063650510273874,10.456535339355469,0,2.8802402019500732,26937157632,78760640512,
llama7b_2k,full,devastator,llama7b_2k/devastator/full,3,7,22.066519448533654,10.369575500488281,0,2.888777017593384,26937157632,78760640512,
llama7b_2k,full,devastator,llama7b_2k/devastator/full,3,8,22.062063564546406,10.341642379760742,0,2.9257407188415527,26937157632,78760640512,
llama7b_2k,full,devastator,llama7b_2k/devastator/full,3,9,22.063576225191355,10.340131759643555,0,2.8636720180511475,26937157632,78760640512,
llama7b_2k,full,devastator,llama7b_2k/devastator/full,3,10,22.063965145498514,10.330761909484863,0,2.903871774673462,26937157632,78760640512,
llama7b_2k,full,devastator,llama7b_2k/devastator/full,4,1,33.60245835594833,10.577692031860352,0,2.8614633083343506,26937156608,71932313600,
llama7b_2k,full,devastator,llama7b_2k/devastator/full,4,2,22.074197004549205,10.570195198059082,0,2.916018009185791,26937157632,78693531648,
llama7b_2k,full,devastator,llama7b_2k/devastator/full,4,3,22.0669924383983,10.547554016113281,0,2.8604793548583984,26937157632,78693531648,
llama7b_2k,full,devastator,llama7b_2k/devastator/full,4,4,22.065465142950416,10.539284706115723,0,2.8850436210632324,26937157632,78693531648,
llama7b_2k,full,devastator,llama7b_2k/devastator/full,4,5,22.064552885480225,10.483529090881348,0,2.815563678741455,26937157632,78693531648,
llama7b_2k,full,devastator,llama7b_2k/devastator/full,4,6,22.06355976779014,10.456535339355469,0,2.8802402019500732,26937157632,78693531648,
llama7b_2k,full,devastator,llama7b_2k/devastator/full,4,7,22.066400012001395,10.369575500488281,0,2.888777017593384,26937157632,78693531648,
llama7b_2k,full,devastator,llama7b_2k/devastator/full,4,8,22.061952413991094,10.341642379760742,0,2.9257407188415527,26937157632,78693531648,
llama7b_2k,full,devastator,llama7b_2k/devastator/full,4,9,22.06348887179047,10.340131759643555,0,2.8636720180511475,26937157632,78693531648,
llama7b_2k,full,devastator,llama7b_2k/devastator/full,4,10,22.063812352716923,10.330761909484863,0,2.903871774673462,26937157632,78693531648,
llama7b_2k,full,devastator,llama7b_2k/devastator/full,5,1,33.602540059015155,10.577692031860352,0,2.8614633083343506,26937156608,71932313600,
llama7b_2k,full,devastator,llama7b_2k/devastator/full,5,2,22.07416100613773,10.570195198059082,0,2.916018009185791,26937157632,78693531648,
llama7b_2k,full,devastator,llama7b_2k/devastator/full,5,3,22.066911763511598,10.547554016113281,0,2.8604793548583984,26937157632,78693531648,
llama7b_2k,full,devastator,llama7b_2k/devastator/full,5,4,22.06547732464969,10.539284706115723,0,2.8850436210632324,26937157632,78693531648,
llama7b_2k,full,devastator,llama7b_2k/devastator/full,5,5,22.064570837654173,10.483529090881348,0,2.815563678741455,26937157632,78693531648,
llama7b_2k,full,devastator,llama7b_2k/devastator/full,5,6,22.063604969531298,10.456535339355469,0,2.8802402019500732,26937157632,78693531648,
llama7b_2k,full,devastator,llama7b_2k/devastator/full,5,7,22.06641885265708,10.369575500488281,0,2.888777017593384,26937157632,78693531648,
llama7b_2k,full,devastator,llama7b_2k/devastator/full,5,8,22.061973034404218,10.341642379760742,0,2.9257407188415527,26937157632,78693531648,
llama7b_2k,full,devastator,llama7b_2k/devastator/full,5,9,22.063407745212317,10.340131759643555,0,2.8636720180511475,26937157632,78693531648,
llama7b_2k,full,devastator,llama7b_2k/devastator/full,5,10,22.06382559146732,10.330761909484863,0,2.903871774673462,26937157632,78693531648,
llama7b_2k,full,devastator,llama7b_2k/devastator/full,6,1,33.60247441753745,10.577692031860352,0,2.8614633083343506,26938201088,72020393984,
llama7b_2k,full,devastator,llama7b_2k/devastator/full,6,2,22.074303313158453,10.570195198059082,0,2.916018009185791,26938202112,78861303808,
llama7b_2k,full,devastator,llama7b_2k/devastator/full,6,3,22.0669674705714,10.547554016113281,0,2.8604793548583984,26938202112,78861303808,
llama7b_2k,full,devastator,llama7b_2k/devastator/full,6,4,22.065537706948817,10.539284706115723,0,2.8850436210632324,26938202112,78861303808,
llama7b_2k,full,devastator,llama7b_2k/devastator/full,6,5,22.06461829598993,10.483529090881348,0,2.815563678741455,26938202112,78861303808,
llama7b_2k,full,devastator,llama7b_2k/devastator/full,6,6,22.063531167805195,10.456535339355469,0,2.8802402019500732,26938202112,78861303808,
llama7b_2k,full,devastator,llama7b_2k/devastator/full,6,7,22.066417888738215,10.369575500488281,0,2.888777017593384,26938202112,78861303808,
llama7b_2k,full,devastator,llama7b_2k/devastator/full,6,8,22.061940730549395,10.341642379760742,0,2.9257407188415527,26938202112,78861303808,
llama7b_2k,full,devastator,llama7b_2k/devastator/full,6,9,22.063487647101283,10.340131759643555,0,2.8636720180511475,26938202112,78861303808,
llama7b_2k,full,devastator,llama7b_2k/devastator/full,6,10,22.06380472611636,10.330761909484863,0,2.903871774673462,26938202112,78861303808,
llama7b_2k,full,devastator,llama7b_2k/devastator/full,7,1,33.60250575002283,10.577692031860352,0,2.8614633083343506,26938201088,72020393984,
llama7b_2k,full,devastator,llama7b_2k/devastator/full,7,2,22.07432768959552,10.570195198059082,0,2.916018009185791,26938202112,78861303808,
llama7b_2k,full,devastator,llama7b_2k/devastator/full,7,3,22.067003953270614,10.547554016113281,0,2.8604793548583984,26938202112,78861303808,
llama7b_2k,full,devastator,llama7b_2k/devastator/full,7,4,22.065783489495516,10.539284706115723,0,2.8850436210632324,26938202112,78861303808,
llama7b_2k,full,devastator,llama7b_2k/devastator/full,7,5,22.064577695913613,10.483529090881348,0,2.815563678741455,26938202112,78861303808,
llama7b_2k,full,devastator,llama7b_2k/devastator/full,7,6,22.063617539592087,10.456535339355469,0,2.8802402019500732,26938202112,78861303808,
llama7b_2k,full,devastator,llama7b_2k/devastator/full,7,7,22.066457190550864,10.369575500488281,0,2.888777017593384,26938202112,78861303808,
llama7b_2k,full,devastator,llama7b_2k/devastator/full,7,8,22.061819401569664,10.341642379760742,0,2.9257407188415527,26938202112,78861303808,
llama7b_2k,full,devastator,llama7b_2k/devastator/full,7,9,22.063409697264433,10.340131759643555,0,2.8636720180511475,26938202112,78861303808,
llama7b_2k,full,devastator,llama7b_2k/devastator/full,7,10,22.063854536041617,10.330761909484863,0,2.903871774673462,26938202112,78861303808,
llama7b_2k,full,galvatron,llama7b_2k/galvatron/full,0,1,36.38297192752361,10.608843445777893,0,3.7765873937768832,12302396416,73480011776,9.817718381265238e-07
llama7b_2k,full,galvatron,llama7b_2k/galvatron/full,0,2,25.02154743950814,10.615859627723694,0,3.9138117727048507,12303445504,86266347520,9.206544616434248e-07
llama7b_2k,full,galvatron,llama7b_2k/galvatron/full,0,3,25.03816148173064,10.526154637336731,0,3.851643838081622,12304494592,86266347520,8.225243592119499e-07
llama7b_2k,full,galvatron,llama7b_2k/galvatron/full,0,4,25.054629852063954,10.441483974456787,0,3.9434394242587083,12305543680,86268444672,6.971805834928398e-07
llama7b_2k,full,galvatron,llama7b_2k/galvatron/full,0,5,25.036963331513107,10.364999890327454,0,3.8333767736433755,12306592768,86268444672,5.571396837256635e-07
llama7b_2k,full,galvatron,llama7b_2k/galvatron/full,0,6,25.04212814476341,10.298627018928528,0,3.981920271523162,12307641856,86270541824,4.1638583110227627e-07
llama7b_2k,full,galvatron,llama7b_2k/galvatron/full,0,7,25.041013254784048,10.26134729385376,0,3.9599914022795466,12308690944,86270541824,2.889743906929609e-07
llama7b_2k,full,galvatron,llama7b_2k/galvatron/full,0,8,25.05014674924314,10.21864902973175,0,4.004179678163747,12309740032,86272638976,1.876283841110236e-07
llama7b_2k,full,galvatron,llama7b_2k/galvatron/full,0,9,25.056650235317647,10.20770251750946,0,3.895987495731285,12310789120,86272638976,1.224679970165746e-07
llama7b_2k,full,galvatron,llama7b_2k/galvatron/full,0,10,25.062275364995003,10.174370169639587,0,4.109563438823502,12311838208,86274736128,1e-07
llama7b_2k,full,galvatron,llama7b_2k/galvatron/full,1,1,36.37837675400078,10.608843445777893,0,3.7765873937768832,12302396416,73427582976,9.817718381265238e-07
llama7b_2k,full,galvatron,llama7b_2k/galvatron/full,1,2,25.021549413912,10.615859627723694,0,3.9138117727048507,12303445504,86371205120,9.206544616434248e-07
llama7b_2k,full,galvatron,llama7b_2k/galvatron/full,1,3,25.038109447807074,10.526154637336731,0,3.851643838081622,12304494592,86778052608,8.225243592119499e-07
llama7b_2k,full,galvatron,llama7b_2k/galvatron/full,1,4,25.054497594945133,10.441483974456787,0,3.9434394242587083,12305543680,86780149760,6.971805834928398e-07
llama7b_2k,full,galvatron,llama7b_2k/galvatron/full,1,5,25.036830658093095,10.364999890327454,0,3.8333767736433755,12306592768,86780149760,5.571396837256635e-07
llama7b_2k,full,galvatron,llama7b_2k/galvatron/full,1,6,25.04197956621647,10.298627018928528,0,3.981920271523162,12307641856,86782246912,4.1638583110227627e-07
llama7b_2k,full,galvatron,llama7b_2k/galvatron/full,1,7,25.040869143791497,10.26134729385376,0,3.9599914022795466,12308690944,86782246912,2.889743906929609e-07
llama7b_2k,full,galvatron,llama7b_2k/galvatron/full,1,8,25.0499183870852,10.21864902973175,0,4.004179678163747,12309740032,86784344064,1.876283841110236e-07
llama7b_2k,full,galvatron,llama7b_2k/galvatron/full,1,9,25.056523896753788,10.20770251750946,0,3.895987495731285,12310789120,86784344064,1.224679970165746e-07
llama7b_2k,full,galvatron,llama7b_2k/galvatron/full,1,10,25.062087738886476,10.174370169639587,0,4.109563438823502,12311838208,86786441216,1e-07
llama7b_2k,full,galvatron,llama7b_2k/galvatron/full,2,1,36.380109765566885,10.608843445777893,0,3.7765873937768832,12302396416,73427582976,9.817718381265238e-07
llama7b_2k,full,galvatron,llama7b_2k/galvatron/full,2,2,25.02138934098184,10.615859627723694,0,3.9138117727048507,12303445504,86423633920,9.206544616434248e-07
llama7b_2k,full,galvatron,llama7b_2k/galvatron/full,2,3,25.037938645109534,10.526154637336731,0,3.851643838081622,12304494592,86423633920,8.225243592119499e-07
llama7b_2k,full,galvatron,llama7b_2k/galvatron/full,2,4,25.054433088749647,10.441483974456787,0,3.9434394242587083,12305543680,86425731072,6.971805834928398e-07
llama7b_2k,full,galvatron,llama7b_2k/galvatron/full,2,5,25.036760182119906,10.364999890327454,0,3.8333767736433755,12306592768,86425731072,5.571396837256635e-07
llama7b_2k,full,galvatron,llama7b_2k/galvatron/full,2,6,25.041946711950004,10.298627018928528,0,3.981920271523162,12307641856,86427828224,4.1638583110227627e-07
llama7b_2k,full,galvatron,llama7b_2k/galvatron/full,2,7,25.040783306583762,10.26134729385376,0,3.9599914022795466,12308690944,86427828224,2.889743906929609e-07
llama7b_2k,full,galvatron,llama7b_2k/galvatron/full,2,8,25.049903768114746,10.21864902973175,0,4.004179678163747,12309740032,86429925376,1.876283841110236e-07
llama7b_2k,full,galvatron,llama7b_2k/galvatron/full,2,9,25.0564256105572,10.20770251750946,0,3.895987495731285,12310789120,86429925376,1.224679970165746e-07
llama7b_2k,full,galvatron,llama7b_2k/galvatron/full,2,10,25.062028062529862,10.174370169639587,0,4.109563438823502,12311838208,86432022528,1e-07
llama7b_2k,full,galvatron,llama7b_2k/galvatron/full,3,1,36.37888565007597,10.608843445777893,0,3.7765873937768832,12302396416,73427582976,9.817718381265238e-07
llama7b_2k,full,galvatron,llama7b_2k/galvatron/full,3,2,25.02085732575506,10.615859627723694,0,3.9138117727048507,12303445504,86371205120,9.206544616434248e-07
llama7b_2k,full,galvatron,llama7b_2k/galvatron/full,3,3,25.037536462768912,10.526154637336731,0,3.851643838081622,12304494592,86778052608,8.225243592119499e-07
llama7b_2k,full,galvatron,llama7b_2k/galvatron/full,3,4,25.054053199477494,10.441483974456787,0,3.9434394242587083,12305543680,86780149760,6.971805834928398e-07
llama7b_2k,full,galvatron,llama7b_2k/galvatron/full,3,5,25.036413049325347,10.364999890327454,0,3.8333767736433755,12306592768,86780149760,5.571396837256635e-07
llama7b_2k,full,galvatron,llama7b_2k/galvatron/full,3,6,25.04157656338066,10.298627018928528,0,3.981920271523162,12307641856,86782246912,4.1638583110227627e-07
llama7b_2k,full,galvatron,llama7b_2k/galvatron/full,3,7,25.040465152822435,10.26134729385376,0,3.9599914022795466,12308690944,86782246912,2.889743906929609e-07
llama7b_2k,full,galvatron,llama7b_2k/galvatron/full,3,8,25.04960469994694,10.21864902973175,0,4.004179678163747,12309740032,86784344064,1.876283841110236e-07
llama7b_2k,full,galvatron,llama7b_2k/galvatron/full,3,9,25.0561800962314,10.20770251750946,0,3.895987495731285,12310789120,86784344064,1.224679970165746e-07
llama7b_2k,full,galvatron,llama7b_2k/galvatron/full,3,10,25.061795129440725,10.174370169639587,0,4.109563438823502,12311838208,86786441216,1e-07
llama7b_2k,full,galvatron,llama7b_2k/galvatron/full,4,1,36.378858865238726,10.608843445777893,0,3.7765873937768832,12302396416,73480011776,9.817718381265238e-07
llama7b_2k,full,galvatron,llama7b_2k/galvatron/full,4,2,25.02089791558683,10.615859627723694,0,3.9138117727048507,12303445504,86371205120,9.206544616434248e-07
llama7b_2k,full,galvatron,llama7b_2k/galvatron/full,4,3,25.03756296262145,10.526154637336731,0,3.851643838081622,12304494592,86778052608,8.225243592119499e-07
llama7b_2k,full,galvatron,llama7b_2k/galvatron/full,4,4,25.05404764227569,10.441483974456787,0,3.9434394242587083,12305543680,86780149760,6.971805834928398e-07
llama7b_2k,full,galvatron,llama7b_2k/galvatron/full,4,5,25.036438988521695,10.364999890327454,0,3.8333767736433755,12306592768,86780149760,5.571396837256635e-07
llama7b_2k,full,galvatron,llama7b_2k/galvatron/full,4,6,25.041589945554733,10.298627018928528,0,3.981920271523162,12307641856,86782246912,4.1638583110227627e-07
llama7b_2k,full,galvatron,llama7b_2k/galvatron/full,4,7,25.04048740118742,10.26134729385376,0,3.9599914022795466,12308690944,86782246912,2.889743906929609e-07
llama7b_2k,full,galvatron,llama7b_2k/galvatron/full,4,8,25.049621548503637,10.21864902973175,0,4.004179678163747,12309740032,86784344064,1.876283841110236e-07
llama7b_2k,full,galvatron,llama7b_2k/galvatron/full,4,9,25.056158058345318,10.20770251750946,0,3.895987495731285,12310789120,86784344064,1.224679970165746e-07
llama7b_2k,full,galvatron,llama7b_2k/galvatron/full,4,10,25.06172935385257,10.174370169639587,0,4.109563438823502,12311838208,86786441216,1e-07
llama7b_2k,full,galvatron,llama7b_2k/galvatron/full,5,1,36.37880485597998,10.608843445777893,0,3.7765873937768832,12302396416,73427582976,9.817718381265238e-07
llama7b_2k,full,galvatron,llama7b_2k/galvatron/full,5,2,25.020807368680835,10.615859627723694,0,3.9138117727048507,12303445504,86371205120,9.206544616434248e-07
llama7b_2k,full,galvatron,llama7b_2k/galvatron/full,5,3,25.03749129641801,10.526154637336731,0,3.851643838081622,12304494592,86778052608,8.225243592119499e-07
llama7b_2k,full,galvatron,llama7b_2k/galvatron/full,5,4,25.05397191364318,10.441483974456787,0,3.9434394242587083,12305543680,86780149760,6.971805834928398e-07
llama7b_2k,full,galvatron,llama7b_2k/galvatron/full,5,5,25.036335908807814,10.364999890327454,0,3.8333767736433755,12306592768,86780149760,5.571396837256635e-07
llama7b_2k,full,galvatron,llama7b_2k/galvatron/full,5,6,25.041509909555316,10.298627018928528,0,3.981920271523162,12307641856,86782246912,4.1638583110227627e-07
llama7b_2k,full,galvatron,llama7b_2k/galvatron/full,5,7,25.040384206920862,10.26134729385376,0,3.9599914022795466,12308690944,86782246912,2.889743906929609e-07
llama7b_2k,full,galvatron,llama7b_2k/galvatron/full,5,8,25.049512988887727,10.21864902973175,0,4.004179678163747,12309740032,86784344064,1.876283841110236e-07
llama7b_2k,full,galvatron,llama7b_2k/galvatron/full,5,9,25.056089771911502,10.20770251750946,0,3.895987495731285,12310789120,86784344064,1.224679970165746e-07
llama7b_2k,full,galvatron,llama7b_2k/galvatron/full,5,10,25.06172839924693,10.174370169639587,0,4.109563438823502,12311838208,86786441216,1e-07
llama7b_2k,full,galvatron,llama7b_2k/galvatron/full,6,1,36.37848620954901,10.608843445777893,0,3.7765873937768832,12302396416,73427582976,9.817718381265238e-07
llama7b_2k,full,galvatron,llama7b_2k/galvatron/full,6,2,25.020875157788396,10.615859627723694,0,3.9138117727048507,12303445504,86423633920,9.206544616434248e-07
llama7b_2k,full,galvatron,llama7b_2k/galvatron/full,6,3,25.037480713799596,10.526154637336731,0,3.851643838081622,12304494592,86423633920,8.225243592119499e-07
llama7b_2k,full,galvatron,llama7b_2k/galvatron/full,6,4,25.054028223268688,10.441483974456787,0,3.9434394242587083,12305543680,86425731072,6.971805834928398e-07
llama7b_2k,full,galvatron,llama7b_2k/galvatron/full,6,5,25.036376506090164,10.364999890327454,0,3.8333767736433755,12306592768,86425731072,5.571396837256635e-07
llama7b_2k,full,galvatron,llama7b_2k/galvatron/full,6,6,25.041600653901696,10.298627018928528,0,3.981920271523162,12307641856,86427828224,4.1638583110227627e-07
llama7b_2k,full,galvatron,llama7b_2k/galvatron/full,6,7,25.04045907407999,10.26134729385376,0,3.9599914022795466,12308690944,86427828224,2.889743906929609e-07
llama7b_2k,full,galvatron,llama7b_2k/galvatron/full,6,8,25.049584053456783,10.21864902973175,0,4.004179678163747,12309740032,86429925376,1.876283841110236e-07
llama7b_2k,full,galvatron,llama7b_2k/galvatron/full,6,9,25.056132690049708,10.20770251750946,0,3.895987495731285,12310789120,86429925376,1.224679970165746e-07
llama7b_2k,full,galvatron,llama7b_2k/galvatron/full,6,10,25.061762931756675,10.174370169639587,0,4.109563438823502,12311838208,86432022528,1e-07
llama7b_2k,full,galvatron,llama7b_2k/galvatron/full,7,1,36.379099084064364,10.608843445777893,0,3.7765873937768832,12302396416,73480011776,9.817718381265238e-07
llama7b_2k,full,galvatron,llama7b_2k/galvatron/full,7,2,25.0208700587973,10.615859627723694,0,3.9138117727048507,12303445504,86371205120,9.206544616434248e-07
llama7b_2k,full,galvatron,llama7b_2k/galvatron/full,7,3,25.03751092310995,10.526154637336731,0,3.851643838081622,12304494592,86778052608,8.225243592119499e-07
llama7b_2k,full,galvatron,llama7b_2k/galvatron/full,7,4,25.054089453071356,10.441483974456787,0,3.9434394242587083,12305543680,86780149760,6.971805834928398e-07
llama7b_2k,full,galvatron,llama7b_2k/galvatron/full,7,5,25.036440582945943,10.364999890327454,0,3.8333767736433755,12306592768,86780149760,5.571396837256635e-07
llama7b_2k,full,galvatron,llama7b_2k/galvatron/full,7,6,25.041641561314464,10.298627018928528,0,3.981920271523162,12307641856,86782246912,4.1638583110227627e-07
llama7b_2k,full,galvatron,llama7b_2k/galvatron/full,7,7,25.040459902957082,10.26134729385376,0,3.9599914022795466,12308690944,86782246912,2.889743906929609e-07
llama7b_2k,full,galvatron,llama7b_2k/galvatron/full,7,8,25.049593357369304,10.21864902973175,0,4.004179678163747,12309740032,86784344064,1.876283841110236e-07
llama7b_2k,full,galvatron,llama7b_2k/galvatron/full,7,9,25.056134178303182,10.20770251750946,0,3.895987495731285,12310789120,86784344064,1.224679970165746e-07
llama7b_2k,full,galvatron,llama7b_2k/galvatron/full,7,10,25.06176784262061,10.174370169639587,0,4.109563438823502,12311838208,86786441216,1e-07
llama2_7b_4k,common,devastator,llama2_7b_4k/devastator/common,0,1,63.22389334999025,10.583173751831055,0,2.333744525909424,60854694912,81608572928,
llama2_7b_4k,common,devastator,llama2_7b_4k/devastator/common,0,2,54.30477565340698,10.575470924377441,0,2.367863178253174,60854695936,87625302016,
llama2_7b_4k,common,devastator,llama2_7b_4k/devastator/common,0,3,54.29875319916755,10.579476356506348,0,2.316692590713501,60854695936,87625302016,
llama2_7b_4k,common,devastator,llama2_7b_4k/devastator/common,0,4,54.29701223317534,10.578092575073242,0,2.391343832015991,60854695936,87625302016,
llama2_7b_4k,common,devastator,llama2_7b_4k/devastator/common,0,5,54.292417575605214,10.56442928314209,0,2.379899740219116,60854695936,87625302016,
llama2_7b_4k,common,devastator,llama2_7b_4k/devastator/common,0,6,54.29073061980307,10.554364204406738,0,2.4052939414978027,60854695936,87625302016,
llama2_7b_4k,common,devastator,llama2_7b_4k/devastator/common,0,7,54.29035228583962,10.53172779083252,0,2.3945116996765137,60854695936,87625302016,
llama2_7b_4k,common,devastator,llama2_7b_4k/devastator/common,0,8,54.288273425772786,10.532109260559082,0,2.4511988162994385,60854695936,87625302016,
llama2_7b_4k,common,devastator,llama2_7b_4k/devastator/common,0,9,54.29585993103683,10.530714988708496,0,2.4101715087890625,60854695936,87625302016,
llama2_7b_4k,common,devastator,llama2_7b_4k/devastator/common,0,10,54.28747146110982,10.525893211364746,0,2.422070026397705,60854695936,87625302016,
llama2_7b_4k,common,devastator,llama2_7b_4k/devastator/common,1,1,63.223904168233275,10.583173751831055,0,2.333744525909424,60854694912,81608572928,
llama2_7b_4k,common,devastator,llama2_7b_4k/devastator/common,1,2,54.30449307244271,10.575470924377441,0,2.367863178253174,60854695936,87625302016,
llama2_7b_4k,common,devastator,llama2_7b_4k/devastator/common,1,3,54.29869093094021,10.579476356506348,0,2.316692590713501,60854695936,87625302016,
llama2_7b_4k,common,devastator,llama2_7b_4k/devastator/common,1,4,54.29704148322344,10.578092575073242,0,2.391343832015991,60854695936,87625302016,
llama2_7b_4k,common,devastator,llama2_7b_4k/devastator/common,1,5,54.29236328229308,10.56442928314209,0,2.379899740219116,60854695936,87625302016,
llama2_7b_4k,common,devastator,llama2_7b_4k/devastator/common,1,6,54.29069372173399,10.554364204406738,0,2.4052939414978027,60854695936,87625302016,
llama2_7b_4k,common,devastator,llama2_7b_4k/devastator/common,1,7,54.29035541322082,10.53172779083252,0,2.3945116996765137,60854695936,87625302016,
llama2_7b_4k,common,devastator,llama2_7b_4k/devastator/common,1,8,54.28821950685233,10.532109260559082,0,2.4511988162994385,60854695936,87625302016,
llama2_7b_4k,common,devastator,llama2_7b_4k/devastator/common,1,9,54.29589804355055,10.530714988708496,0,2.4101715087890625,60854695936,87625302016,
llama2_7b_4k,common,devastator,llama2_7b_4k/devastator/common,1,10,54.287399511784315,10.525893211364746,0,2.422070026397705,60854695936,87625302016,
llama2_7b_4k,common,devastator,llama2_7b_4k/devastator/common,2,1,63.22367250174284,10.583173751831055,0,2.333744525909424,60854694912,81608572928,
llama2_7b_4k,common,devastator,llama2_7b_4k/devastator/common,2,2,54.304881198331714,10.575470924377441,0,2.367863178253174,60854695936,87625302016,
llama2_7b_4k,common,devastator,llama2_7b_4k/devastator/common,2,3,54.29875500313938,10.579476356506348,0,2.316692590713501,60854695936,87625302016,
llama2_7b_4k,common,devastator,llama2_7b_4k/devastator/common,2,4,54.296815666370094,10.578092575073242,0,2.391343832015991,60854695936,87625302016,
llama2_7b_4k,common,devastator,llama2_7b_4k/devastator/common,2,5,54.29208561871201,10.56442928314209,0,2.379899740219116,60854695936,87625302016,
llama2_7b_4k,common,devastator,llama2_7b_4k/devastator/common,2,6,54.2904460253194,10.554364204406738,0,2.4052939414978027,60854695936,87625302016,
llama2_7b_4k,common,devastator,llama2_7b_4k/devastator/common,2,7,54.29019471351057,10.53172779083252,0,2.3945116996765137,60854695936,87625302016,
llama2_7b_4k,common,devastator,llama2_7b_4k/devastator/common,2,8,54.288041352294385,10.532109260559082,0,2.4511988162994385,60854695936,87625302016,
llama2_7b_4k,common,devastator,llama2_7b_4k/devastator/common,2,9,54.29566955380142,10.530714988708496,0,2.4101715087890625,60854695936,87625302016,
llama2_7b_4k,common,devastator,llama2_7b_4k/devastator/common,2,10,54.28719778731465,10.525893211364746,0,2.422070026397705,60854695936,87625302016,
llama2_7b_4k,common,devastator,llama2_7b_4k/devastator/common,3,1,63.223737955093384,10.583173751831055,0,2.333744525909424,60854694912,81608572928,
llama2_7b_4k,common,devastator,llama2_7b_4k/devastator/common,3,2,54.30459815077484,10.575470924377441,0,2.367863178253174,60854695936,87625302016,
llama2_7b_4k,common,devastator,llama2_7b_4k/devastator/common,3,3,54.29846761189401,10.579476356506348,0,2.316692590713501,60854695936,87625302016,
llama2_7b_4k,common,devastator,llama2_7b_4k/devastator/common,3,4,54.29673532024026,10.578092575073242,0,2.391343832015991,60854695936,87625302016,
llama2_7b_4k,common,devastator,llama2_7b_4k/devastator/common,3,5,54.292091087438166,10.56442928314209,0,2.379899740219116,60854695936,87625302016,
llama2_7b_4k,common,devastator,llama2_7b_4k/devastator/common,3,6,54.290462501347065,10.554364204406738,0,2.4052939414978027,60854695936,87625302016,
llama2_7b_4k,common,devastator,llama2_7b_4k/devastator/common,3,7,54.2901572631672,10.53172779083252,0,2.3945116996765137,60854695936,87625302016,
llama2_7b_4k,common,devastator,llama2_7b_4k/devastator/common,3,8,54.28796327859163,10.532109260559082,0,2.4511988162994385,60854695936,87625302016,
llama2_7b_4k,common,devastator,llama2_7b_4k/devastator/common,3,9,54.29578173533082,10.530714988708496,0,2.4101715087890625,60854695936,87625302016,
llama2_7b_4k,common,devastator,llama2_7b_4k/devastator/common,3,10,54.28720348980278,10.525893211364746,0,2.422070026397705,60854695936,87625302016,
llama2_7b_4k,common,devastator,llama2_7b_4k/devastator/common,4,1,63.223825498484075,10.583173751831055,0,2.333744525909424,60854694912,81608572928,
llama2_7b_4k,common,devastator,llama2_7b_4k/devastator/common,4,2,54.304933086037636,10.575470924377441,0,2.367863178253174,60854695936,87625302016,
llama2_7b_4k,common,devastator,llama2_7b_4k/devastator/common,4,3,54.2988651311025,10.579476356506348,0,2.316692590713501,60854695936,87625302016,
llama2_7b_4k,common,devastator,llama2_7b_4k/devastator/common,4,4,54.2971649998799,10.578092575073242,0,2.391343832015991,60854695936,87625302016,
llama2_7b_4k,common,devastator,llama2_7b_4k/devastator/common,4,5,54.29214170575142,10.56442928314209,0,2.379899740219116,60854695936,87625302016,
llama2_7b_4k,common,devastator,llama2_7b_4k/devastator/common,4,6,54.290492818690836,10.554364204406738,0,2.4052939414978027,60854695936,87625302016,
llama2_7b_4k,common,devastator,llama2_7b_4k/devastator/common,4,7,54.2902994165197,10.53172779083252,0,2.3945116996765137,60854695936,87625302016,
llama2_7b_4k,common,devastator,llama2_7b_4k/devastator/common,4,8,54.28814807999879,10.532109260559082,0,2.4511988162994385,60854695936,87625302016,
llama2_7b_4k,common,devastator,llama2_7b_4k/devastator/common,4,9,54.2959054550156,10.530714988708496,0,2.4101715087890625,60854695936,87625302016,
llama2_7b_4k,common,devastator,llama2_7b_4k/devastator/common,4,10,54.28719887137413,10.525893211364746,0,2.422070026397705,60854695936,87625302016,
llama2_7b_4k,common,devastator,llama2_7b_4k/devastator/common,5,1,63.22384813800454,10.583173751831055,0,2.333744525909424,60854694912,81608572928,
llama2_7b_4k,common,devastator,llama2_7b_4k/devastator/common,5,2,54.304649885743856,10.575470924377441,0,2.367863178253174,60854695936,87625302016,
llama2_7b_4k,common,devastator,llama2_7b_4k/devastator/common,5,3,54.29851925652474,10.579476356506348,0,2.316692590713501,60854695936,87625302016,
llama2_7b_4k,common,devastator,llama2_7b_4k/devastator/common,5,4,54.296787114813924,10.578092575073242,0,2.391343832015991,60854695936,87625302016,
llama2_7b_4k,common,devastator,llama2_7b_4k/devastator/common,5,5,54.2921441225335,10.56442928314209,0,2.379899740219116,60854695936,87625302016,
llama2_7b_4k,common,devastator,llama2_7b_4k/devastator/common,5,6,54.29051473084837,10.554364204406738,0,2.4052939414978027,60854695936,87625302016,
llama2_7b_4k,common,devastator,llama2_7b_4k/devastator/common,5,7,54.290209136903286,10.53172779083252,0,2.3945116996765137,60854695936,87625302016,
llama2_7b_4k,common,devastator,llama2_7b_4k/devastator/common,5,8,54.28801347874105,10.532109260559082,0,2.4511988162994385,60854695936,87625302016,
llama2_7b_4k,common,devastator,llama2_7b_4k/devastator/common,5,9,54.29597688000649,10.530714988708496,0,2.4101715087890625,60854695936,87625302016,
llama2_7b_4k,common,devastator,llama2_7b_4k/devastator/common,5,10,54.287256876938045,10.525893211364746,0,2.422070026397705,60854695936,87625302016,
llama2_7b_4k,common,devastator,llama2_7b_4k/devastator/common,6,1,63.223920616321266,10.583173751831055,0,2.333744525909424,60854694912,81608572928,
llama2_7b_4k,common,devastator,llama2_7b_4k/devastator/common,6,2,54.30572051089257,10.575470924377441,0,2.367863178253174,60854695936,87625302016,
llama2_7b_4k,common,devastator,llama2_7b_4k/devastator/common,6,3,54.29910062626004,10.579476356506348,0,2.316692590713501,60854695936,87625302016,
llama2_7b_4k,common,devastator,llama2_7b_4k/devastator/common,6,4,54.296916073188186,10.578092575073242,0,2.391343832015991,60854695936,87625302016,
llama2_7b_4k,common,devastator,llama2_7b_4k/devastator/common,6,5,54.292136709205806,10.56442928314209,0,2.379899740219116,60854695936,87625302016,
llama2_7b_4k,common,devastator,llama2_7b_4k/devastator/common,6,6,54.290495065040886,10.554364204406738,0,2.4052939414978027,60854695936,87625302016,
llama2_7b_4k,common,devastator,llama2_7b_4k/devastator/common,6,7,54.290298216976225,10.53172779083252,0,2.3945116996765137,60854695936,87625302016,
llama2_7b_4k,common,devastator,llama2_7b_4k/devastator/common,6,8,54.288146395236254,10.532109260559082,0,2.4511988162994385,60854695936,87625302016,
llama2_7b_4k,common,devastator,llama2_7b_4k/devastator/common,6,9,54.295721627771854,10.530714988708496,0,2.4101715087890625,60854695936,87625302016,
llama2_7b_4k,common,devastator,llama2_7b_4k/devastator/common,6,10,54.28719633817673,10.525893211364746,0,2.422070026397705,60854695936,87625302016,
llama2_7b_4k,common,devastator,llama2_7b_4k/devastator/common,7,1,63.22394790966064,10.583173751831055,0,2.333744525909424,60854694912,81608572928,
llama2_7b_4k,common,devastator,llama2_7b_4k/devastator/common,7,2,54.30481730028987,10.575470924377441,0,2.367863178253174,60854695936,87625302016,
llama2_7b_4k,common,devastator,llama2_7b_4k/devastator/common,7,3,54.29856875166297,10.579476356506348,0,2.316692590713501,60854695936,87625302016,
llama2_7b_4k,common,devastator,llama2_7b_4k/devastator/common,7,4,54.29678709618747,10.578092575073242,0,2.391343832015991,60854695936,87625302016,
llama2_7b_4k,common,devastator,llama2_7b_4k/devastator/common,7,5,54.29214358795434,10.56442928314209,0,2.379899740219116,60854695936,87625302016,
llama2_7b_4k,common,devastator,llama2_7b_4k/devastator/common,7,6,54.29046563245356,10.554364204406738,0,2.4052939414978027,60854695936,87625302016,
llama2_7b_4k,common,devastator,llama2_7b_4k/devastator/common,7,7,54.29021030291915,10.53172779083252,0,2.3945116996765137,60854695936,87625302016,
llama2_7b_4k,common,devastator,llama2_7b_4k/devastator/common,7,8,54.28801432438195,10.532109260559082,0,2.4511988162994385,60854695936,87625302016,
llama2_7b_4k,common,devastator,llama2_7b_4k/devastator/common,7,9,54.29583157226443,10.530714988708496,0,2.4101715087890625,60854695936,87625302016,
llama2_7b_4k,common,devastator,llama2_7b_4k/devastator/common,7,10,54.2872548783198,10.525893211364746,0,2.422070026397705,60854695936,87625302016,
llama2_7b_4k,common,galvatron,llama2_7b_4k/galvatron/common,0,1,64.18097442854196,10.56941245496273,0,4.390995973818451,40541193216,91014299648,9.817718381265238e-07
llama2_7b_4k,common,galvatron,llama2_7b_4k/galvatron/common,0,2,55.689870667643845,10.565837875008583,0,4.44118658242228,40543290880,95214895104,9.206544616434248e-07
llama2_7b_4k,common,galvatron,llama2_7b_4k/galvatron/common,0,3,55.701267858967185,10.554267555475235,0,4.38169457632883,40545388544,95347015680,8.225243592119499e-07
llama2_7b_4k,common,galvatron,llama2_7b_4k/galvatron/common,0,4,55.689528840593994,10.547989293932915,0,4.490803540210546,40547486208,95347015680,6.971805834928398e-07
llama2_7b_4k,common,galvatron,llama2_7b_4k/galvatron/common,0,5,55.70154500287026,10.529390782117844,0,4.495585713654393,40549583872,95347015680,5.571396837256635e-07
llama2_7b_4k,common,galvatron,llama2_7b_4k/galvatron/common,0,6,55.694770387373865,10.52163641154766,0,4.555413582509808,40551681536,95347015680,4.1638583110227627e-07
llama2_7b_4k,common,galvatron,llama2_7b_4k/galvatron/common,0,7,55.73342310450971,10.523951441049576,0,4.508557976974266,40553779200,95347015680,2.889743906929609e-07
llama2_7b_4k,common,galvatron,llama2_7b_4k/galvatron/common,0,8,55.73977136798203,10.520441368222237,0,4.591924810797492,40555876864,95347015680,1.876283841110236e-07
llama2_7b_4k,common,galvatron,llama2_7b_4k/galvatron/common,0,9,55.730976205319166,10.508967027068138,0,4.612420165655542,40557974528,95347015680,1.224679970165746e-07
llama2_7b_4k,common,galvatron,llama2_7b_4k/galvatron/common,0,10,55.72069277521223,10.51631835103035,0,4.586888385300442,40560072192,95347015680,1e-07
llama2_7b_4k,common,galvatron,llama2_7b_4k/galvatron/common,1,1,64.17944978550076,10.56941245496273,0,4.390995973818451,40541193216,91014299648,9.817718381265238e-07
llama2_7b_4k,common,galvatron,llama2_7b_4k/galvatron/common,1,2,55.68830426223576,10.565837875008583,0,4.44118658242228,40543290880,95214895104,9.206544616434248e-07
llama2_7b_4k,common,galvatron,llama2_7b_4k/galvatron/common,1,3,55.69984799064696,10.554267555475235,0,4.38169457632883,40545388544,95347015680,8.225243592119499e-07
llama2_7b_4k,common,galvatron,llama2_7b_4k/galvatron/common,1,4,55.68807618878782,10.547989293932915,0,4.490803540210546,40547486208,95347015680,6.971805834928398e-07
llama2_7b_4k,common,galvatron,llama2_7b_4k/galvatron/common,1,5,55.700022022239864,10.529390782117844,0,4.495585713654393,40549583872,95347015680,5.571396837256635e-07
llama2_7b_4k,common,galvatron,llama2_7b_4k/galvatron/common,1,6,55.693122887052596,10.52163641154766,0,4.555413582509808,40551681536,95347015680,4.1638583110227627e-07
llama2_7b_4k,common,galvatron,llama2_7b_4k/galvatron/common,1,7,55.73189351987094,10.523951441049576,0,4.508557976974266,40553779200,95347015680,2.889743906929609e-07
llama2_7b_4k,common,galvatron,llama2_7b_4k/galvatron/common,1,8,55.738264959305525,10.520441368222237,0,4.591924810797492,40555876864,95347015680,1.876283841110236e-07
llama2_7b_4k,common,galvatron,llama2_7b_4k/galvatron/common,1,9,55.729417683556676,10.508967027068138,0,4.612420165655542,40557974528,95347015680,1.224679970165746e-07
llama2_7b_4k,common,galvatron,llama2_7b_4k/galvatron/common,1,10,55.71917971316725,10.51631835103035,0,4.586888385300442,40560072192,95347015680,1e-07
llama2_7b_4k,common,galvatron,llama2_7b_4k/galvatron/common,2,1,64.1799738239497,10.56941245496273,0,4.390995973818451,40541193216,91014299648,9.817718381265238e-07
llama2_7b_4k,common,galvatron,llama2_7b_4k/galvatron/common,2,2,55.68833759613335,10.565837875008583,0,4.44118658242228,40543290880,95418318848,9.206544616434248e-07
llama2_7b_4k,common,galvatron,llama2_7b_4k/galvatron/common,2,3,55.699629166163504,10.554267555475235,0,4.38169457632883,40545388544,95418318848,8.225243592119499e-07
llama2_7b_4k,common,galvatron,llama2_7b_4k/galvatron/common,2,4,55.68798902258277,10.547989293932915,0,4.490803540210546,40547486208,95418318848,6.971805834928398e-07
llama2_7b_4k,common,galvatron,llama2_7b_4k/galvatron/common,2,5,55.69995382986963,10.529390782117844,0,4.495585713654393,40549583872,95418318848,5.571396837256635e-07
llama2_7b_4k,common,galvatron,llama2_7b_4k/galvatron/common,2,6,55.69310462940484,10.52163641154766,0,4.555413582509808,40551681536,95418318848,4.1638583110227627e-07
llama2_7b_4k,common,galvatron,llama2_7b_4k/galvatron/common,2,7,55.73172799311578,10.523951441049576,0,4.508557976974266,40553779200,95418318848,2.889743906929609e-07
llama2_7b_4k,common,galvatron,llama2_7b_4k/galvatron/common,2,8,55.73821758851409,10.520441368222237,0,4.591924810797492,40555876864,95418318848,1.876283841110236e-07
llama2_7b_4k,common,galvatron,llama2_7b_4k/galvatron/common,2,9,55.72933838889003,10.508967027068138,0,4.612420165655542,40557974528,95418318848,1.224679970165746e-07
llama2_7b_4k,common,galvatron,llama2_7b_4k/galvatron/common,2,10,55.71908965986222,10.51631835103035,0,4.586888385300442,40560072192,95418318848,1e-07
llama2_7b_4k,common,galvatron,llama2_7b_4k/galvatron/common,3,1,64.17548636253923,10.56941245496273,0,4.390995973818451,40541193216,91014299648,9.817718381265238e-07
llama2_7b_4k,common,galvatron,llama2_7b_4k/galvatron/common,3,2,55.68844091333449,10.565837875008583,0,4.44118658242228,40543290880,95418318848,9.206544616434248e-07
llama2_7b_4k,common,galvatron,llama2_7b_4k/galvatron/common,3,3,55.69978765305132,10.554267555475235,0,4.38169457632883,40545388544,95418318848,8.225243592119499e-07
llama2_7b_4k,common,galvatron,llama2_7b_4k/galvatron/common,3,4,55.68813279084861,10.547989293932915,0,4.490803540210546,40547486208,95418318848,6.971805834928398e-07
llama2_7b_4k,common,galvatron,llama2_7b_4k/galvatron/common,3,5,55.70003744773567,10.529390782117844,0,4.495585713654393,40549583872,95418318848,5.571396837256635e-07
llama2_7b_4k,common,galvatron,llama2_7b_4k/galvatron/common,3,6,55.693221256136894,10.52163641154766,0,4.555413582509808,40551681536,95418318848,4.1638583110227627e-07
llama2_7b_4k,common,galvatron,llama2_7b_4k/galvatron/common,3,7,55.731948713772,10.523951441049576,0,4.508557976974266,40553779200,95418318848,2.889743906929609e-07
llama2_7b_4k,common,galvatron,llama2_7b_4k/galvatron/common,3,8,55.738323834724724,10.520441368222237,0,4.591924810797492,40555876864,95418318848,1.876283841110236e-07
llama2_7b_4k,common,galvatron,llama2_7b_4k/galvatron/common,3,9,55.72958838287741,10.508967027068138,0,4.612420165655542,40557974528,95418318848,1.224679970165746e-07
llama2_7b_4k,common,galvatron,llama2_7b_4k/galvatron/common,3,10,55.71925950143486,10.51631835103035,0,4.586888385300442,40560072192,95418318848,1e-07
llama2_7b_4k,common,galvatron,llama2_7b_4k/galvatron/common,4,1,64.17985790222883,10.56941245496273,0,4.390995973818451,40541193216,91014299648,9.817718381265238e-07
llama2_7b_4k,common,galvatron,llama2_7b_4k/galvatron/common,4,2,55.68809588160366,10.565837875008583,0,4.44118658242228,40543290880,95418318848,9.206544616434248e-07
llama2_7b_4k,common,galvatron,llama2_7b_4k/galvatron/common,4,3,55.6995769161731,10.554267555475235,0,4.38169457632883,40545388544,95418318848,8.225243592119499e-07
llama2_7b_4k,common,galvatron,llama2_7b_4k/galvatron/common,4,4,55.687871403992176,10.547989293932915,0,4.490803540210546,40547486208,95418318848,6.971805834928398e-07
llama2_7b_4k,common,galvatron,llama2_7b_4k/galvatron/common,4,5,55.69980060402304,10.529390782117844,0,4.495585713654393,40549583872,95418318848,5.571396837256635e-07
llama2_7b_4k,common,galvatron,llama2_7b_4k/galvatron/common,4,6,55.69295287039131,10.52163641154766,0,4.555413582509808,40551681536,95418318848,4.1638583110227627e-07
llama2_7b_4k,common,galvatron,llama2_7b_4k/galvatron/common,4,7,55.73161732312292,10.523951441049576,0,4.508557976974266,40553779200,95418318848,2.889743906929609e-07
llama2_7b_4k,common,galvatron,llama2_7b_4k/galvatron/common,4,8,55.73804712295532,10.520441368222237,0,4.591924810797492,40555876864,95418318848,1.876283841110236e-07
llama2_7b_4k,common,galvatron,llama2_7b_4k/galvatron/common,4,9,55.72923847474158,10.508967027068138,0,4.612420165655542,40557974528,95418318848,1.224679970165746e-07
llama2_7b_4k,common,galvatron,llama2_7b_4k/galvatron/common,4,10,55.71902008727193,10.51631835103035,0,4.586888385300442,40560072192,95418318848,1e-07
llama2_7b_4k,common,galvatron,llama2_7b_4k/galvatron/common,5,1,64.18060919363052,10.56941245496273,0,4.390995973818451,40541193216,91014299648,9.817718381265238e-07
llama2_7b_4k,common,galvatron,llama2_7b_4k/galvatron/common,5,2,55.68824139237404,10.565837875008583,0,4.44118658242228,40543290880,95418318848,9.206544616434248e-07
llama2_7b_4k,common,galvatron,llama2_7b_4k/galvatron/common,5,3,55.69959507882595,10.554267555475235,0,4.38169457632883,40545388544,95418318848,8.225243592119499e-07
llama2_7b_4k,common,galvatron,llama2_7b_4k/galvatron/common,5,4,55.68791543971747,10.547989293932915,0,4.490803540210546,40547486208,95418318848,6.971805834928398e-07
llama2_7b_4k,common,galvatron,llama2_7b_4k/galvatron/common,5,5,55.69979003071785,10.529390782117844,0,4.495585713654393,40549583872,95418318848,5.571396837256635e-07
llama2_7b_4k,common,galvatron,llama2_7b_4k/galvatron/common,5,6,55.69305683579296,10.52163641154766,0,4.555413582509808,40551681536,95418318848,4.1638583110227627e-07
llama2_7b_4k,common,galvatron,llama2_7b_4k/galvatron/common,5,7,55.73169262800366,10.523951441049576,0,4.508557976974266,40553779200,95418318848,2.889743906929609e-07
llama2_7b_4k,common,galvatron,llama2_7b_4k/galvatron/common,5,8,55.738037220202386,10.520441368222237,0,4.591924810797492,40555876864,95418318848,1.876283841110236e-07
llama2_7b_4k,common,galvatron,llama2_7b_4k/galvatron/common,5,9,55.72928130906075,10.508967027068138,0,4.612420165655542,40557974528,95418318848,1.224679970165746e-07
llama2_7b_4k,common,galvatron,llama2_7b_4k/galvatron/common,5,10,55.71899237949401,10.51631835103035,0,4.586888385300442,40560072192,95418318848,1e-07
llama2_7b_4k,common,galvatron,llama2_7b_4k/galvatron/common,6,1,64.1775904847309,10.56941245496273,0,4.390995973818451,40541193216,91014299648,9.817718381265238e-07
llama2_7b_4k,common,galvatron,llama2_7b_4k/galvatron/common,6,2,55.68824573699385,10.565837875008583,0,4.44118658242228,40543290880,95418318848,9.206544616434248e-07
llama2_7b_4k,common,galvatron,llama2_7b_4k/galvatron/common,6,3,55.69960783608258,10.554267555475235,0,4.38169457632883,40545388544,95418318848,8.225243592119499e-07
llama2_7b_4k,common,galvatron,llama2_7b_4k/galvatron/common,6,4,55.68793897423893,10.547989293932915,0,4.490803540210546,40547486208,95418318848,6.971805834928398e-07
llama2_7b_4k,common,galvatron,llama2_7b_4k/galvatron/common,6,5,55.69986675307155,10.529390782117844,0,4.495585713654393,40549583872,95418318848,5.571396837256635e-07
llama2_7b_4k,common,galvatron,llama2_7b_4k/galvatron/common,6,6,55.693030655384064,10.52163641154766,0,4.555413582509808,40551681536,95418318848,4.1638583110227627e-07
llama2_7b_4k,common,galvatron,llama2_7b_4k/galvatron/common,6,7,55.73168428428471,10.523951441049576,0,4.508557976974266,40553779200,95418318848,2.889743906929609e-07
llama2_7b_4k,common,galvatron,llama2_7b_4k/galvatron/common,6,8,55.73813028819859,10.520441368222237,0,4.591924810797492,40555876864,95418318848,1.876283841110236e-07
llama2_7b_4k,common,galvatron,llama2_7b_4k/galvatron/common,6,9,55.72936699446291,10.508967027068138,0,4.612420165655542,40557974528,95418318848,1.224679970165746e-07
llama2_7b_4k,common,galvatron,llama2_7b_4k/galvatron/common,6,10,55.71911542583257,10.51631835103035,0,4.586888385300442,40560072192,95418318848,1e-07
llama2_7b_4k,common,galvatron,llama2_7b_4k/galvatron/common,7,1,64.18067970778793,10.56941245496273,0,4.390995973818451,40541193216,91014299648,9.817718381265238e-07
llama2_7b_4k,common,galvatron,llama2_7b_4k/galvatron/common,7,2,55.6885221619159,10.565837875008583,0,4.44118658242228,40543290880,95418318848,9.206544616434248e-07
llama2_7b_4k,common,galvatron,llama2_7b_4k/galvatron/common,7,3,55.69993372168392,10.554267555475235,0,4.38169457632883,40545388544,95418318848,8.225243592119499e-07
llama2_7b_4k,common,galvatron,llama2_7b_4k/galvatron/common,7,4,55.68821591883898,10.547989293932915,0,4.490803540210546,40547486208,95418318848,6.971805834928398e-07
llama2_7b_4k,common,galvatron,llama2_7b_4k/galvatron/common,7,5,55.70016656443477,10.529390782117844,0,4.495585713654393,40549583872,95418318848,5.571396837256635e-07
llama2_7b_4k,common,galvatron,llama2_7b_4k/galvatron/common,7,6,55.693329949863255,10.52163641154766,0,4.555413582509808,40551681536,95418318848,4.1638583110227627e-07
llama2_7b_4k,common,galvatron,llama2_7b_4k/galvatron/common,7,7,55.732048262842,10.523951441049576,0,4.508557976974266,40553779200,95418318848,2.889743906929609e-07
llama2_7b_4k,common,galvatron,llama2_7b_4k/galvatron/common,7,8,55.73842511884868,10.520441368222237,0,4.591924810797492,40555876864,95418318848,1.876283841110236e-07
llama2_7b_4k,common,galvatron,llama2_7b_4k/galvatron/common,7,9,55.729633586481214,10.508967027068138,0,4.612420165655542,40557974528,95418318848,1.224679970165746e-07
llama2_7b_4k,common,galvatron,llama2_7b_4k/galvatron/common,7,10,55.71935741323978,10.51631835103035,0,4.586888385300442,40560072192,95418318848,1e-07
llama2_7b_4k,full,devastator,llama2_7b_4k/devastator/full,0,1,57.75011256709695,10.575159072875977,0,2.2710161209106445,26941289472,72079114240,
llama2_7b_4k,full,devastator,llama2_7b_4k/devastator/full,0,2,47.11452353093773,10.579854965209961,0,2.2775700092315674,26941290496,78922121216,
llama2_7b_4k,full,devastator,llama2_7b_4k/devastator/full,0,3,47.1062863972038,10.56863021850586,0,2.2460079193115234,26941290496,78922121216,
llama2_7b_4k,full,devastator,llama2_7b_4k/devastator/full,0,4,47.10789910424501,10.564672470092773,0,2.3571102619171143,26941290496,78922121216,
llama2_7b_4k,full,devastator,llama2_7b_4k/devastator/full,0,5,47.103216767311096,10.55998420715332,0,2.3422367572784424,26941290496,78922121216,
llama2_7b_4k,full,devastator,llama2_7b_4k/devastator/full,0,6,47.101462979801,10.557442665100098,0,2.3750457763671875,26941290496,78922121216,
llama2_7b_4k,full,devastator,llama2_7b_4k/devastator/full,0,7,47.102429560385644,10.524335861206055,0,2.350174903869629,26941290496,78922121216,
llama2_7b_4k,full,devastator,llama2_7b_4k/devastator/full,0,8,47.10169888660312,10.523981094360352,0,2.3848774433135986,26941290496,78922121216,
llama2_7b_4k,full,devastator,llama2_7b_4k/devastator/full,0,9,47.10398463252932,10.517532348632812,0,2.3731491565704346,26941290496,78922121216,
llama2_7b_4k,full,devastator,llama2_7b_4k/devastator/full,0,10,47.10291976854205,10.52165412902832,0,2.39457368850708,26941290496,78922121216,
llama2_7b_4k,full,devastator,llama2_7b_4k/devastator/full,1,1,57.75016569532454,10.575159072875977,0,2.2710161209106445,26941289472,72079114240,
llama2_7b_4k,full,devastator,llama2_7b_4k/devastator/full,1,2,47.11459658667445,10.579854965209961,0,2.2775700092315674,26941290496,78922121216,
llama2_7b_4k,full,devastator,llama2_7b_4k/devastator/full,1,3,47.10629062727094,10.56863021850586,0,2.2460079193115234,26941290496,78922121216,
llama2_7b_4k,full,devastator,llama2_7b_4k/devastator/full,1,4,47.10809507686645,10.564672470092773,0,2.3571102619171143,26941290496,78922121216,
llama2_7b_4k,full,devastator,llama2_7b_4k/devastator/full,1,5,47.103348792530596,10.55998420715332,0,2.3422367572784424,26941290496,78922121216,
llama2_7b_4k,full,devastator,llama2_7b_4k/devastator/full,1,6,47.10151282232255,10.557442665100098,0,2.3750457763671875,26941290496,78922121216,
llama2_7b_4k,full,devastator,llama2_7b_4k/devastator/full,1,7,47.10245605651289,10.524335861206055,0,2.350174903869629,26941290496,78922121216,
llama2_7b_4k,full,devastator,llama2_7b_4k/devastator/full,1,8,47.10184836667031,10.523981094360352,0,2.3848774433135986,26941290496,78922121216,
llama2_7b_4k,full,devastator,llama2_7b_4k/devastator/full,1,9,47.10417876020074,10.517532348632812,0,2.3731491565704346,26941290496,78922121216,
llama2_7b_4k,full,devastator,llama2_7b_4k/devastator/full,1,10,47.10289340745658,10.52165412902832,0,2.39457368850708,26941290496,78922121216,
llama2_7b_4k,full,devastator,llama2_7b_4k/devastator/full,2,1,57.749738197773695,10.575159072875977,0,2.2710161209106445,26938205184,72064434176,
llama2_7b_4k,full,devastator,llama2_7b_4k/devastator/full,2,2,47.11474800854921,10.579854965209961,0,2.2775700092315674,26938206208,78827749376,
llama2_7b_4k,full,devastator,llama2_7b_4k/devastator/full,2,3,47.106231794692576,10.56863021850586,0,2.2460079193115234,26938206208,78827749376,
llama2_7b_4k,full,devastator,llama2_7b_4k/devastator/full,2,4,47.10790967196226,10.564672470092773,0,2.3571102619171143,26938206208,78827749376,
llama2_7b_4k,full,devastator,llama2_7b_4k/devastator/full,2,5,47.10320166219026,10.55998420715332,0,2.3422367572784424,26938206208,78827749376,
llama2_7b_4k,full,devastator,llama2_7b_4k/devastator/full,2,6,47.10146923735738,10.557442665100098,0,2.3750457763671875,26938206208,78827749376,
llama2_7b_4k,full,devastator,llama2_7b_4k/devastator/full,2,7,47.10239106789231,10.524335861206055,0,2.350174903869629,26938206208,78827749376,
llama2_7b_4k,full,devastator,llama2_7b_4k/devastator/full,2,8,47.10169635806233,10.523981094360352,0,2.3848774433135986,26938206208,78827749376,
llama2_7b_4k,full,devastator,llama2_7b_4k/devastator/full,2,9,47.10392232146114,10.517532348632812,0,2.3731491565704346,26938206208,78827749376,
llama2_7b_4k,full,devastator,llama2_7b_4k/devastator/full,2,10,47.10272585693747,10.52165412902832,0,2.39457368850708,26938206208,78827749376,
llama2_7b_4k,full,devastator,llama2_7b_4k/devastator/full,3,1,57.74978986848146,10.575159072875977,0,2.2710161209106445,26938205184,72064434176,
llama2_7b_4k,full,devastator,llama2_7b_4k/devastator/full,3,2,47.114620256237686,10.579854965209961,0,2.2775700092315674,26938206208,78827749376,
llama2_7b_4k,full,devastator,llama2_7b_4k/devastator/full,3,3,47.106212202459574,10.56863021850586,0,2.2460079193115234,26938206208,78827749376,
llama2_7b_4k,full,devastator,llama2_7b_4k/devastator/full,3,4,47.10787235107273,10.564672470092773,0,2.3571102619171143,26938206208,78827749376,
llama2_7b_4k,full,devastator,llama2_7b_4k/devastator/full,3,5,47.10324390232563,10.55998420715332,0,2.3422367572784424,26938206208,78827749376,
llama2_7b_4k,full,devastator,llama2_7b_4k/devastator/full,3,6,47.101414458826184,10.557442665100098,0,2.3750457763671875,26938206208,78827749376,
llama2_7b_4k,full,devastator,llama2_7b_4k/devastator/full,3,7,47.10247711278498,10.524335861206055,0,2.350174903869629,26938206208,78827749376,
llama2_7b_4k,full,devastator,llama2_7b_4k/devastator/full,3,8,47.10170478373766,10.523981094360352,0,2.3848774433135986,26938206208,78827749376,
llama2_7b_4k,full,devastator,llama2_7b_4k/devastator/full,3,9,47.10396353341639,10.517532348632812,0,2.3731491565704346,26938206208,78827749376,
llama2_7b_4k,full,devastator,llama2_7b_4k/devastator/full,3,10,47.10270552523434,10.52165412902832,0,2.39457368850708,26938206208,78827749376,
llama2_7b_4k,full,devastator,llama2_7b_4k/devastator/full,4,1,57.74977458268404,10.575159072875977,0,2.2710161209106445,26938205184,71997325312,
llama2_7b_4k,full,devastator,llama2_7b_4k/devastator/full,4,2,47.11464815028012,10.579854965209961,0,2.2775700092315674,26938206208,78760640512,
llama2_7b_4k,full,devastator,llama2_7b_4k/devastator/full,4,3,47.10624078847468,10.56863021850586,0,2.2460079193115234,26938206208,78760640512,
llama2_7b_4k,full,devastator,llama2_7b_4k/devastator/full,4,4,47.10809757281095,10.564672470092773,0,2.3571102619171143,26938206208,78760640512,
llama2_7b_4k,full,devastator,llama2_7b_4k/devastator/full,4,5,47.10334848705679,10.55998420715332,0,2.3422367572784424,26938206208,78760640512,
llama2_7b_4k,full,devastator,llama2_7b_4k/devastator/full,4,6,47.10148722678423,10.557442665100098,0,2.3750457763671875,26938206208,78760640512,
llama2_7b_4k,full,devastator,llama2_7b_4k/devastator/full,4,7,47.10236851591617,10.524335861206055,0,2.350174903869629,26938206208,78760640512,
llama2_7b_4k,full,devastator,llama2_7b_4k/devastator/full,4,8,47.10170585196465,10.523981094360352,0,2.3848774433135986,26938206208,78760640512,
llama2_7b_4k,full,devastator,llama2_7b_4k/devastator/full,4,9,47.103977157734334,10.517532348632812,0,2.3731491565704346,26938206208,78760640512,
llama2_7b_4k,full,devastator,llama2_7b_4k/devastator/full,4,10,47.10278125666082,10.52165412902832,0,2.39457368850708,26938206208,78760640512,
llama2_7b_4k,full,devastator,llama2_7b_4k/devastator/full,5,1,57.74989584181458,10.575159072875977,0,2.2710161209106445,26938205184,71997325312,
llama2_7b_4k,full,devastator,llama2_7b_4k/devastator/full,5,2,47.11462313029915,10.579854965209961,0,2.2775700092315674,26938206208,78760640512,
llama2_7b_4k,full,devastator,llama2_7b_4k/devastator/full,5,3,47.10628935880959,10.56863021850586,0,2.2460079193115234,26938206208,78760640512,
llama2_7b_4k,full,devastator,llama2_7b_4k/devastator/full,5,4,47.10809348523617,10.564672470092773,0,2.3571102619171143,26938206208,78760640512,
llama2_7b_4k,full,devastator,llama2_7b_4k/devastator/full,5,5,47.103306870907545,10.55998420715332,0,2.3422367572784424,26938206208,78760640512,
llama2_7b_4k,full,devastator,llama2_7b_4k/devastator/full,5,6,47.10151688288897,10.557442665100098,0,2.3750457763671875,26938206208,78760640512,
llama2_7b_4k,full,devastator,llama2_7b_4k/devastator/full,5,7,47.10252690222114,10.524335861206055,0,2.350174903869629,26938206208,78760640512,
llama2_7b_4k,full,devastator,llama2_7b_4k/devastator/full,5,8,47.10189539939165,10.523981094360352,0,2.3848774433135986,26938206208,78760640512,
llama2_7b_4k,full,devastator,llama2_7b_4k/devastator/full,5,9,47.10416094399989,10.517532348632812,0,2.3731491565704346,26938206208,78760640512,
llama2_7b_4k,full,devastator,llama2_7b_4k/devastator/full,5,10,47.10275685135275,10.52165412902832,0,2.39457368850708,26938206208,78760640512,
llama2_7b_4k,full,devastator,llama2_7b_4k/devastator/full,6,1,57.74977689329535,10.575159072875977,0,2.2710161209106445,26939249664,72085405696,
llama2_7b_4k,full,devastator,llama2_7b_4k/devastator/full,6,2,47.11458638124168,10.579854965209961,0,2.2775700092315674,26939250688,78928412672,
llama2_7b_4k,full,devastator,llama2_7b_4k/devastator/full,6,3,47.10626798681915,10.56863021850586,0,2.2460079193115234,26939250688,78928412672,
llama2_7b_4k,full,devastator,llama2_7b_4k/devastator/full,6,4,47.107876795344055,10.564672470092773,0,2.3571102619171143,26939250688,78928412672,
llama2_7b_4k,full,devastator,llama2_7b_4k/devastator/full,6,5,47.10321872681379,10.55998420715332,0,2.3422367572784424,26939250688,78928412672,
llama2_7b_4k,full,devastator,llama2_7b_4k/devastator/full,6,6,47.10141350608319,10.557442665100098,0,2.3750457763671875,26939250688,78928412672,
llama2_7b_4k,full,devastator,llama2_7b_4k/devastator/full,6,7,47.10243086144328,10.524335861206055,0,2.350174903869629,26939250688,78928412672,
llama2_7b_4k,full,devastator,llama2_7b_4k/devastator/full,6,8,47.10169150587171,10.523981094360352,0,2.3848774433135986,26939250688,78928412672,
llama2_7b_4k,full,devastator,llama2_7b_4k/devastator/full,6,9,47.10402427054942,10.517532348632812,0,2.3731491565704346,26939250688,78928412672,
llama2_7b_4k,full,devastator,llama2_7b_4k/devastator/full,6,10,47.102831583470106,10.52165412902832,0,2.39457368850708,26939250688,78928412672,
llama2_7b_4k,full,devastator,llama2_7b_4k/devastator/full,7,1,57.74990495480597,10.575159072875977,0,2.2710161209106445,26939249664,72085405696,
llama2_7b_4k,full,devastator,llama2_7b_4k/devastator/full,7,2,47.11471148673445,10.579854965209961,0,2.2775700092315674,26939250688,78928412672,
llama2_7b_4k,full,devastator,llama2_7b_4k/devastator/full,7,3,47.10623296815902,10.56863021850586,0,2.2460079193115234,26939250688,78928412672,
llama2_7b_4k,full,devastator,llama2_7b_4k/devastator/full,7,4,47.107863885350525,10.564672470092773,0,2.3571102619171143,26939250688,78928412672,
llama2_7b_4k,full,devastator,llama2_7b_4k/devastator/full,7,5,47.103216650895774,10.55998420715332,0,2.3422367572784424,26939250688,78928412672,
llama2_7b_4k,full,devastator,llama2_7b_4k/devastator/full,7,6,47.101442471146584,10.557442665100098,0,2.3750457763671875,26939250688,78928412672,
llama2_7b_4k,full,devastator,llama2_7b_4k/devastator/full,7,7,47.1023814920336,10.524335861206055,0,2.350174903869629,26939250688,78928412672,
llama2_7b_4k,full,devastator,llama2_7b_4k/devastator/full,7,8,47.10169427283108,10.523981094360352,0,2.3848774433135986,26939250688,78928412672,
llama2_7b_4k,full,devastator,llama2_7b_4k/devastator/full,7,9,47.104042019695044,10.517532348632812,0,2.3731491565704346,26939250688,78928412672,
llama2_7b_4k,full,devastator,llama2_7b_4k/devastator/full,7,10,47.102817779406905,10.52165412902832,0,2.39457368850708,26939250688,78928412672,
llama2_7b_4k,full,galvatron,llama2_7b_4k/galvatron/full,0,1,64.80828518047929,10.614849269390106,0,3.740604965933911,12305017856,73494691840,9.817718381265238e-07
llama2_7b_4k,full,galvatron,llama2_7b_4k/galvatron/full,0,2,52.967005857266486,10.617530405521393,0,3.7650705776210587,12307115520,86278930432,9.206544616434248e-07
llama2_7b_4k,full,galvatron,llama2_7b_4k/galvatron/full,0,3,52.95256370212883,10.546318292617798,0,3.714702294641844,12309213184,86278930432,8.225243592119499e-07
llama2_7b_4k,full,galvatron,llama2_7b_4k/galvatron/full,0,4,52.9564991472289,10.479414522647858,0,3.8636083204098264,12311310848,86278930432,6.971805834928398e-07
llama2_7b_4k,full,galvatron,llama2_7b_4k/galvatron/full,0,5,52.947728897444904,10.419082522392273,0,3.9165065543271966,12313408512,86278930432,5.571396837256635e-07
llama2_7b_4k,full,galvatron,llama2_7b_4k/galvatron/full,0,6,53.4459950979799,10.36563378572464,0,4.077280008169006,12315506176,86278930432,4.1638583110227627e-07
llama2_7b_4k,full,galvatron,llama2_7b_4k/galvatron/full,0,7,52.96176207438111,10.327040255069733,0,4.10489122736832,12317603840,86278930432,2.889743906929609e-07
llama2_7b_4k,full,galvatron,llama2_7b_4k/galvatron/full,0,8,52.94295949861407,10.295890271663666,0,4.203217572749142,12319701504,86278930432,1.876283841110236e-07
llama2_7b_4k,full,galvatron,llama2_7b_4k/galvatron/full,0,9,52.986404007300735,10.276559054851532,0,4.235894750409629,12321799168,86278930432,1.224679970165746e-07
llama2_7b_4k,full,galvatron,llama2_7b_4k/galvatron/full,0,10,52.9749087234959,10.260478556156158,0,4.289548974859111,12323896832,86278930432,1e-07
llama2_7b_4k,full,galvatron,llama2_7b_4k/galvatron/full,1,1,64.8061940073967,10.614849269390106,0,3.740604965933911,12305017856,73494691840,9.817718381265238e-07
llama2_7b_4k,full,galvatron,llama2_7b_4k/galvatron/full,1,2,52.967193578369915,10.617530405521393,0,3.7650705776210587,12307115520,86436216832,9.206544616434248e-07
llama2_7b_4k,full,galvatron,llama2_7b_4k/galvatron/full,1,3,52.95261297374964,10.546318292617798,0,3.714702294641844,12309213184,86843064320,8.225243592119499e-07
llama2_7b_4k,full,galvatron,llama2_7b_4k/galvatron/full,1,4,52.95655211620033,10.479414522647858,0,3.8636083204098264,12311310848,86843064320,6.971805834928398e-07
llama2_7b_4k,full,galvatron,llama2_7b_4k/galvatron/full,1,5,52.94780009612441,10.419082522392273,0,3.9165065543271966,12313408512,86843064320,5.571396837256635e-07
llama2_7b_4k,full,galvatron,llama2_7b_4k/galvatron/full,1,6,53.44602208118886,10.36563378572464,0,4.077280008169006,12315506176,86843064320,4.1638583110227627e-07
llama2_7b_4k,full,galvatron,llama2_7b_4k/galvatron/full,1,7,52.96178142912686,10.327040255069733,0,4.10489122736832,12317603840,86843064320,2.889743906929609e-07
llama2_7b_4k,full,galvatron,llama2_7b_4k/galvatron/full,1,8,52.94300450384617,10.295890271663666,0,4.203217572749142,12319701504,86843064320,1.876283841110236e-07
llama2_7b_4k,full,galvatron,llama2_7b_4k/galvatron/full,1,9,52.98642380814999,10.276559054851532,0,4.235894750409629,12321799168,86843064320,1.224679970165746e-07
llama2_7b_4k,full,galvatron,llama2_7b_4k/galvatron/full,1,10,52.97496119979769,10.260478556156158,0,4.289548974859111,12323896832,86843064320,1e-07
llama2_7b_4k,full,galvatron,llama2_7b_4k/galvatron/full,2,1,64.79700932931155,10.614849269390106,0,3.740604965933911,12305017856,73494691840,9.817718381265238e-07
llama2_7b_4k,full,galvatron,llama2_7b_4k/galvatron/full,2,2,52.966929292306304,10.617530405521393,0,3.7650705776210587,12307115520,86436216832,9.206544616434248e-07
llama2_7b_4k,full,galvatron,llama2_7b_4k/galvatron/full,2,3,52.95241181924939,10.546318292617798,0,3.714702294641844,12309213184,86843064320,8.225243592119499e-07
llama2_7b_4k,full,galvatron,llama2_7b_4k/galvatron/full,2,4,52.9563293363899,10.479414522647858,0,3.8636083204098264,12311310848,86843064320,6.971805834928398e-07
llama2_7b_4k,full,galvatron,llama2_7b_4k/galvatron/full,2,5,52.947581177577376,10.419082522392273,0,3.9165065543271966,12313408512,86843064320,5.571396837256635e-07
llama2_7b_4k,full,galvatron,llama2_7b_4k/galvatron/full,2,6,53.445853712037206,10.36563378572464,0,4.077280008169006,12315506176,86843064320,4.1638583110227627e-07
llama2_7b_4k,full,galvatron,llama2_7b_4k/galvatron/full,2,7,52.96159266587347,10.327040255069733,0,4.10489122736832,12317603840,86843064320,2.889743906929609e-07
llama2_7b_4k,full,galvatron,llama2_7b_4k/galvatron/full,2,8,52.94280961994082,10.295890271663666,0,4.203217572749142,12319701504,86843064320,1.876283841110236e-07
llama2_7b_4k,full,galvatron,llama2_7b_4k/galvatron/full,2,9,52.98626073729247,10.276559054851532,0,4.235894750409629,12321799168,86843064320,1.224679970165746e-07
llama2_7b_4k,full,galvatron,llama2_7b_4k/galvatron/full,2,10,52.97477904520929,10.260478556156158,0,4.289548974859111,12323896832,86843064320,1e-07
llama2_7b_4k,full,galvatron,llama2_7b_4k/galvatron/full,3,1,64.79598427191377,10.614849269390106,0,3.740604965933911,12305017856,73494691840,9.817718381265238e-07
llama2_7b_4k,full,galvatron,llama2_7b_4k/galvatron/full,3,2,52.96630164794624,10.617530405521393,0,3.7650705776210587,12307115520,86436216832,9.206544616434248e-07
llama2_7b_4k,full,galvatron,llama2_7b_4k/galvatron/full,3,3,52.95181582402438,10.546318292617798,0,3.714702294641844,12309213184,86843064320,8.225243592119499e-07
llama2_7b_4k,full,galvatron,llama2_7b_4k/galvatron/full,3,4,52.955791435204446,10.479414522647858,0,3.8636083204098264,12311310848,86843064320,6.971805834928398e-07
llama2_7b_4k,full,galvatron,llama2_7b_4k/galvatron/full,3,5,52.94702714122832,10.419082522392273,0,3.9165065543271966,12313408512,86843064320,5.571396837256635e-07
llama2_7b_4k,full,galvatron,llama2_7b_4k/galvatron/full,3,6,53.445283581502736,10.36563378572464,0,4.077280008169006,12315506176,86843064320,4.1638583110227627e-07
llama2_7b_4k,full,galvatron,llama2_7b_4k/galvatron/full,3,7,52.96107523050159,10.327040255069733,0,4.10489122736832,12317603840,86843064320,2.889743906929609e-07
llama2_7b_4k,full,galvatron,llama2_7b_4k/galvatron/full,3,8,52.94232421461493,10.295890271663666,0,4.203217572749142,12319701504,86843064320,1.876283841110236e-07
llama2_7b_4k,full,galvatron,llama2_7b_4k/galvatron/full,3,9,52.98574151284993,10.276559054851532,0,4.235894750409629,12321799168,86843064320,1.224679970165746e-07
llama2_7b_4k,full,galvatron,llama2_7b_4k/galvatron/full,3,10,52.974273927509785,10.260478556156158,0,4.289548974859111,12323896832,86843064320,1e-07
llama2_7b_4k,full,galvatron,llama2_7b_4k/galvatron/full,4,1,64.79577676113695,10.614849269390106,0,3.740604965933911,12305017856,73494691840,9.817718381265238e-07
llama2_7b_4k,full,galvatron,llama2_7b_4k/galvatron/full,4,2,52.966236676089466,10.617530405521393,0,3.7650705776210587,12307115520,86383788032,9.206544616434248e-07
llama2_7b_4k,full,galvatron,llama2_7b_4k/galvatron/full,4,3,52.95183556806296,10.546318292617798,0,3.714702294641844,12309213184,86790635520,8.225243592119499e-07
llama2_7b_4k,full,galvatron,llama2_7b_4k/galvatron/full,4,4,52.95580041129142,10.479414522647858,0,3.8636083204098264,12311310848,86790635520,6.971805834928398e-07
llama2_7b_4k,full,galvatron,llama2_7b_4k/galvatron/full,4,5,52.947070999071,10.419082522392273,0,3.9165065543271966,12313408512,86790635520,5.571396837256635e-07
llama2_7b_4k,full,galvatron,llama2_7b_4k/galvatron/full,4,6,53.445305889472365,10.36563378572464,0,4.077280008169006,12315506176,86790635520,4.1638583110227627e-07
llama2_7b_4k,full,galvatron,llama2_7b_4k/galvatron/full,4,7,52.96108445711434,10.327040255069733,0,4.10489122736832,12317603840,86790635520,2.889743906929609e-07
llama2_7b_4k,full,galvatron,llama2_7b_4k/galvatron/full,4,8,52.94224316999316,10.295890271663666,0,4.203217572749142,12319701504,86790635520,1.876283841110236e-07
llama2_7b_4k,full,galvatron,llama2_7b_4k/galvatron/full,4,9,52.985781874507666,10.276559054851532,0,4.235894750409629,12321799168,86790635520,1.224679970165746e-07
llama2_7b_4k,full,galvatron,llama2_7b_4k/galvatron/full,4,10,52.97429305873811,10.260478556156158,0,4.289548974859111,12323896832,86790635520,1e-07
llama2_7b_4k,full,galvatron,llama2_7b_4k/galvatron/full,5,1,64.79598543141037,10.614849269390106,0,3.740604965933911,12305017856,73494691840,9.817718381265238e-07
llama2_7b_4k,full,galvatron,llama2_7b_4k/galvatron/full,5,2,52.966249900870025,10.617530405521393,0,3.7650705776210587,12307115520,86383788032,9.206544616434248e-07
llama2_7b_4k,full,galvatron,llama2_7b_4k/galvatron/full,5,3,52.951785256154835,10.546318292617798,0,3.714702294641844,12309213184,86790635520,8.225243592119499e-07
llama2_7b_4k,full,galvatron,llama2_7b_4k/galvatron/full,5,4,52.95574994571507,10.479414522647858,0,3.8636083204098264,12311310848,86790635520,6.971805834928398e-07
llama2_7b_4k,full,galvatron,llama2_7b_4k/galvatron/full,5,5,52.94700085557997,10.419082522392273,0,3.9165065543271966,12313408512,86790635520,5.571396837256635e-07
llama2_7b_4k,full,galvatron,llama2_7b_4k/galvatron/full,5,6,53.44525164272636,10.36563378572464,0,4.077280008169006,12315506176,86790635520,4.1638583110227627e-07
llama2_7b_4k,full,galvatron,llama2_7b_4k/galvatron/full,5,7,52.96100199595094,10.327040255069733,0,4.10489122736832,12317603840,86790635520,2.889743906929609e-07
llama2_7b_4k,full,galvatron,llama2_7b_4k/galvatron/full,5,8,52.94225368369371,10.295890271663666,0,4.203217572749142,12319701504,86790635520,1.876283841110236e-07
llama2_7b_4k,full,galvatron,llama2_7b_4k/galvatron/full,5,9,52.98567177541554,10.276559054851532,0,4.235894750409629,12321799168,86790635520,1.224679970165746e-07
llama2_7b_4k,full,galvatron,llama2_7b_4k/galvatron/full,5,10,52.97423186060041,10.260478556156158,0,4.289548974859111,12323896832,86790635520,1e-07
llama2_7b_4k,full,galvatron,llama2_7b_4k/galvatron/full,6,1,64.7956306738779,10.614849269390106,0,3.740604965933911,12305017856,73494691840,9.817718381265238e-07
llama2_7b_4k,full,galvatron,llama2_7b_4k/galvatron/full,6,2,52.96627346146852,10.617530405521393,0,3.7650705776210587,12307115520,86383788032,9.206544616434248e-07
llama2_7b_4k,full,galvatron,llama2_7b_4k/galvatron/full,6,3,52.95194663107395,10.546318292617798,0,3.714702294641844,12309213184,86790635520,8.225243592119499e-07
llama2_7b_4k,full,galvatron,llama2_7b_4k/galvatron/full,6,4,52.95578807871789,10.479414522647858,0,3.8636083204098264,12311310848,86790635520,6.971805834928398e-07
llama2_7b_4k,full,galvatron,llama2_7b_4k/galvatron/full,6,5,52.947023999877274,10.419082522392273,0,3.9165065543271966,12313408512,86790635520,5.571396837256635e-07
llama2_7b_4k,full,galvatron,llama2_7b_4k/galvatron/full,6,6,53.44534429721534,10.36563378572464,0,4.077280008169006,12315506176,86790635520,4.1638583110227627e-07
llama2_7b_4k,full,galvatron,llama2_7b_4k/galvatron/full,6,7,52.96106190700084,10.327040255069733,0,4.10489122736832,12317603840,86790635520,2.889743906929609e-07
llama2_7b_4k,full,galvatron,llama2_7b_4k/galvatron/full,6,8,52.94227355439216,10.295890271663666,0,4.203217572749142,12319701504,86790635520,1.876283841110236e-07
llama2_7b_4k,full,galvatron,llama2_7b_4k/galvatron/full,6,9,52.98576551582664,10.276559054851532,0,4.235894750409629,12321799168,86790635520,1.224679970165746e-07
llama2_7b_4k,full,galvatron,llama2_7b_4k/galvatron/full,6,10,52.974294937215745,10.260478556156158,0,4.289548974859111,12323896832,86790635520,1e-07
llama2_7b_4k,full,galvatron,llama2_7b_4k/galvatron/full,7,1,64.79540406912565,10.614849269390106,0,3.740604965933911,12305017856,73494691840,9.817718381265238e-07
llama2_7b_4k,full,galvatron,llama2_7b_4k/galvatron/full,7,2,52.966313084587455,10.617530405521393,0,3.7650705776210587,12307115520,86436216832,9.206544616434248e-07
llama2_7b_4k,full,galvatron,llama2_7b_4k/galvatron/full,7,3,52.95188040100038,10.546318292617798,0,3.714702294641844,12309213184,86843064320,8.225243592119499e-07
llama2_7b_4k,full,galvatron,llama2_7b_4k/galvatron/full,7,4,52.95586244482547,10.479414522647858,0,3.8636083204098264,12311310848,86843064320,6.971805834928398e-07
llama2_7b_4k,full,galvatron,llama2_7b_4k/galvatron/full,7,5,52.94708208553493,10.419082522392273,0,3.9165065543271966,12313408512,86843064320,5.571396837256635e-07
llama2_7b_4k,full,galvatron,llama2_7b_4k/galvatron/full,7,6,53.44537246413529,10.36563378572464,0,4.077280008169006,12315506176,86843064320,4.1638583110227627e-07
llama2_7b_4k,full,galvatron,llama2_7b_4k/galvatron/full,7,7,52.96107934322208,10.327040255069733,0,4.10489122736832,12317603840,86843064320,2.889743906929609e-07
llama2_7b_4k,full,galvatron,llama2_7b_4k/galvatron/full,7,8,52.94234656449407,10.295890271663666,0,4.203217572749142,12319701504,86843064320,1.876283841110236e-07
llama2_7b_4k,full,galvatron,llama2_7b_4k/galvatron/full,7,9,52.985748486593366,10.276559054851532,0,4.235894750409629,12321799168,86843064320,1.224679970165746e-07
llama2_7b_4k,full,galvatron,llama2_7b_4k/galvatron/full,7,10,52.974291333928704,10.260478556156158,0,4.289548974859111,12323896832,86843064320,1e-07
llama2_13b_4k,common,devastator,llama2_13b_4k/devastator/common,0,1,210.8762699170038,,0,1.9681531190872192,30108823040,69667389440,
llama2_13b_4k,common,devastator,llama2_13b_4k/devastator/common,0,2,201.18488895427436,,0,1.9663783311843872,30108823040,74199334912,
llama2_13b_4k,common,devastator,llama2_13b_4k/devastator/common,0,3,201.14822285436094,,0,2.013005256652832,30108823040,74199334912,
llama2_13b_4k,common,devastator,llama2_13b_4k/devastator/common,0,4,201.1562922783196,,0,2.006308078765869,30108823040,74199334912,
llama2_13b_4k,common,devastator,llama2_13b_4k/devastator/common,0,5,201.14933345932513,,0,2.022627592086792,30108823040,74199334912,
llama2_13b_4k,common,devastator,llama2_13b_4k/devastator/common,0,6,201.26784563157707,,0,2.022867202758789,30108823040,74199334912,
llama2_13b_4k,common,devastator,llama2_13b_4k/devastator/common,0,7,201.23461254313588,,0,1.9942209720611572,30108823040,74199334912,
llama2_13b_4k,common,devastator,llama2_13b_4k/devastator/common,0,8,201.16937231644988,,0,2.021068572998047,30108823040,74199334912,
llama2_13b_4k,common,devastator,llama2_13b_4k/devastator/common,0,9,201.175764397718,,0,2.0154497623443604,30108823040,74199334912,
llama2_13b_4k,common,devastator,llama2_13b_4k/devastator/common,0,10,201.19592261873186,,0,1.9682538509368896,30108823040,74199334912,
llama2_13b_4k,common,devastator,llama2_13b_4k/devastator/common,1,1,210.87628617417067,,0,1.9681531190872192,30108823040,69751275520,
llama2_13b_4k,common,devastator,llama2_13b_4k/devastator/common,1,2,201.1848886301741,,0,1.9663783311843872,30108823040,74283220992,
llama2_13b_4k,common,devastator,llama2_13b_4k/devastator/common,1,3,201.14823633804917,,0,2.013005256652832,30108823040,74283220992,
llama2_13b_4k,common,devastator,llama2_13b_4k/devastator/common,1,4,201.15631736721843,,0,2.006308078765869,30108823040,74283220992,
llama2_13b_4k,common,devastator,llama2_13b_4k/devastator/common,1,5,201.1493416847661,,0,2.022627592086792,30108823040,74283220992,
llama2_13b_4k,common,devastator,llama2_13b_4k/devastator/common,1,6,201.26783784013242,,0,2.022867202758789,30108823040,74283220992,
llama2_13b_4k,common,devastator,llama2_13b_4k/devastator/common,1,7,201.23463768977672,,0,1.9942209720611572,30108823040,74283220992,
llama2_13b_4k,common,devastator,llama2_13b_4k/devastator/common,1,8,201.169399718754,,0,2.021068572998047,30108823040,74283220992,
llama2_13b_4k,common,devastator,llama2_13b_4k/devastator/common,1,9,201.1757702343166,,0,2.0154497623443604,30108823040,74283220992,
llama2_13b_4k,common,devastator,llama2_13b_4k/devastator/common,1,10,201.1959390603006,,0,1.9682538509368896,30108823040,74283220992,
llama2_13b_4k,common,devastator,llama2_13b_4k/devastator/common,2,1,210.876362063922,,0,1.9681531190872192,28722344448,58468597760,
llama2_13b_4k,common,devastator,llama2_13b_4k/devastator/common,2,2,201.18493443913758,,0,1.9663783311843872,28722344448,63000543232,
llama2_13b_4k,common,devastator,llama2_13b_4k/devastator/common,2,3,201.1482951855287,,0,2.013005256652832,28722344448,63000543232,
llama2_13b_4k,common,devastator,llama2_13b_4k/devastator/common,2,4,201.15635648090392,,0,2.006308078765869,28722344448,63000543232,
llama2_13b_4k,common,devastator,llama2_13b_4k/devastator/common,2,5,201.1493760459125,,0,2.022627592086792,28722344448,63000543232,
llama2_13b_4k,common,devastator,llama2_13b_4k/devastator/common,2,6,201.26803059596568,,0,2.022867202758789,28722344448,63000543232,
llama2_13b_4k,common,devastator,llama2_13b_4k/devastator/common,2,7,201.23466333001852,,0,1.9942209720611572,28722344448,63000543232,
llama2_13b_4k,common,devastator,llama2_13b_4k/devastator/common,2,8,201.16941064503044,,0,2.021068572998047,28722344448,63000543232,
llama2_13b_4k,common,devastator,llama2_13b_4k/devastator/common,2,9,201.17579771764576,,0,2.0154497623443604,28722344448,63000543232,
llama2_13b_4k,common,devastator,llama2_13b_4k/devastator/common,2,10,201.19596588891,,0,1.9682538509368896,28722344448,63000543232,
llama2_13b_4k,common,devastator,llama2_13b_4k/devastator/common,3,1,210.8764425208792,,0,1.9681531190872192,28722344448,58468597760,
llama2_13b_4k,common,devastator,llama2_13b_4k/devastator/common,3,2,201.18494446668774,,0,1.9663783311843872,28722344448,63000543232,
llama2_13b_4k,common,devastator,llama2_13b_4k/devastator/common,3,3,201.14825498126447,,0,2.013005256652832,28722344448,63000543232,
llama2_13b_4k,common,devastator,llama2_13b_4k/devastator/common,3,4,201.15634809620678,,0,2.006308078765869,28722344448,63000543232,
llama2_13b_4k,common,devastator,llama2_13b_4k/devastator/common,3,5,201.1493757236749,,0,2.022627592086792,28722344448,63000543232,
llama2_13b_4k,common,devastator,llama2_13b_4k/devastator/common,3,6,201.26792702451348,,0,2.022867202758789,28722344448,63000543232,
llama2_13b_4k,common,devastator,llama2_13b_4k/devastator/common,3,7,201.234669694677,,0,1.9942209720611572,28722344448,63000543232,
llama2_13b_4k,common,devastator,llama2_13b_4k/devastator/common,3,8,201.16940801031888,,0,2.021068572998047,28722344448,63000543232,
llama2_13b_4k,common,devastator,llama2_13b_4k/devastator/common,3,9,201.1757975043729,,0,2.0154497623443604,28722344448,63000543232,
llama2_13b_4k,common,devastator,llama2_13b_4k/devastator/common,3,10,201.19596222043037,,0,1.9682538509368896,28722344448,63000543232,
llama2_13b_4k,common,devastator,llama2_13b_4k/devastator/common,4,1,210.8762947525829,,0,1.9681531190872192,28728635904,50337939456,
llama2_13b_4k,common,devastator,llama2_13b_4k/devastator/common,4,2,201.18489021249115,,0,1.9663783311843872,28728635904,52604960768,
llama2_13b_4k,common,devastator,llama2_13b_4k/devastator/common,4,3,201.14819546975195,,0,2.013005256652832,28728635904,52604960768,
llama2_13b_4k,common,devastator,llama2_13b_4k/devastator/common,4,4,201.15629752445966,,0,2.006308078765869,28728635904,52604960768,
llama2_13b_4k,common,devastator,llama2_13b_4k/devastator/common,4,5,201.1493565114215,,0,2.022627592086792,28728635904,52604960768,
llama2_13b_4k,common,devastator,llama2_13b_4k/devastator/common,4,6,201.26784098520875,,0,2.022867202758789,28728635904,52604960768,
llama2_13b_4k,common,devastator,llama2_13b_4k/devastator/common,4,7,201.23464885074645,,0,1.9942209720611572,28728635904,52604960768,
llama2_13b_4k,common,devastator,llama2_13b_4k/devastator/common,4,8,201.16938026994467,,0,2.021068572998047,28728635904,52604960768,
llama2_13b_4k,common,devastator,llama2_13b_4k/devastator/common,4,9,201.17578387446702,,0,2.0154497623443604,28728635904,52604960768,
llama2_13b_4k,common,devastator,llama2_13b_4k/devastator/common,4,10,201.19594471622258,,0,1.9682538509368896,28728635904,52604960768,
llama2_13b_4k,common,devastator,llama2_13b_4k/devastator/common,5,1,210.876277201809,,0,1.9681531190872192,28728635904,50337939456,
llama2_13b_4k,common,devastator,llama2_13b_4k/devastator/common,5,2,201.18491117376834,,0,1.9663783311843872,28728635904,52604960768,
llama2_13b_4k,common,devastator,llama2_13b_4k/devastator/common,5,3,201.1482382332906,,0,2.013005256652832,28728635904,52604960768,
llama2_13b_4k,common,devastator,llama2_13b_4k/devastator/common,5,4,201.1562948357314,,0,2.006308078765869,28728635904,52604960768,
llama2_13b_4k,common,devastator,llama2_13b_4k/devastator/common,5,5,201.14934802614152,,0,2.022627592086792,28728635904,52604960768,
llama2_13b_4k,common,devastator,llama2_13b_4k/devastator/common,5,6,201.267856082879,,0,2.022867202758789,28728635904,52604960768,
llama2_13b_4k,common,devastator,llama2_13b_4k/devastator/common,5,7,201.2346227215603,,0,1.9942209720611572,28728635904,52604960768,
llama2_13b_4k,common,devastator,llama2_13b_4k/devastator/common,5,8,201.1693777171895,,0,2.021068572998047,28728635904,52604960768,
llama2_13b_4k,common,devastator,llama2_13b_4k/devastator/common,5,9,201.17577144969255,,0,2.0154497623443604,28728635904,52604960768,
llama2_13b_4k,common,devastator,llama2_13b_4k/devastator/common,5,10,201.1959365978837,,0,1.9682538509368896,28728635904,52604960768,
llama2_13b_4k,common,devastator,llama2_13b_4k/devastator/common,6,1,210.87983315251768,10.628044128417969,0,1.9681531190872192,30356380672,44321210368,
llama2_13b_4k,common,devastator,llama2_13b_4k/devastator/common,6,2,201.18682782258838,10.627002716064453,0,1.9663783311843872,30356381696,45371883520,
llama2_13b_4k,common,devastator,llama2_13b_4k/devastator/common,6,3,201.15009980276227,10.628579139709473,0,2.013005256652832,30356381696,45371883520,
llama2_13b_4k,common,devastator,llama2_13b_4k/devastator/common,6,4,201.15812788903713,10.62406063079834,0,2.006308078765869,30356381696,45371883520,
llama2_13b_4k,common,devastator,llama2_13b_4k/devastator/common,6,5,201.15125681646168,10.628694534301758,0,2.022627592086792,30356381696,45371883520,
llama2_13b_4k,common,devastator,llama2_13b_4k/devastator/common,6,6,201.26974847074598,10.626659393310547,0,2.022867202758789,30356381696,45371883520,
llama2_13b_4k,common,devastator,llama2_13b_4k/devastator/common,6,7,201.23643702082336,10.624409675598145,0,1.9942209720611572,30356381696,45371883520,
llama2_13b_4k,common,devastator,llama2_13b_4k/devastator/common,6,8,201.1714597651735,10.628419876098633,0,2.021068572998047,30356381696,45371883520,
llama2_13b_4k,common,devastator,llama2_13b_4k/devastator/common,6,9,201.17762324679643,10.625085830688477,0,2.0154497623443604,30356381696,45371883520,
llama2_13b_4k,common,devastator,llama2_13b_4k/devastator/common,6,10,201.19778720848262,10.624726295471191,0,1.9682538509368896,30356381696,45371883520,
llama2_13b_4k,common,devastator,llama2_13b_4k/devastator/common,7,1,210.87959979195148,10.628044128417969,0,1.9681531190872192,30356380672,44321210368,
llama2_13b_4k,common,devastator,llama2_13b_4k/devastator/common,7,2,201.186821882613,10.627002716064453,0,1.9663783311843872,30356381696,45369786368,
llama2_13b_4k,common,devastator,llama2_13b_4k/devastator/common,7,3,201.14999189414084,10.628579139709473,0,2.013005256652832,30356381696,45369786368,
llama2_13b_4k,common,devastator,llama2_13b_4k/devastator/common,7,4,201.15806764457375,10.62406063079834,0,2.006308078765869,30356381696,45369786368,
llama2_13b_4k,common,devastator,llama2_13b_4k/devastator/common,7,5,201.15104668121785,10.628694534301758,0,2.022627592086792,30356381696,45369786368,
llama2_13b_4k,common,devastator,llama2_13b_4k/devastator/common,7,6,201.26955626904964,10.626659393310547,0,2.022867202758789,30356381696,45369786368,
llama2_13b_4k,common,devastator,llama2_13b_4k/devastator/common,7,7,201.23630839493126,10.624409675598145,0,1.9942209720611572,30356381696,45369786368,
llama2_13b_4k,common,devastator,llama2_13b_4k/devastator/common,7,8,201.17120307590812,10.628419876098633,0,2.021068572998047,30356381696,45369786368,
llama2_13b_4k,common,devastator,llama2_13b_4k/devastator/common,7,9,201.1773974345997,10.625085830688477,0,2.0154497623443604,30356381696,45369786368,
llama2_13b_4k,common,devastator,llama2_13b_4k/devastator/common,7,10,201.1975423526019,10.624726295471191,0,1.9682538509368896,30356381696,45369786368,
llama2_13b_4k,common,galvatron,llama2_13b_4k/galvatron/common,0,1,211.4295251518488,,0,2.794039007680535,39249824768,65819115520,9.817718381265238e-07
llama2_13b_4k,common,galvatron,llama2_13b_4k/galvatron/common,0,2,204.3848389685154,,0,2.8268632972301306,39251922432,93096771584,9.206544616434248e-07
llama2_13b_4k,common,galvatron,llama2_13b_4k/galvatron/common,0,3,204.30318863410503,,0,2.891145236652587,39254020096,93354721280,8.225243592119499e-07
llama2_13b_4k,common,galvatron,llama2_13b_4k/galvatron/common,0,4,204.3217952940613,,0,2.868992208922994,39256117760,93799317504,6.971805834928398e-07
llama2_13b_4k,common,galvatron,llama2_13b_4k/galvatron/common,0,5,204.32195589877665,,0,2.8837044015891484,39258215424,93799317504,5.571396837256635e-07
llama2_13b_4k,common,galvatron,llama2_13b_4k/galvatron/common,0,6,204.24185446742922,,0,2.8927162647424765,39260313088,93891592192,4.1638583110227627e-07
llama2_13b_4k,common,galvatron,llama2_13b_4k/galvatron/common,0,7,204.24725019279867,,0,2.8373854962743033,39262410752,93891592192,2.889743906929609e-07
llama2_13b_4k,common,galvatron,llama2_13b_4k/galvatron/common,0,8,204.41961472388357,,0,2.885153215594211,39264508416,93891592192,1.876283841110236e-07
llama2_13b_4k,common,galvatron,llama2_13b_4k/galvatron/common,0,9,204.25330433435738,,0,2.8943857833407725,39266606080,93891592192,1.224679970165746e-07
llama2_13b_4k,common,galvatron,llama2_13b_4k/galvatron/common,0,10,204.3277528807521,,0,2.8346887787033928,39268703744,93891592192,1e-07
llama2_13b_4k,common,galvatron,llama2_13b_4k/galvatron/common,1,1,211.4217276778072,,0,2.794039007680535,39237241856,65819115520,9.817718381265238e-07
llama2_13b_4k,common,galvatron,llama2_13b_4k/galvatron/common,1,2,204.38293391186744,,0,2.8268632972301306,39239339520,92765421568,9.206544616434248e-07
llama2_13b_4k,common,galvatron,llama2_13b_4k/galvatron/common,1,3,204.30132346600294,,0,2.891145236652587,39241437184,93497327616,8.225243592119499e-07
llama2_13b_4k,common,galvatron,llama2_13b_4k/galvatron/common,1,4,204.3199377162382,,0,2.868992208922994,39243534848,93805608960,6.971805834928398e-07
llama2_13b_4k,common,galvatron,llama2_13b_4k/galvatron/common,1,5,204.31995391193777,,0,2.8837044015891484,39245632512,93805608960,5.571396837256635e-07
llama2_13b_4k,common,galvatron,llama2_13b_4k/galvatron/common,1,6,204.24002574384212,,0,2.8927162647424765,39247730176,94013227008,4.1638583110227627e-07
llama2_13b_4k,common,galvatron,llama2_13b_4k/galvatron/common,1,7,204.24537565466017,,0,2.8373854962743033,39249827840,94013227008,2.889743906929609e-07
llama2_13b_4k,common,galvatron,llama2_13b_4k/galvatron/common,1,8,204.41783257294446,,0,2.885153215594211,39251925504,94013227008,1.876283841110236e-07
llama2_13b_4k,common,galvatron,llama2_13b_4k/galvatron/common,1,9,204.25144200678915,,0,2.8943857833407725,39254023168,94013227008,1.224679970165746e-07
llama2_13b_4k,common,galvatron,llama2_13b_4k/galvatron/common,1,10,204.32590625900775,,0,2.8346887787033928,39256120832,94013227008,1e-07
llama2_13b_4k,common,galvatron,llama2_13b_4k/galvatron/common,2,1,211.42482959665358,,0,2.794039007680535,39249824768,65819115520,9.817718381265238e-07
llama2_13b_4k,common,galvatron,llama2_13b_4k/galvatron/common,2,2,204.383167905733,,0,2.8268632972301306,39251922432,92622815232,9.206544616434248e-07
llama2_13b_4k,common,galvatron,llama2_13b_4k/galvatron/common,2,3,204.30143660027534,,0,2.891145236652587,39254020096,93778345984,8.225243592119499e-07
llama2_13b_4k,common,galvatron,llama2_13b_4k/galvatron/common,2,4,204.31997136678547,,0,2.868992208922994,39256117760,93778345984,6.971805834928398e-07
llama2_13b_4k,common,galvatron,llama2_13b_4k/galvatron/common,2,5,204.3201764319092,,0,2.8837044015891484,39258215424,93870620672,5.571396837256635e-07
llama2_13b_4k,common,galvatron,llama2_13b_4k/galvatron/common,2,6,204.24024625122547,,0,2.8927162647424765,39260313088,93964992512,4.1638583110227627e-07
llama2_13b_4k,common,galvatron,llama2_13b_4k/galvatron/common,2,7,204.245519278571,,0,2.8373854962743033,39262410752,93964992512,2.889743906929609e-07
llama2_13b_4k,common,galvatron,llama2_13b_4k/galvatron/common,2,8,204.4178958069533,,0,2.885153215594211,39264508416,93964992512,1.876283841110236e-07
llama2_13b_4k,common,galvatron,llama2_13b_4k/galvatron/common,2,9,204.2516048271209,,0,2.8943857833407725,39266606080,93964992512,1.224679970165746e-07
llama2_13b_4k,common,galvatron,llama2_13b_4k/galvatron/common,2,10,204.32617928553373,,0,2.8346887787033928,39268703744,94130667520,1e-07
llama2_13b_4k,common,galvatron,llama2_13b_4k/galvatron/common,3,1,211.42703858111054,,0,2.794039007680535,39237241856,65819115520,9.817718381265238e-07
llama2_13b_4k,common,galvatron,llama2_13b_4k/galvatron/common,3,2,204.3830855684355,,0,2.8268632972301306,39239339520,93312778240,9.206544616434248e-07
llama2_13b_4k,common,galvatron,llama2_13b_4k/galvatron/common,3,3,204.30151137243956,,0,2.891145236652587,39241437184,93847552000,8.225243592119499e-07
llama2_13b_4k,common,galvatron,llama2_13b_4k/galvatron/common,3,4,204.320026345551,,0,2.868992208922994,39243534848,93847552000,6.971805834928398e-07
llama2_13b_4k,common,galvatron,llama2_13b_4k/galvatron/common,3,5,204.32023738417774,,0,2.8837044015891484,39245632512,93847552000,5.571396837256635e-07
llama2_13b_4k,common,galvatron,llama2_13b_4k/galvatron/common,3,6,204.24022470694035,,0,2.8927162647424765,39247730176,93847552000,4.1638583110227627e-07
llama2_13b_4k,common,galvatron,llama2_13b_4k/galvatron/common,3,7,204.24548660218716,,0,2.8373854962743033,39249827840,93939826688,2.889743906929609e-07
llama2_13b_4k,common,galvatron,llama2_13b_4k/galvatron/common,3,8,204.41797621082515,,0,2.885153215594211,39251925504,93939826688,1.876283841110236e-07
llama2_13b_4k,common,galvatron,llama2_13b_4k/galvatron/common,3,9,204.25163688044995,,0,2.8943857833407725,39254023168,93939826688,1.224679970165746e-07
llama2_13b_4k,common,galvatron,llama2_13b_4k/galvatron/common,3,10,204.32617438957095,,0,2.8346887787033928,39256120832,93939826688,1e-07
llama2_13b_4k,common,galvatron,llama2_13b_4k/galvatron/common,4,1,211.14145134855062,10.607495293021202,0,2.794039007680535,39245650944,92366962688,9.817718381265238e-07
llama2_13b_4k,common,galvatron,llama2_13b_4k/galvatron/common,4,2,204.38255117461085,10.605625681579113,0,2.8268632972301306,39247748608,92366962688,9.206544616434248e-07
llama2_13b_4k,common,galvatron,llama2_13b_4k/galvatron/common,4,3,204.30096972733736,10.602360285818577,0,2.891145236652587,39249846272,92366962688,8.225243592119499e-07
llama2_13b_4k,common,galvatron,llama2_13b_4k/galvatron/common,4,4,204.3196127684787,10.602654006332159,0,2.868992208922994,39251943936,92366962688,6.971805834928398e-07
llama2_13b_4k,common,galvatron,llama2_13b_4k/galvatron/common,4,5,204.31983566470444,10.604192860424519,0,2.8837044015891484,39254041600,92366962688,5.571396837256635e-07
llama2_13b_4k,common,galvatron,llama2_13b_4k/galvatron/common,4,6,204.23973412625492,10.606370851397514,0,2.8927162647424765,39256139264,92366962688,4.1638583110227627e-07
llama2_13b_4k,common,galvatron,llama2_13b_4k/galvatron/common,4,7,204.24509938713163,10.60335461050272,0,2.8373854962743033,39258236928,92366962688,2.889743906929609e-07
llama2_13b_4k,common,galvatron,llama2_13b_4k/galvatron/common,4,8,204.41739940922707,10.602433871477842,0,2.885153215594211,39260334592,92366962688,1.876283841110236e-07
llama2_13b_4k,common,galvatron,llama2_13b_4k/galvatron/common,4,9,204.25107979495078,10.60439009591937,0,2.8943857833407725,39262432256,92366962688,1.224679970165746e-07
llama2_13b_4k,common,galvatron,llama2_13b_4k/galvatron/common,4,10,204.3256061244756,10.605311430990696,0,2.8346887787033928,39264529920,92366962688,1e-07
llama2_13b_4k,common,galvatron,llama2_13b_4k/galvatron/common,5,1,211.14077603723854,10.607495293021202,0,2.794039007680535,39228875776,92285173760,9.817718381265238e-07
llama2_13b_4k,common,galvatron,llama2_13b_4k/galvatron/common,5,2,204.38260733895004,10.605625681579113,0,2.8268632972301306,39230973440,92285173760,9.206544616434248e-07
llama2_13b_4k,common,galvatron,llama2_13b_4k/galvatron/common,5,3,204.3010905655101,10.602360285818577,0,2.891145236652587,39233071104,92285173760,8.225243592119499e-07
llama2_13b_4k,common,galvatron,llama2_13b_4k/galvatron/common,5,4,204.31970988307148,10.602654006332159,0,2.868992208922994,39235168768,92285173760,6.971805834928398e-07
llama2_13b_4k,common,galvatron,llama2_13b_4k/galvatron/common,5,5,204.31983275618404,10.604192860424519,0,2.8837044015891484,39237266432,92285173760,5.571396837256635e-07
llama2_13b_4k,common,galvatron,llama2_13b_4k/galvatron/common,5,6,204.2398334313184,10.606370851397514,0,2.8927162647424765,39239364096,92285173760,4.1638583110227627e-07
llama2_13b_4k,common,galvatron,llama2_13b_4k/galvatron/common,5,7,204.2450828626752,10.60335461050272,0,2.8373854962743033,39241461760,92285173760,2.889743906929609e-07
llama2_13b_4k,common,galvatron,llama2_13b_4k/galvatron/common,5,8,204.41747697349638,10.602433871477842,0,2.885153215594211,39243559424,92285173760,1.876283841110236e-07
llama2_13b_4k,common,galvatron,llama2_13b_4k/galvatron/common,5,9,204.25135514792055,10.60439009591937,0,2.8943857833407725,39245657088,92285173760,1.224679970165746e-07
llama2_13b_4k,common,galvatron,llama2_13b_4k/galvatron/common,5,10,204.32565169222653,10.605311430990696,0,2.8346887787033928,39247754752,92285173760,1e-07
llama2_13b_4k,common,galvatron,llama2_13b_4k/galvatron/common,6,1,211.14251483697444,10.607495293021202,0,2.794039007680535,39245650944,92366962688,9.817718381265238e-07
llama2_13b_4k,common,galvatron,llama2_13b_4k/galvatron/common,6,2,204.38268521707505,10.605625681579113,0,2.8268632972301306,39247748608,92366962688,9.206544616434248e-07
llama2_13b_4k,common,galvatron,llama2_13b_4k/galvatron/common,6,3,204.30124311614782,10.602360285818577,0,2.891145236652587,39249846272,92366962688,8.225243592119499e-07
llama2_13b_4k,common,galvatron,llama2_13b_4k/galvatron/common,6,4,204.31974257156253,10.602654006332159,0,2.868992208922994,39251943936,92366962688,6.971805834928398e-07
llama2_13b_4k,common,galvatron,llama2_13b_4k/galvatron/common,6,5,204.3199459752068,10.604192860424519,0,2.8837044015891484,39254041600,92366962688,5.571396837256635e-07
llama2_13b_4k,common,galvatron,llama2_13b_4k/galvatron/common,6,6,204.23995508160442,10.606370851397514,0,2.8927162647424765,39256139264,92366962688,4.1638583110227627e-07
llama2_13b_4k,common,galvatron,llama2_13b_4k/galvatron/common,6,7,204.24525087792426,10.60335461050272,0,2.8373854962743033,39258236928,92366962688,2.889743906929609e-07
llama2_13b_4k,common,galvatron,llama2_13b_4k/galvatron/common,6,8,204.41763260494918,10.602433871477842,0,2.885153215594211,39260334592,92366962688,1.876283841110236e-07
llama2_13b_4k,common,galvatron,llama2_13b_4k/galvatron/common,6,9,204.25125261209905,10.60439009591937,0,2.8943857833407725,39262432256,92366962688,1.224679970165746e-07
llama2_13b_4k,common,galvatron,llama2_13b_4k/galvatron/common,6,10,204.32579442672431,10.605311430990696,0,2.8346887787033928,39264529920,92366962688,1e-07
llama2_13b_4k,common,galvatron,llama2_13b_4k/galvatron/common,7,1,211.1393494764343,10.607495293021202,0,2.794039007680535,39228875776,92366962688,9.817718381265238e-07
llama2_13b_4k,common,galvatron,llama2_13b_4k/galvatron/common,7,2,204.3826169623062,10.605625681579113,0,2.8268632972301306,39230973440,92366962688,9.206544616434248e-07
llama2_13b_4k,common,galvatron,llama2_13b_4k/galvatron/common,7,3,204.30110788252205,10.602360285818577,0,2.891145236652587,39233071104,92366962688,8.225243592119499e-07
llama2_13b_4k,common,galvatron,llama2_13b_4k/galvatron/common,7,4,204.31972486246377,10.602654006332159,0,2.868992208922994,39235168768,92366962688,6.971805834928398e-07
llama2_13b_4k,common,galvatron,llama2_13b_4k/galvatron/common,7,5,204.31985443271697,10.604192860424519,0,2.8837044015891484,39237266432,92366962688,5.571396837256635e-07
llama2_13b_4k,common,galvatron,llama2_13b_4k/galvatron/common,7,6,204.2399159949273,10.606370851397514,0,2.8927162647424765,39239364096,92366962688,4.1638583110227627e-07
llama2_13b_4k,common,galvatron,llama2_13b_4k/galvatron/common,7,7,204.2452046731487,10.60335461050272,0,2.8373854962743033,39241461760,92366962688,2.889743906929609e-07
llama2_13b_4k,common,galvatron,llama2_13b_4k/galvatron/common,7,8,204.41760437004268,10.602433871477842,0,2.885153215594211,39243559424,92366962688,1.876283841110236e-07
llama2_13b_4k,common,galvatron,llama2_13b_4k/galvatron/common,7,9,204.25120654515922,10.60439009591937,0,2.8943857833407725,39245657088,92366962688,1.224679970165746e-07
llama2_13b_4k,common,galvatron,llama2_13b_4k/galvatron/common,7,10,204.32574852369726,10.605311430990696,0,2.8346887787033928,39247754752,92366962688,1e-07
llama2_13b_4k,full,devastator,llama2_13b_4k/devastator/full,0,1,186.0376521507278,10.635211944580078,0,2.028700828552246,51242833920,89430949888,
llama2_13b_4k,full,devastator,llama2_13b_4k/devastator/full,0,2,177.32996262144297,10.62952995300293,0,2.0430352687835693,51242834944,92794781696,
llama2_13b_4k,full,devastator,llama2_13b_4k/devastator/full,0,3,177.1531492182985,10.6299467086792,0,2.0710370540618896,51242834944,92794781696,
llama2_13b_4k,full,devastator,llama2_13b_4k/devastator/full,0,4,177.1548044178635,10.62624454498291,0,2.083289623260498,51242834944,92794781696,
llama2_13b_4k,full,devastator,llama2_13b_4k/devastator/full,0,5,177.15582953300327,10.625066757202148,0,2.082432746887207,51242834944,92794781696,
llama2_13b_4k,full,devastator,llama2_13b_4k/devastator/full,0,6,177.15994158480316,10.62747573852539,0,2.0740439891815186,51242834944,92794781696,
llama2_13b_4k,full,devastator,llama2_13b_4k/devastator/full,0,7,177.15323520451784,10.627121925354004,0,2.0511131286621094,51242834944,92794781696,
llama2_13b_4k,full,devastator,llama2_13b_4k/devastator/full,0,8,177.14558220747858,10.626540184020996,0,2.0863356590270996,51242834944,92794781696,
llama2_13b_4k,full,devastator,llama2_13b_4k/devastator/full,0,9,177.1322259530425,10.624107360839844,0,2.0746452808380127,51242834944,92794781696,
llama2_13b_4k,full,devastator,llama2_13b_4k/devastator/full,0,10,177.1144662965089,10.621248245239258,0,2.019594192504883,51242834944,92794781696,
llama2_13b_4k,full,devastator,llama2_13b_4k/devastator/full,1,1,186.0376012325287,10.635211944580078,0,2.028700828552246,51242833920,89430949888,
llama2_13b_4k,full,devastator,llama2_13b_4k/devastator/full,1,2,177.33016786444932,10.62952995300293,0,2.0430352687835693,51242834944,92794781696,
llama2_13b_4k,full,devastator,llama2_13b_4k/devastator/full,1,3,177.15339168719947,10.6299467086792,0,2.0710370540618896,51242834944,92794781696,
llama2_13b_4k,full,devastator,llama2_13b_4k/devastator/full,1,4,177.15516265667975,10.62624454498291,0,2.083289623260498,51242834944,92794781696,
llama2_13b_4k,full,devastator,llama2_13b_4k/devastator/full,1,5,177.1561922673136,10.625066757202148,0,2.082432746887207,51242834944,92794781696,
llama2_13b_4k,full,devastator,llama2_13b_4k/devastator/full,1,6,177.16015959437937,10.62747573852539,0,2.0740439891815186,51242834944,92794781696,
llama2_13b_4k,full,devastator,llama2_13b_4k/devastator/full,1,7,177.15364569425583,10.627121925354004,0,2.0511131286621094,51242834944,92794781696,
llama2_13b_4k,full,devastator,llama2_13b_4k/devastator/full,1,8,177.14597721304744,10.626540184020996,0,2.0863356590270996,51242834944,92794781696,
llama2_13b_4k,full,devastator,llama2_13b_4k/devastator/full,1,9,177.13235113676637,10.624107360839844,0,2.0746452808380127,51242834944,92794781696,
llama2_13b_4k,full,devastator,llama2_13b_4k/devastator/full,1,10,177.114489919506,10.621248245239258,0,2.019594192504883,51242834944,92794781696,
llama2_13b_4k,full,devastator,llama2_13b_4k/devastator/full,2,1,186.03765426389873,10.635211944580078,0,2.028700828552246,51241312256,88871010304,
llama2_13b_4k,full,devastator,llama2_13b_4k/devastator/full,2,2,177.32996677421033,10.62952995300293,0,2.0430352687835693,51241313280,92471820288,
llama2_13b_4k,full,devastator,llama2_13b_4k/devastator/full,2,3,177.1530156256631,10.6299467086792,0,2.0710370540618896,51241313280,92471820288,
llama2_13b_4k,full,devastator,llama2_13b_4k/devastator/full,2,4,177.15483219362795,10.62624454498291,0,2.083289623260498,51241313280,92471820288,
llama2_13b_4k,full,devastator,llama2_13b_4k/devastator/full,2,5,177.15577562339604,10.625066757202148,0,2.082432746887207,51241313280,92471820288,
llama2_13b_4k,full,devastator,llama2_13b_4k/devastator/full,2,6,177.15994781255722,10.62747573852539,0,2.0740439891815186,51241313280,92471820288,
llama2_13b_4k,full,devastator,llama2_13b_4k/devastator/full,2,7,177.1532846307382,10.627121925354004,0,2.0511131286621094,51241313280,92471820288,
llama2_13b_4k,full,devastator,llama2_13b_4k/devastator/full,2,8,177.1456542480737,10.626540184020996,0,2.0863356590270996,51241313280,92471820288,
llama2_13b_4k,full,devastator,llama2_13b_4k/devastator/full,2,9,177.13217089138925,10.624107360839844,0,2.0746452808380127,51241313280,92471820288,
llama2_13b_4k,full,devastator,llama2_13b_4k/devastator/full,2,10,177.11437509953976,10.621248245239258,0,2.019594192504883,51241313280,92471820288,
llama2_13b_4k,full,devastator,llama2_13b_4k/devastator/full,3,1,186.03758501913399,10.635211944580078,0,2.028700828552246,51241312256,88871010304,
llama2_13b_4k,full,devastator,llama2_13b_4k/devastator/full,3,2,177.32986240647733,10.62952995300293,0,2.0430352687835693,51241313280,92471820288,
llama2_13b_4k,full,devastator,llama2_13b_4k/devastator/full,3,3,177.15286406502128,10.6299467086792,0,2.0710370540618896,51241313280,92471820288,
llama2_13b_4k,full,devastator,llama2_13b_4k/devastator/full,3,4,177.15465462580323,10.62624454498291,0,2.083289623260498,51241313280,92471820288,
llama2_13b_4k,full,devastator,llama2_13b_4k/devastator/full,3,5,177.1556566664949,10.625066757202148,0,2.082432746887207,51241313280,92471820288,
llama2_13b_4k,full,devastator,llama2_13b_4k/devastator/full,3,6,177.15979562327266,10.62747573852539,0,2.0740439891815186,51241313280,92471820288,
llama2_13b_4k,full,devastator,llama2_13b_4k/devastator/full,3,7,177.1530910274014,10.627121925354004,0,2.0511131286621094,51241313280,92471820288,
llama2_13b_4k,full,devastator,llama2_13b_4k/devastator/full,3,8,177.14552288036793,10.626540184020996,0,2.0863356590270996,51241313280,92471820288,
llama2_13b_4k,full,devastator,llama2_13b_4k/devastator/full,3,9,177.13201147224754,10.624107360839844,0,2.0746452808380127,51241313280,92471820288,
llama2_13b_4k,full,devastator,llama2_13b_4k/devastator/full,3,10,177.1142384186387,10.621248245239258,0,2.019594192504883,51241313280,92471820288,
llama2_13b_4k,full,devastator,llama2_13b_4k/devastator/full,4,1,186.03799851518124,10.635211944580078,0,2.028700828552246,51242360832,88841650176,
llama2_13b_4k,full,devastator,llama2_13b_4k/devastator/full,4,2,177.3299616361037,10.62952995300293,0,2.0430352687835693,51242361856,92698312704,
llama2_13b_4k,full,devastator,llama2_13b_4k/devastator/full,4,3,177.15317043289542,10.6299467086792,0,2.0710370540618896,51242361856,92698312704,
llama2_13b_4k,full,devastator,llama2_13b_4k/devastator/full,4,4,177.15491071995348,10.62624454498291,0,2.083289623260498,51242361856,92698312704,
llama2_13b_4k,full,devastator,llama2_13b_4k/devastator/full,4,5,177.15584425162524,10.625066757202148,0,2.082432746887207,51242361856,92698312704,
llama2_13b_4k,full,devastator,llama2_13b_4k/devastator/full,4,6,177.16013773344457,10.62747573852539,0,2.0740439891815186,51242361856,92698312704,
llama2_13b_4k,full,devastator,llama2_13b_4k/devastator/full,4,7,177.153261073865,10.627121925354004,0,2.0511131286621094,51242361856,92698312704,
llama2_13b_4k,full,devastator,llama2_13b_4k/devastator/full,4,8,177.14572962652892,10.626540184020996,0,2.0863356590270996,51242361856,92698312704,
llama2_13b_4k,full,devastator,llama2_13b_4k/devastator/full,4,9,177.13236576505005,10.624107360839844,0,2.0746452808380127,51242361856,92698312704,
llama2_13b_4k,full,devastator,llama2_13b_4k/devastator/full,4,10,177.11443809699267,10.621248245239258,0,2.019594192504883,51242361856,92698312704,
llama2_13b_4k,full,devastator,llama2_13b_4k/devastator/full,5,1,186.03806310333312,10.635211944580078,0,2.028700828552246,51242360832,88841650176,
llama2_13b_4k,full,devastator,llama2_13b_4k/devastator/full,5,2,177.32978894095868,10.62952995300293,0,2.0430352687835693,51242361856,92698312704,
llama2_13b_4k,full,devastator,llama2_13b_4k/devastator/full,5,3,177.15288585517555,10.6299467086792,0,2.0710370540618896,51242361856,92698312704,
llama2_13b_4k,full,devastator,llama2_13b_4k/devastator/full,5,4,177.15476108994335,10.62624454498291,0,2.083289623260498,51242361856,92698312704,
llama2_13b_4k,full,devastator,llama2_13b_4k/devastator/full,5,5,177.15563749987632,10.625066757202148,0,2.082432746887207,51242361856,92698312704,
llama2_13b_4k,full,devastator,llama2_13b_4k/devastator/full,5,6,177.1598709532991,10.62747573852539,0,2.0740439891815186,51242361856,92698312704,
llama2_13b_4k,full,devastator,llama2_13b_4k/devastator/full,5,7,177.15321782510728,10.627121925354004,0,2.0511131286621094,51242361856,92698312704,
llama2_13b_4k,full,devastator,llama2_13b_4k/devastator/full,5,8,177.14553751889616,10.626540184020996,0,2.0863356590270996,51242361856,92698312704,
llama2_13b_4k,full,devastator,llama2_13b_4k/devastator/full,5,9,177.13206973299384,10.624107360839844,0,2.0746452808380127,51242361856,92698312704,
llama2_13b_4k,full,devastator,llama2_13b_4k/devastator/full,5,10,177.11432360950857,10.621248245239258,0,2.019594192504883,51242361856,92698312704,
llama2_13b_4k,full,devastator,llama2_13b_4k/devastator/full,6,1,186.0377049287781,10.635211944580078,0,2.028700828552246,51239215104,89332383744,
llama2_13b_4k,full,devastator,llama2_13b_4k/devastator/full,6,2,177.3306599892676,10.62952995300293,0,2.0430352687835693,51239216128,92880764928,
llama2_13b_4k,full,devastator,llama2_13b_4k/devastator/full,6,3,177.1530184727162,10.6299467086792,0,2.0710370540618896,51239216128,92880764928,
llama2_13b_4k,full,devastator,llama2_13b_4k/devastator/full,6,4,177.15480010397732,10.62624454498291,0,2.083289623260498,51239216128,92880764928,
llama2_13b_4k,full,devastator,llama2_13b_4k/devastator/full,6,5,177.15596938878298,10.625066757202148,0,2.082432746887207,51239216128,92880764928,
llama2_13b_4k,full,devastator,llama2_13b_4k/devastator/full,6,6,177.16009439714253,10.62747573852539,0,2.0740439891815186,51239216128,92880764928,
llama2_13b_4k,full,devastator,llama2_13b_4k/devastator/full,6,7,177.15326815564185,10.627121925354004,0,2.0511131286621094,51239216128,92880764928,
llama2_13b_4k,full,devastator,llama2_13b_4k/devastator/full,6,8,177.14556533563882,10.626540184020996,0,2.0863356590270996,51239216128,92880764928,
llama2_13b_4k,full,devastator,llama2_13b_4k/devastator/full,6,9,177.13217570539564,10.624107360839844,0,2.0746452808380127,51239216128,92880764928,
llama2_13b_4k,full,devastator,llama2_13b_4k/devastator/full,6,10,177.11464224942029,10.621248245239258,0,2.019594192504883,51239216128,92880764928,
llama2_13b_4k,full,devastator,llama2_13b_4k/devastator/full,7,1,186.03768514562398,10.635211944580078,0,2.028700828552246,51239215104,89332383744,
llama2_13b_4k,full,devastator,llama2_13b_4k/devastator/full,7,2,177.3299271967262,10.62952995300293,0,2.0430352687835693,51239216128,92878667776,
llama2_13b_4k,full,devastator,llama2_13b_4k/devastator/full,7,3,177.15307433437556,10.6299467086792,0,2.0710370540618896,51239216128,92880764928,
llama2_13b_4k,full,devastator,llama2_13b_4k/devastator/full,7,4,177.15467559173703,10.62624454498291,0,2.083289623260498,51239216128,92880764928,
llama2_13b_4k,full,devastator,llama2_13b_4k/devastator/full,7,5,177.1557363793254,10.625066757202148,0,2.082432746887207,51239216128,92880764928,
llama2_13b_4k,full,devastator,llama2_13b_4k/devastator/full,7,6,177.15995057672262,10.62747573852539,0,2.0740439891815186,51239216128,92880764928,
llama2_13b_4k,full,devastator,llama2_13b_4k/devastator/full,7,7,177.1530840098858,10.627121925354004,0,2.0511131286621094,51239216128,92880764928,
llama2_13b_4k,full,devastator,llama2_13b_4k/devastator/full,7,8,177.1455871583894,10.626540184020996,0,2.0863356590270996,51239216128,92880764928,
llama2_13b_4k,full,devastator,llama2_13b_4k/devastator/full,7,9,177.1322023170069,10.624107360839844,0,2.0746452808380127,51239216128,92880764928,
llama2_13b_4k,full,devastator,llama2_13b_4k/devastator/full,7,10,177.1143892146647,10.621248245239258,0,2.019594192504883,51239216128,92880764928,
llama2_13b_4k,full,galvatron,llama2_13b_4k/galvatron/full,0,1,215.81412435509264,,0,1.1157097279406882,40699341824,68952260608,9.817718381265238e-07
llama2_13b_4k,full,galvatron,llama2_13b_4k/galvatron/full,0,2,205.00082619208843,,0,1.1283288026622003,40700431872,93105160192,9.206544616434248e-07
llama2_13b_4k,full,galvatron,llama2_13b_4k/galvatron/full,0,3,204.89373127743602,,0,1.143358065464637,40702529536,93105160192,8.225243592119499e-07
llama2_13b_4k,full,galvatron,llama2_13b_4k/galvatron/full,0,4,205.36123781185597,,0,1.1456976665753082,40704627200,93105160192,6.971805834928398e-07
llama2_13b_4k,full,galvatron,llama2_13b_4k/galvatron/full,0,5,204.8750313958153,,0,1.1540284853316967,40706724864,93105160192,5.571396837256635e-07
llama2_13b_4k,full,galvatron,llama2_13b_4k/galvatron/full,0,6,204.90059293061495,,0,1.1504112980123333,40708822528,93105160192,4.1638583110227627e-07
llama2_13b_4k,full,galvatron,llama2_13b_4k/galvatron/full,0,7,205.00098228547722,,0,1.1412540947964964,40710920192,93105160192,2.889743906929609e-07
llama2_13b_4k,full,galvatron,llama2_13b_4k/galvatron/full,0,8,205.02719494327903,,0,1.1506328748674923,40713017856,93105160192,1.876283841110236e-07
llama2_13b_4k,full,galvatron,llama2_13b_4k/galvatron/full,0,9,204.78616922255605,,0,1.1496435566680248,40715115520,93105160192,1.224679970165746e-07
llama2_13b_4k,full,galvatron,llama2_13b_4k/galvatron/full,0,10,205.32307205256075,,0,1.1271764048132613,40717213184,93105160192,1e-07
llama2_13b_4k,full,galvatron,llama2_13b_4k/galvatron/full,1,1,215.8119897712022,,0,1.1157097279406882,40699341824,68952260608,9.817718381265238e-07
llama2_13b_4k,full,galvatron,llama2_13b_4k/galvatron/full,1,2,204.99870589654893,,0,1.1283288026622003,40700431872,93105160192,9.206544616434248e-07
llama2_13b_4k,full,galvatron,llama2_13b_4k/galvatron/full,1,3,204.89156103972346,,0,1.143358065464637,40702529536,93105160192,8.225243592119499e-07
llama2_13b_4k,full,galvatron,llama2_13b_4k/galvatron/full,1,4,205.35913408733904,,0,1.1456976665753082,40704627200,93105160192,6.971805834928398e-07
llama2_13b_4k,full,galvatron,llama2_13b_4k/galvatron/full,1,5,204.87277802918106,,0,1.1540284853316967,40706724864,93105160192,5.571396837256635e-07
llama2_13b_4k,full,galvatron,llama2_13b_4k/galvatron/full,1,6,204.898441568017,,0,1.1504112980123333,40708822528,93105160192,4.1638583110227627e-07
llama2_13b_4k,full,galvatron,llama2_13b_4k/galvatron/full,1,7,204.99884037859738,,0,1.1412540947964964,40710920192,93105160192,2.889743906929609e-07
llama2_13b_4k,full,galvatron,llama2_13b_4k/galvatron/full,1,8,205.02507625333965,,0,1.1506328748674923,40713017856,93105160192,1.876283841110236e-07
llama2_13b_4k,full,galvatron,llama2_13b_4k/galvatron/full,1,9,204.7841064464301,,0,1.1496435566680248,40715115520,93105160192,1.224679970165746e-07
llama2_13b_4k,full,galvatron,llama2_13b_4k/galvatron/full,1,10,205.32098540943116,,0,1.1271764048132613,40717213184,93105160192,1e-07
llama2_13b_4k,full,galvatron,llama2_13b_4k/galvatron/full,2,1,215.80439001973718,,0,1.1157097279406882,40699341824,68998397952,9.817718381265238e-07
llama2_13b_4k,full,galvatron,llama2_13b_4k/galvatron/full,2,2,204.99897987022996,,0,1.1283288026622003,40700431872,92759130112,9.206544616434248e-07
llama2_13b_4k,full,galvatron,llama2_13b_4k/galvatron/full,2,3,204.89194090198725,,0,1.143358065464637,40702529536,93088382976,8.225243592119499e-07
llama2_13b_4k,full,galvatron,llama2_13b_4k/galvatron/full,2,4,205.3593917042017,,0,1.1456976665753082,40704627200,93088382976,6.971805834928398e-07
llama2_13b_4k,full,galvatron,llama2_13b_4k/galvatron/full,2,5,204.87318915687501,,0,1.1540284853316967,40706724864,93088382976,5.571396837256635e-07
llama2_13b_4k,full,galvatron,llama2_13b_4k/galvatron/full,2,6,204.89876328967512,,0,1.1504112980123333,40708822528,93088382976,4.1638583110227627e-07
llama2_13b_4k,full,galvatron,llama2_13b_4k/galvatron/full,2,7,204.9992496818304,,0,1.1412540947964964,40710920192,93088382976,2.889743906929609e-07
llama2_13b_4k,full,galvatron,llama2_13b_4k/galvatron/full,2,8,205.02533785440028,,0,1.1506328748674923,40713017856,93088382976,1.876283841110236e-07
llama2_13b_4k,full,galvatron,llama2_13b_4k/galvatron/full,2,9,204.78437170013785,,0,1.1496435566680248,40715115520,93088382976,1.224679970165746e-07
llama2_13b_4k,full,galvatron,llama2_13b_4k/galvatron/full,2,10,205.3213058738038,,0,1.1271764048132613,40717213184,93088382976,1e-07
llama2_13b_4k,full,galvatron,llama2_13b_4k/galvatron/full,3,1,215.81178072746843,,0,1.1157097279406882,40699341824,68998397952,9.817718381265238e-07
llama2_13b_4k,full,galvatron,llama2_13b_4k/galvatron/full,3,2,204.9987493949011,,0,1.1283288026622003,40700431872,92759130112,9.206544616434248e-07
llama2_13b_4k,full,galvatron,llama2_13b_4k/galvatron/full,3,3,204.89168525207788,,0,1.143358065464637,40702529536,93088382976,8.225243592119499e-07
llama2_13b_4k,full,galvatron,llama2_13b_4k/galvatron/full,3,4,205.35916495788842,,0,1.1456976665753082,40704627200,93088382976,6.971805834928398e-07
llama2_13b_4k,full,galvatron,llama2_13b_4k/galvatron/full,3,5,204.87294701766223,,0,1.1540284853316967,40706724864,93088382976,5.571396837256635e-07
llama2_13b_4k,full,galvatron,llama2_13b_4k/galvatron/full,3,6,204.89858397189528,,0,1.1504112980123333,40708822528,93088382976,4.1638583110227627e-07
llama2_13b_4k,full,galvatron,llama2_13b_4k/galvatron/full,3,7,204.9988614944741,,0,1.1412540947964964,40710920192,93088382976,2.889743906929609e-07
llama2_13b_4k,full,galvatron,llama2_13b_4k/galvatron/full,3,8,205.0251147095114,,0,1.1506328748674923,40713017856,93088382976,1.876283841110236e-07
llama2_13b_4k,full,galvatron,llama2_13b_4k/galvatron/full,3,9,204.7841044301167,,0,1.1496435566680248,40715115520,93088382976,1.224679970165746e-07
llama2_13b_4k,full,galvatron,llama2_13b_4k/galvatron/full,3,10,205.32103899028152,,0,1.1271764048132613,40717213184,93088382976,1e-07
llama2_13b_4k,full,galvatron,llama2_13b_4k/galvatron/full,4,1,215.66072446573526,10.63284918665886,0,1.1157097279406882,46391396352,78395736064,9.817718381265238e-07
llama2_13b_4k,full,galvatron,llama2_13b_4k/galvatron/full,4,2,205.01602527219802,10.63761181011796,0,1.1283288026622003,46393494016,96552878080,9.206544616434248e-07
llama2_13b_4k,full,galvatron,llama2_13b_4k/galvatron/full,4,3,204.90897534880787,10.638260405510664,0,1.143358065464637,46395591680,96552878080,8.225243592119499e-07
llama2_13b_4k,full,galvatron,llama2_13b_4k/galvatron/full,4,4,205.37643469125032,10.636349566280842,0,1.1456976665753082,46397689344,96552878080,6.971805834928398e-07
llama2_13b_4k,full,galvatron,llama2_13b_4k/galvatron/full,4,5,204.89033496566117,10.636053021997213,0,1.1540284853316967,46399787008,96552878080,5.571396837256635e-07
llama2_13b_4k,full,galvatron,llama2_13b_4k/galvatron/full,4,6,204.9158133836463,10.636385709047318,0,1.1504112980123333,46401884672,96552878080,4.1638583110227627e-07
llama2_13b_4k,full,galvatron,llama2_13b_4k/galvatron/full,4,7,205.01621932536364,10.634604047983885,0,1.1412540947964964,46403982336,96552878080,2.889743906929609e-07
llama2_13b_4k,full,galvatron,llama2_13b_4k/galvatron/full,4,8,205.04237461835146,10.63165608793497,0,1.1506328748674923,46406080000,96552878080,1.876283841110236e-07
llama2_13b_4k,full,galvatron,llama2_13b_4k/galvatron/full,4,9,204.8013852275908,10.629689302295446,0,1.1496435566680248,46408177664,96552878080,1.224679970165746e-07
llama2_13b_4k,full,galvatron,llama2_13b_4k/galvatron/full,4,10,205.3383060004562,10.630536288022995,0,1.1271764048132613,46410275328,96552878080,1e-07
llama2_13b_4k,full,galvatron,llama2_13b_4k/galvatron/full,5,1,215.64811530523002,10.63284918665886,0,1.1157097279406882,46391396352,78395736064,9.817718381265238e-07
llama2_13b_4k,full,galvatron,llama2_13b_4k/galvatron/full,5,2,205.01583971641958,10.63761181011796,0,1.1283288026622003,46393494016,96385105920,9.206544616434248e-07
llama2_13b_4k,full,galvatron,llama2_13b_4k/galvatron/full,5,3,204.90873766317964,10.638260405510664,0,1.143358065464637,46395591680,96385105920,8.225243592119499e-07
llama2_13b_4k,full,galvatron,llama2_13b_4k/galvatron/full,5,4,205.37624187301844,10.636349566280842,0,1.1456976665753082,46397689344,96385105920,6.971805834928398e-07
llama2_13b_4k,full,galvatron,llama2_13b_4k/galvatron/full,5,5,204.89008742943406,10.636053021997213,0,1.1540284853316967,46399787008,96385105920,5.571396837256635e-07
llama2_13b_4k,full,galvatron,llama2_13b_4k/galvatron/full,5,6,204.91560044698417,10.636385709047318,0,1.1504112980123333,46401884672,96385105920,4.1638583110227627e-07
llama2_13b_4k,full,galvatron,llama2_13b_4k/galvatron/full,5,7,205.01609804481268,10.634604047983885,0,1.1412540947964964,46403982336,96385105920,2.889743906929609e-07
llama2_13b_4k,full,galvatron,llama2_13b_4k/galvatron/full,5,8,205.04226631857455,10.63165608793497,0,1.1506328748674923,46406080000,96385105920,1.876283841110236e-07
llama2_13b_4k,full,galvatron,llama2_13b_4k/galvatron/full,5,9,204.80124387703836,10.629689302295446,0,1.1496435566680248,46408177664,96385105920,1.224679970165746e-07
llama2_13b_4k,full,galvatron,llama2_13b_4k/galvatron/full,5,10,205.33829407952726,10.630536288022995,0,1.1271764048132613,46410275328,96385105920,1e-07
llama2_13b_4k,full,galvatron,llama2_13b_4k/galvatron/full,6,1,215.64114945661277,10.63284918665886,0,1.1157097279406882,46391396352,78395736064,9.817718381265238e-07
llama2_13b_4k,full,galvatron,llama2_13b_4k/galvatron/full,6,2,205.0161004634574,10.63761181011796,0,1.1283288026622003,46393494016,96468992000,9.206544616434248e-07
llama2_13b_4k,full,galvatron,llama2_13b_4k/galvatron/full,6,3,204.90902210399508,10.638260405510664,0,1.143358065464637,46395591680,96468992000,8.225243592119499e-07
llama2_13b_4k,full,galvatron,llama2_13b_4k/galvatron/full,6,4,205.37656798306853,10.636349566280842,0,1.1456976665753082,46397689344,96468992000,6.971805834928398e-07
llama2_13b_4k,full,galvatron,llama2_13b_4k/galvatron/full,6,5,204.8902608640492,10.636053021997213,0,1.1540284853316967,46399787008,96468992000,5.571396837256635e-07
llama2_13b_4k,full,galvatron,llama2_13b_4k/galvatron/full,6,6,204.91588196065277,10.636385709047318,0,1.1504112980123333,46401884672,96468992000,4.1638583110227627e-07
llama2_13b_4k,full,galvatron,llama2_13b_4k/galvatron/full,6,7,205.0163454124704,10.634604047983885,0,1.1412540947964964,46403982336,96468992000,2.889743906929609e-07
llama2_13b_4k,full,galvatron,llama2_13b_4k/galvatron/full,6,8,205.0423619840294,10.63165608793497,0,1.1506328748674923,46406080000,96468992000,1.876283841110236e-07
llama2_13b_4k,full,galvatron,llama2_13b_4k/galvatron/full,6,9,204.8015608675778,10.629689302295446,0,1.1496435566680248,46408177664,96468992000,1.224679970165746e-07
llama2_13b_4k,full,galvatron,llama2_13b_4k/galvatron/full,6,10,205.33842788636684,10.630536288022995,0,1.1271764048132613,46410275328,96468992000,1e-07
llama2_13b_4k,full,galvatron,llama2_13b_4k/galvatron/full,7,1,215.64490591641515,10.63284918665886,0,1.1157097279406882,46391396352,78395736064,9.817718381265238e-07
llama2_13b_4k,full,galvatron,llama2_13b_4k/galvatron/full,7,2,205.01619161944836,10.63761181011796,0,1.1283288026622003,46393494016,96385105920,9.206544616434248e-07
llama2_13b_4k,full,galvatron,llama2_13b_4k/galvatron/full,7,3,204.9091694066301,10.638260405510664,0,1.143358065464637,46395591680,96385105920,8.225243592119499e-07
llama2_13b_4k,full,galvatron,llama2_13b_4k/galvatron/full,7,4,205.37663939315826,10.636349566280842,0,1.1456976665753082,46397689344,96385105920,6.971805834928398e-07
llama2_13b_4k,full,galvatron,llama2_13b_4k/galvatron/full,7,5,204.89039672445506,10.636053021997213,0,1.1540284853316967,46399787008,96385105920,5.571396837256635e-07
llama2_13b_4k,full,galvatron,llama2_13b_4k/galvatron/full,7,6,204.91620129533112,10.636385709047318,0,1.1504112980123333,46401884672,96385105920,4.1638583110227627e-07
llama2_13b_4k,full,galvatron,llama2_13b_4k/galvatron/full,7,7,205.01644981559366,10.634604047983885,0,1.1412540947964964,46403982336,96385105920,2.889743906929609e-07
llama2_13b_4k,full,galvatron,llama2_13b_4k/galvatron/full,7,8,205.042522049509,10.63165608793497,0,1.1506328748674923,46406080000,96385105920,1.876283841110236e-07
llama2_13b_4k,full,galvatron,llama2_13b_4k/galvatron/full,7,9,204.80163317918777,10.629689302295446,0,1.1496435566680248,46408177664,96385105920,1.224679970165746e-07
llama2_13b_4k,full,galvatron,llama2_13b_4k/galvatron/full,7,10,205.33858421444893,10.630536288022995,0,1.1271764048132613,46410275328,96385105920,1e-07
llama3_8b_8k,common,devastator,llama3_8b_8k/devastator/common,0,1,48.50278451293707,11.974005818367004,0,13.597825695583134,24310285312,65808629760,9.817718381265238e-07
llama3_8b_8k,common,devastator,llama3_8b_8k/devastator/common,0,2,33.63978693727404,11.984336495399475,0,13.851326757018171,24314480128,80348184576,9.206544616434248e-07
llama3_8b_8k,common,devastator,llama3_8b_8k/devastator/common,0,3,33.64657608419657,11.846348404884338,0,13.715214788665133,24318674944,80348184576,8.225243592119499e-07
llama3_8b_8k,common,devastator,llama3_8b_8k/devastator/common,0,4,33.6616099961102,11.689793884754181,0,14.444589963000638,24322869760,80348184576,6.971805834928398e-07
llama3_8b_8k,common,devastator,llama3_8b_8k/devastator/common,0,5,33.657260255888104,11.61677348613739,0,13.412761680702461,24327064576,80348184576,5.571396837256635e-07
llama3_8b_8k,common,devastator,llama3_8b_8k/devastator/common,0,6,33.64167778007686,11.507372617721558,0,13.941470277766953,24331259392,80348184576,4.1638583110227627e-07
llama3_8b_8k,common,devastator,llama3_8b_8k/devastator/common,0,7,33.661042594350874,11.40763008594513,0,14.297835521012875,24335454208,80348184576,2.889743906929609e-07
llama3_8b_8k,common,devastator,llama3_8b_8k/devastator/common,0,8,33.66924922261387,11.323424696922302,0,15.036471976562625,24339649024,80348184576,1.876283841110236e-07
llama3_8b_8k,common,devastator,llama3_8b_8k/devastator/common,0,9,33.65138183534145,11.321003139019012,0,14.372277043395364,24343843840,80348184576,1.224679970165746e-07
llama3_8b_8k,common,devastator,llama3_8b_8k/devastator/common,0,10,33.64932872541249,11.254806578159332,0,15.455440336215856,24348038656,80348184576,1e-07
llama3_8b_8k,common,devastator,llama3_8b_8k/devastator/common,1,1,48.50143197737634,11.974005818367004,0,13.597825695583134,24310285312,65808629760,9.817718381265238e-07
llama3_8b_8k,common,devastator,llama3_8b_8k/devastator/common,1,2,33.63923139963299,11.984336495399475,0,13.851326757018171,24314480128,80348184576,9.206544616434248e-07
llama3_8b_8k,common,devastator,llama3_8b_8k/devastator/common,1,3,33.64605340361595,11.846348404884338,0,13.715214788665133,24318674944,80348184576,8.225243592119499e-07
llama3_8b_8k,common,devastator,llama3_8b_8k/devastator/common,1,4,33.66110258642584,11.689793884754181,0,14.444589963000638,24322869760,80348184576,6.971805834928398e-07
llama3_8b_8k,common,devastator,llama3_8b_8k/devastator/common,1,5,33.65671376604587,11.61677348613739,0,13.412761680702461,24327064576,80348184576,5.571396837256635e-07
llama3_8b_8k,common,devastator,llama3_8b_8k/devastator/common,1,6,33.64108773134649,11.507372617721558,0,13.941470277766953,24331259392,80348184576,4.1638583110227627e-07
llama3_8b_8k,common,devastator,llama3_8b_8k/devastator/common,1,7,33.66043918207288,11.40763008594513,0,14.297835521012875,24335454208,80348184576,2.889743906929609e-07
llama3_8b_8k,common,devastator,llama3_8b_8k/devastator/common,1,8,33.66872300673276,11.323424696922302,0,15.036471976562625,24339649024,80348184576,1.876283841110236e-07
llama3_8b_8k,common,devastator,llama3_8b_8k/devastator/common,1,9,33.65083143580705,11.321003139019012,0,14.372277043395364,24343843840,80348184576,1.224679970165746e-07
llama3_8b_8k,common,devastator,llama3_8b_8k/devastator/common,1,10,33.648814539425075,11.254806578159332,0,15.455440336215856,24348038656,80348184576,1e-07
llama3_8b_8k,common,devastator,llama3_8b_8k/devastator/common,2,1,48.50137902703136,11.974005818367004,0,13.597825695583134,24310285312,65808629760,9.817718381265238e-07
llama3_8b_8k,common,devastator,llama3_8b_8k/devastator/common,2,2,33.63931371178478,11.984336495399475,0,13.851326757018171,24314480128,80348184576,9.206544616434248e-07
llama3_8b_8k,common,devastator,llama3_8b_8k/devastator/common,2,3,33.646073035895824,11.846348404884338,0,13.715214788665133,24318674944,80348184576,8.225243592119499e-07
llama3_8b_8k,common,devastator,llama3_8b_8k/devastator/common,2,4,33.66113218571991,11.689793884754181,0,14.444589963000638,24322869760,80348184576,6.971805834928398e-07
llama3_8b_8k,common,devastator,llama3_8b_8k/devastator/common,2,5,33.656820226460695,11.61677348613739,0,13.412761680702461,24327064576,80348184576,5.571396837256635e-07
llama3_8b_8k,common,devastator,llama3_8b_8k/devastator/common,2,6,33.64114553015679,11.507372617721558,0,13.941470277766953,24331259392,80348184576,4.1638583110227627e-07
llama3_8b_8k,common,devastator,llama3_8b_8k/devastator/common,2,7,33.66047814767808,11.40763008594513,0,14.297835521012875,24335454208,80348184576,2.889743906929609e-07
llama3_8b_8k,common,devastator,llama3_8b_8k/devastator/common,2,8,33.66874720621854,11.323424696922302,0,15.036471976562625,24339649024,80348184576,1.876283841110236e-07
llama3_8b_8k,common,devastator,llama3_8b_8k/devastator/common,2,9,33.65086765959859,11.321003139019012,0,14.372277043395364,24343843840,80348184576,1.224679970165746e-07
llama3_8b_8k,common,devastator,llama3_8b_8k/devastator/common,2,10,33.64887666795403,11.254806578159332,0,15.455440336215856,24348038656,80348184576,1e-07
llama3_8b_8k,common,devastator,llama3_8b_8k/devastator/common,3,1,48.49619509279728,11.974005818367004,0,13.597825695583134,24310285312,65697480704,9.817718381265238e-07
llama3_8b_8k,common,devastator,llama3_8b_8k/devastator/common,3,2,33.63927015848458,11.984336495399475,0,13.851326757018171,24314480128,80348184576,9.206544616434248e-07
llama3_8b_8k,common,devastator,llama3_8b_8k/devastator/common,3,3,33.64616198744625,11.846348404884338,0,13.715214788665133,24318674944,80348184576,8.225243592119499e-07
llama3_8b_8k,common,devastator,llama3_8b_8k/devastator/common,3,4,33.66111719980836,11.689793884754181,0,14.444589963000638,24322869760,80348184576,6.971805834928398e-07
llama3_8b_8k,common,devastator,llama3_8b_8k/devastator/common,3,5,33.656804943457246,11.61677348613739,0,13.412761680702461,24327064576,80348184576,5.571396837256635e-07
llama3_8b_8k,common,devastator,llama3_8b_8k/devastator/common,3,6,33.64118127524853,11.507372617721558,0,13.941470277766953,24331259392,80348184576,4.1638583110227627e-07
llama3_8b_8k,common,devastator,llama3_8b_8k/devastator/common,3,7,33.660592403262854,11.40763008594513,0,14.297835521012875,24335454208,80348184576,2.889743906929609e-07
llama3_8b_8k,common,devastator,llama3_8b_8k/devastator/common,3,8,33.6687619658187,11.323424696922302,0,15.036471976562625,24339649024,80348184576,1.876283841110236e-07
llama3_8b_8k,common,devastator,llama3_8b_8k/devastator/common,3,9,33.65095583163202,11.321003139019012,0,14.372277043395364,24343843840,80348184576,1.224679970165746e-07
llama3_8b_8k,common,devastator,llama3_8b_8k/devastator/common,3,10,33.64884962141514,11.254806578159332,0,15.455440336215856,24348038656,80348184576,1e-07
llama3_8b_8k,common,devastator,llama3_8b_8k/devastator/common,4,1,48.49986814241856,11.974005818367004,0,13.597825695583134,24310285312,65655537664,9.817718381265238e-07
llama3_8b_8k,common,devastator,llama3_8b_8k/devastator/common,4,2,33.639033291488886,11.984336495399475,0,13.851326757018171,24314480128,80306241536,9.206544616434248e-07
llama3_8b_8k,common,devastator,llama3_8b_8k/devastator/common,4,3,33.645801913924515,11.846348404884338,0,13.715214788665133,24318674944,80306241536,8.225243592119499e-07
llama3_8b_8k,common,devastator,llama3_8b_8k/devastator/common,4,4,33.66080202721059,11.689793884754181,0,14.444589963000638,24322869760,80306241536,6.971805834928398e-07
llama3_8b_8k,common,devastator,llama3_8b_8k/devastator/common,4,5,33.6564931795001,11.61677348613739,0,13.412761680702461,24327064576,80306241536,5.571396837256635e-07
llama3_8b_8k,common,devastator,llama3_8b_8k/devastator/common,4,6,33.64088874962181,11.507372617721558,0,13.941470277766953,24331259392,80306241536,4.1638583110227627e-07
llama3_8b_8k,common,devastator,llama3_8b_8k/devastator/common,4,7,33.66021917574108,11.40763008594513,0,14.297835521012875,24335454208,80306241536,2.889743906929609e-07
llama3_8b_8k,common,devastator,llama3_8b_8k/devastator/common,4,8,33.668475412763655,11.323424696922302,0,15.036471976562625,24339649024,80306241536,1.876283841110236e-07
llama3_8b_8k,common,devastator,llama3_8b_8k/devastator/common,4,9,33.650592654943466,11.321003139019012,0,14.372277043395364,24343843840,80306241536,1.224679970165746e-07
llama3_8b_8k,common,devastator,llama3_8b_8k/devastator/common,4,10,33.64851596020162,11.254806578159332,0,15.455440336215856,24348038656,80306241536,1e-07
llama3_8b_8k,common,devastator,llama3_8b_8k/devastator/common,5,1,48.49990759417415,11.974005818367004,0,13.597825695583134,24310285312,65655537664,9.817718381265238e-07
llama3_8b_8k,common,devastator,llama3_8b_8k/devastator/common,5,2,33.63906112592667,11.984336495399475,0,13.851326757018171,24314480128,80306241536,9.206544616434248e-07
llama3_8b_8k,common,devastator,llama3_8b_8k/devastator/common,5,3,33.64585836417973,11.846348404884338,0,13.715214788665133,24318674944,80306241536,8.225243592119499e-07
llama3_8b_8k,common,devastator,llama3_8b_8k/devastator/common,5,4,33.66088986210525,11.689793884754181,0,14.444589963000638,24322869760,80306241536,6.971805834928398e-07
llama3_8b_8k,common,devastator,llama3_8b_8k/devastator/common,5,5,33.65657150838524,11.61677348613739,0,13.412761680702461,24327064576,80306241536,5.571396837256635e-07
llama3_8b_8k,common,devastator,llama3_8b_8k/devastator/common,5,6,33.640911707654595,11.507372617721558,0,13.941470277766953,24331259392,80306241536,4.1638583110227627e-07
llama3_8b_8k,common,devastator,llama3_8b_8k/devastator/common,5,7,33.66027310118079,11.40763008594513,0,14.297835521012875,24335454208,80306241536,2.889743906929609e-07
llama3_8b_8k,common,devastator,llama3_8b_8k/devastator/common,5,8,33.668574115261436,11.323424696922302,0,15.036471976562625,24339649024,80306241536,1.876283841110236e-07
llama3_8b_8k,common,devastator,llama3_8b_8k/devastator/common,5,9,33.65062074828893,11.321003139019012,0,14.372277043395364,24343843840,80306241536,1.224679970165746e-07
llama3_8b_8k,common,devastator,llama3_8b_8k/devastator/common,5,10,33.64858209434897,11.254806578159332,0,15.455440336215856,24348038656,80306241536,1e-07
llama3_8b_8k,common,devastator,llama3_8b_8k/devastator/common,6,1,48.499541752040386,11.974005818367004,0,13.597825695583134,24310285312,65655537664,9.817718381265238e-07
llama3_8b_8k,common,devastator,llama3_8b_8k/devastator/common,6,2,33.6391568435356,11.984336495399475,0,13.851326757018171,24314480128,80306241536,9.206544616434248e-07
llama3_8b_8k,common,devastator,llama3_8b_8k/devastator/common,6,3,33.645998664200306,11.846348404884338,0,13.715214788665133,24318674944,80306241536,8.225243592119499e-07
llama3_8b_8k,common,devastator,llama3_8b_8k/devastator/common,6,4,33.66095845680684,11.689793884754181,0,14.444589963000638,24322869760,80306241536,6.971805834928398e-07
llama3_8b_8k,common,devastator,llama3_8b_8k/devastator/common,6,5,33.65663315355778,11.61677348613739,0,13.412761680702461,24327064576,80306241536,5.571396837256635e-07
llama3_8b_8k,common,devastator,llama3_8b_8k/devastator/common,6,6,33.64105374738574,11.507372617721558,0,13.941470277766953,24331259392,80306241536,4.1638583110227627e-07
llama3_8b_8k,common,devastator,llama3_8b_8k/devastator/common,6,7,33.66038573347032,11.40763008594513,0,14.297835521012875,24335454208,80306241536,2.889743906929609e-07
llama3_8b_8k,common,devastator,llama3_8b_8k/devastator/common,6,8,33.66864491067827,11.323424696922302,0,15.036471976562625,24339649024,80306241536,1.876283841110236e-07
llama3_8b_8k,common,devastator,llama3_8b_8k/devastator/common,6,9,33.65074437018484,11.321003139019012,0,14.372277043395364,24343843840,80306241536,1.224679970165746e-07
llama3_8b_8k,common,devastator,llama3_8b_8k/devastator/common,6,10,33.648688992485404,11.254806578159332,0,15.455440336215856,24348038656,80306241536,1e-07
llama3_8b_8k,common,devastator,llama3_8b_8k/devastator/common,7,1,48.501119911670685,11.974005818367004,0,13.597825695583134,24310285312,65655537664,9.817718381265238e-07
llama3_8b_8k,common,devastator,llama3_8b_8k/devastator/common,7,2,33.63932799175382,11.984336495399475,0,13.851326757018171,24314480128,80306241536,9.206544616434248e-07
llama3_8b_8k,common,devastator,llama3_8b_8k/devastator/common,7,3,33.64607790950686,11.846348404884338,0,13.715214788665133,24318674944,80306241536,8.225243592119499e-07
llama3_8b_8k,common,devastator,llama3_8b_8k/devastator/common,7,4,33.661101716570556,11.689793884754181,0,14.444589963000638,24322869760,80306241536,6.971805834928398e-07
llama3_8b_8k,common,devastator,llama3_8b_8k/devastator/common,7,5,33.65683831181377,11.61677348613739,0,13.412761680702461,24327064576,80306241536,5.571396837256635e-07
llama3_8b_8k,common,devastator,llama3_8b_8k/devastator/common,7,6,33.64109702408314,11.507372617721558,0,13.941470277766953,24331259392,80306241536,4.1638583110227627e-07
llama3_8b_8k,common,devastator,llama3_8b_8k/devastator/common,7,7,33.66051125898957,11.40763008594513,0,14.297835521012875,24335454208,80306241536,2.889743906929609e-07
llama3_8b_8k,common,devastator,llama3_8b_8k/devastator/common,7,8,33.66874451003969,11.323424696922302,0,15.036471976562625,24339649024,80306241536,1.876283841110236e-07
llama3_8b_8k,common,devastator,llama3_8b_8k/devastator/common,7,9,33.65084756538272,11.321003139019012,0,14.372277043395364,24343843840,80306241536,1.224679970165746e-07
llama3_8b_8k,common,devastator,llama3_8b_8k/devastator/common,7,10,33.648809417150915,11.254806578159332,0,15.455440336215856,24348038656,80306241536,1e-07
llama3_8b_8k,common,galvatron,llama3_8b_8k/devastator/common,0,1,48.50278451293707,11.974005818367004,0,13.597825695583134,24310285312,65808629760,9.817718381265238e-07
llama3_8b_8k,common,galvatron,llama3_8b_8k/devastator/common,0,2,33.63978693727404,11.984336495399475,0,13.851326757018171,24314480128,80348184576,9.206544616434248e-07
llama3_8b_8k,common,galvatron,llama3_8b_8k/devastator/common,0,3,33.64657608419657,11.846348404884338,0,13.715214788665133,24318674944,80348184576,8.225243592119499e-07
llama3_8b_8k,common,galvatron,llama3_8b_8k/devastator/common,0,4,33.6616099961102,11.689793884754181,0,14.444589963000638,24322869760,80348184576,6.971805834928398e-07
llama3_8b_8k,common,galvatron,llama3_8b_8k/devastator/common,0,5,33.657260255888104,11.61677348613739,0,13.412761680702461,24327064576,80348184576,5.571396837256635e-07
llama3_8b_8k,common,galvatron,llama3_8b_8k/devastator/common,0,6,33.64167778007686,11.507372617721558,0,13.941470277766953,24331259392,80348184576,4.1638583110227627e-07
llama3_8b_8k,common,galvatron,llama3_8b_8k/devastator/common,0,7,33.661042594350874,11.40763008594513,0,14.297835521012875,24335454208,80348184576,2.889743906929609e-07
llama3_8b_8k,common,galvatron,llama3_8b_8k/devastator/common,0,8,33.66924922261387,11.323424696922302,0,15.036471976562625,24339649024,80348184576,1.876283841110236e-07
llama3_8b_8k,common,galvatron,llama3_8b_8k/devastator/common,0,9,33.65138183534145,11.321003139019012,0,14.372277043395364,24343843840,80348184576,1.224679970165746e-07
llama3_8b_8k,common,galvatron,llama3_8b_8k/devastator/common,0,10,33.64932872541249,11.254806578159332,0,15.455440336215856,24348038656,80348184576,1e-07
llama3_8b_8k,common,galvatron,llama3_8b_8k/devastator/common,1,1,48.50143197737634,11.974005818367004,0,13.597825695583134,24310285312,65808629760,9.817718381265238e-07
llama3_8b_8k,common,galvatron,llama3_8b_8k/devastator/common,1,2,33.63923139963299,11.984336495399475,0,13.851326757018171,24314480128,80348184576,9.206544616434248e-07
llama3_8b_8k,common,galvatron,llama3_8b_8k/devastator/common,1,3,33.64605340361595,11.846348404884338,0,13.715214788665133,24318674944,80348184576,8.225243592119499e-07
llama3_8b_8k,common,galvatron,llama3_8b_8k/devastator/common,1,4,33.66110258642584,11.689793884754181,0,14.444589963000638,24322869760,80348184576,6.971805834928398e-07
llama3_8b_8k,common,galvatron,llama3_8b_8k/devastator/common,1,5,33.65671376604587,11.61677348613739,0,13.412761680702461,24327064576,80348184576,5.571396837256635e-07
llama3_8b_8k,common,galvatron,llama3_8b_8k/devastator/common,1,6,33.64108773134649,11.507372617721558,0,13.941470277766953,24331259392,80348184576,4.1638583110227627e-07
llama3_8b_8k,common,galvatron,llama3_8b_8k/devastator/common,1,7,33.66043918207288,11.40763008594513,0,14.297835521012875,24335454208,80348184576,2.889743906929609e-07
llama3_8b_8k,common,galvatron,llama3_8b_8k/devastator/common,1,8,33.66872300673276,11.323424696922302,0,15.036471976562625,24339649024,80348184576,1.876283841110236e-07
llama3_8b_8k,common,galvatron,llama3_8b_8k/devastator/common,1,9,33.65083143580705,11.321003139019012,0,14.372277043395364,24343843840,80348184576,1.224679970165746e-07
llama3_8b_8k,common,galvatron,llama3_8b_8k/devastator/common,1,10,33.648814539425075,11.254806578159332,0,15.455440336215856,24348038656,80348184576,1e-07
llama3_8b_8k,common,galvatron,llama3_8b_8k/devastator/common,2,1,48.50137902703136,11.974005818367004,0,13.597825695583134,24310285312,65808629760,9.817718381265238e-07
llama3_8b_8k,common,galvatron,llama3_8b_8k/devastator/common,2,2,33.63931371178478,11.984336495399475,0,13.851326757018171,24314480128,80348184576,9.206544616434248e-07
llama3_8b_8k,common,galvatron,llama3_8b_8k/devastator/common,2,3,33.646073035895824,11.846348404884338,0,13.715214788665133,24318674944,80348184576,8.225243592119499e-07
llama3_8b_8k,common,galvatron,llama3_8b_8k/devastator/common,2,4,33.66113218571991,11.689793884754181,0,14.444589963000638,24322869760,80348184576,6.971805834928398e-07
llama3_8b_8k,common,galvatron,llama3_8b_8k/devastator/common,2,5,33.656820226460695,11.61677348613739,0,13.412761680702461,24327064576,80348184576,5.571396837256635e-07
llama3_8b_8k,common,galvatron,llama3_8b_8k/devastator/common,2,6,33.64114553015679,11.507372617721558,0,13.941470277766953,24331259392,80348184576,4.1638583110227627e-07
llama3_8b_8k,common,galvatron,llama3_8b_8k/devastator/common,2,7,33.66047814767808,11.40763008594513,0,14.297835521012875,24335454208,80348184576,2.889743906929609e-07
llama3_8b_8k,common,galvatron,llama3_8b_8k/devastator/common,2,8,33.66874720621854,11.323424696922302,0,15.036471976562625,24339649024,80348184576,1.876283841110236e-07
llama3_8b_8k,common,galvatron,llama3_8b_8k/devastator/common,2,9,33.65086765959859,11.321003139019012,0,14.372277043395364,24343843840,80348184576,1.224679970165746e-07
llama3_8b_8k,common,galvatron,llama3_8b_8k/devastator/common,2,10,33.64887666795403,11.254806578159332,0,15.455440336215856,24348038656,80348184576,1e-07
llama3_8b_8k,common,galvatron,llama3_8b_8k/devastator/common,3,1,48.49619509279728,11.974005818367004,0,13.597825695583134,24310285312,65697480704,9.817718381265238e-07
llama3_8b_8k,common,galvatron,llama3_8b_8k/devastator/common,3,2,33.63927015848458,11.984336495399475,0,13.851326757018171,24314480128,80348184576,9.206544616434248e-07
llama3_8b_8k,common,galvatron,llama3_8b_8k/devastator/common,3,3,33.64616198744625,11.846348404884338,0,13.715214788665133,24318674944,80348184576,8.225243592119499e-07
llama3_8b_8k,common,galvatron,llama3_8b_8k/devastator/common,3,4,33.66111719980836,11.689793884754181,0,14.444589963000638,24322869760,80348184576,6.971805834928398e-07
llama3_8b_8k,common,galvatron,llama3_8b_8k/devastator/common,3,5,33.656804943457246,11.61677348613739,0,13.412761680702461,24327064576,80348184576,5.571396837256635e-07
llama3_8b_8k,common,galvatron,llama3_8b_8k/devastator/common,3,6,33.64118127524853,11.507372617721558,0,13.941470277766953,24331259392,80348184576,4.1638583110227627e-07
llama3_8b_8k,common,galvatron,llama3_8b_8k/devastator/common,3,7,33.660592403262854,11.40763008594513,0,14.297835521012875,24335454208,80348184576,2.889743906929609e-07
llama3_8b_8k,common,galvatron,llama3_8b_8k/devastator/common,3,8,33.6687619658187,11.323424696922302,0,15.036471976562625,24339649024,80348184576,1.876283841110236e-07
llama3_8b_8k,common,galvatron,llama3_8b_8k/devastator/common,3,9,33.65095583163202,11.321003139019012,0,14.372277043395364,24343843840,80348184576,1.224679970165746e-07
llama3_8b_8k,common,galvatron,llama3_8b_8k/devastator/common,3,10,33.64884962141514,11.254806578159332,0,15.455440336215856,24348038656,80348184576,1e-07
llama3_8b_8k,common,galvatron,llama3_8b_8k/devastator/common,4,1,48.49986814241856,11.974005818367004,0,13.597825695583134,24310285312,65655537664,9.817718381265238e-07
llama3_8b_8k,common,galvatron,llama3_8b_8k/devastator/common,4,2,33.639033291488886,11.984336495399475,0,13.851326757018171,24314480128,80306241536,9.206544616434248e-07
llama3_8b_8k,common,galvatron,llama3_8b_8k/devastator/common,4,3,33.645801913924515,11.846348404884338,0,13.715214788665133,24318674944,80306241536,8.225243592119499e-07
llama3_8b_8k,common,galvatron,llama3_8b_8k/devastator/common,4,4,33.66080202721059,11.689793884754181,0,14.444589963000638,24322869760,80306241536,6.971805834928398e-07
llama3_8b_8k,common,galvatron,llama3_8b_8k/devastator/common,4,5,33.6564931795001,11.61677348613739,0,13.412761680702461,24327064576,80306241536,5.571396837256635e-07
llama3_8b_8k,common,galvatron,llama3_8b_8k/devastator/common,4,6,33.64088874962181,11.507372617721558,0,13.941470277766953,24331259392,80306241536,4.1638583110227627e-07
llama3_8b_8k,common,galvatron,llama3_8b_8k/devastator/common,4,7,33.66021917574108,11.40763008594513,0,14.297835521012875,24335454208,80306241536,2.889743906929609e-07
llama3_8b_8k,common,galvatron,llama3_8b_8k/devastator/common,4,8,33.668475412763655,11.323424696922302,0,15.036471976562625,24339649024,80306241536,1.876283841110236e-07
llama3_8b_8k,common,galvatron,llama3_8b_8k/devastator/common,4,9,33.650592654943466,11.321003139019012,0,14.372277043395364,24343843840,80306241536,1.224679970165746e-07
llama3_8b_8k,common,galvatron,llama3_8b_8k/devastator/common,4,10,33.64851596020162,11.254806578159332,0,15.455440336215856,24348038656,80306241536,1e-07
llama3_8b_8k,common,galvatron,llama3_8b_8k/devastator/common,5,1,48.49990759417415,11.974005818367004,0,13.597825695583134,24310285312,65655537664,9.817718381265238e-07
llama3_8b_8k,common,galvatron,llama3_8b_8k/devastator/common,5,2,33.63906112592667,11.984336495399475,0,13.851326757018171,24314480128,80306241536,9.206544616434248e-07
llama3_8b_8k,common,galvatron,llama3_8b_8k/devastator/common,5,3,33.64585836417973,11.846348404884338,0,13.715214788665133,24318674944,80306241536,8.225243592119499e-07
llama3_8b_8k,common,galvatron,llama3_8b_8k/devastator/common,5,4,33.66088986210525,11.689793884754181,0,14.444589963000638,24322869760,80306241536,6.971805834928398e-07
llama3_8b_8k,common,galvatron,llama3_8b_8k/devastator/common,5,5,33.65657150838524,11.61677348613739,0,13.412761680702461,24327064576,80306241536,5.571396837256635e-07
llama3_8b_8k,common,galvatron,llama3_8b_8k/devastator/common,5,6,33.640911707654595,11.507372617721558,0,13.941470277766953,24331259392,80306241536,4.1638583110227627e-07
llama3_8b_8k,common,galvatron,llama3_8b_8k/devastator/common,5,7,33.66027310118079,11.40763008594513,0,14.297835521012875,24335454208,80306241536,2.889743906929609e-07
llama3_8b_8k,common,galvatron,llama3_8b_8k/devastator/common,5,8,33.668574115261436,11.323424696922302,0,15.036471976562625,24339649024,80306241536,1.876283841110236e-07
llama3_8b_8k,common,galvatron,llama3_8b_8k/devastator/common,5,9,33.65062074828893,11.321003139019012,0,14.372277043395364,24343843840,80306241536,1.224679970165746e-07
llama3_8b_8k,common,galvatron,llama3_8b_8k/devastator/common,5,10,33.64858209434897,11.254806578159332,0,15.455440336215856,24348038656,80306241536,1e-07
llama3_8b_8k,common,galvatron,llama3_8b_8k/devastator/common,6,1,48.499541752040386,11.974005818367004,0,13.597825695583134,24310285312,65655537664,9.817718381265238e-07
llama3_8b_8k,common,galvatron,llama3_8b_8k/devastator/common,6,2,33.6391568435356,11.984336495399475,0,13.851326757018171,24314480128,80306241536,9.206544616434248e-07
llama3_8b_8k,common,galvatron,llama3_8b_8k/devastator/common,6,3,33.645998664200306,11.846348404884338,0,13.715214788665133,24318674944,80306241536,8.225243592119499e-07
llama3_8b_8k,common,galvatron,llama3_8b_8k/devastator/common,6,4,33.66095845680684,11.689793884754181,0,14.444589963000638,24322869760,80306241536,6.971805834928398e-07
llama3_8b_8k,common,galvatron,llama3_8b_8k/devastator/common,6,5,33.65663315355778,11.61677348613739,0,13.412761680702461,24327064576,80306241536,5.571396837256635e-07
llama3_8b_8k,common,galvatron,llama3_8b_8k/devastator/common,6,6,33.64105374738574,11.507372617721558,0,13.941470277766953,24331259392,80306241536,4.1638583110227627e-07
llama3_8b_8k,common,galvatron,llama3_8b_8k/devastator/common,6,7,33.66038573347032,11.40763008594513,0,14.297835521012875,24335454208,80306241536,2.889743906929609e-07
llama3_8b_8k,common,galvatron,llama3_8b_8k/devastator/common,6,8,33.66864491067827,11.323424696922302,0,15.036471976562625,24339649024,80306241536,1.876283841110236e-07
llama3_8b_8k,common,galvatron,llama3_8b_8k/devastator/common,6,9,33.65074437018484,11.321003139019012,0,14.372277043395364,24343843840,80306241536,1.224679970165746e-07
llama3_8b_8k,common,galvatron,llama3_8b_8k/devastator/common,6,10,33.648688992485404,11.254806578159332,0,15.455440336215856,24348038656,80306241536,1e-07
llama3_8b_8k,common,galvatron,llama3_8b_8k/devastator/common,7,1,48.501119911670685,11.974005818367004,0,13.597825695583134,24310285312,65655537664,9.817718381265238e-07
llama3_8b_8k,common,galvatron,llama3_8b_8k/devastator/common,7,2,33.63932799175382,11.984336495399475,0,13.851326757018171,24314480128,80306241536,9.206544616434248e-07
llama3_8b_8k,common,galvatron,llama3_8b_8k/devastator/common,7,3,33.64607790950686,11.846348404884338,0,13.715214788665133,24318674944,80306241536,8.225243592119499e-07
llama3_8b_8k,common,galvatron,llama3_8b_8k/devastator/common,7,4,33.661101716570556,11.689793884754181,0,14.444589963000638,24322869760,80306241536,6.971805834928398e-07
llama3_8b_8k,common,galvatron,llama3_8b_8k/devastator/common,7,5,33.65683831181377,11.61677348613739,0,13.412761680702461,24327064576,80306241536,5.571396837256635e-07
llama3_8b_8k,common,galvatron,llama3_8b_8k/devastator/common,7,6,33.64109702408314,11.507372617721558,0,13.941470277766953,24331259392,80306241536,4.1638583110227627e-07
llama3_8b_8k,common,galvatron,llama3_8b_8k/devastator/common,7,7,33.66051125898957,11.40763008594513,0,14.297835521012875,24335454208,80306241536,2.889743906929609e-07
llama3_8b_8k,common,galvatron,llama3_8b_8k/devastator/common,7,8,33.66874451003969,11.323424696922302,0,15.036471976562625,24339649024,80306241536,1.876283841110236e-07
llama3_8b_8k,common,galvatron,llama3_8b_8k/devastator/common,7,9,33.65084756538272,11.321003139019012,0,14.372277043395364,24343843840,80306241536,1.224679970165746e-07
llama3_8b_8k,common,galvatron,llama3_8b_8k/devastator/common,7,10,33.648809417150915,11.254806578159332,0,15.455440336215856,24348038656,80306241536,1e-07
llama3_8b_8k,full,devastator,llama3_8b_8k/devastator/full,0,1,42.77418606355786,11.920263290405273,0,11.002685546875,36311371776,63193481216,
llama3_8b_8k,full,devastator,llama3_8b_8k/devastator/full,0,2,32.79292424954474,11.92506217956543,0,10.765867233276367,36311372800,71135395840,
llama3_8b_8k,full,devastator,llama3_8b_8k/devastator/full,0,3,32.79387615155429,11.906814575195312,0,10.892400741577148,36311372800,71135395840,
llama3_8b_8k,full,devastator,llama3_8b_8k/devastator/full,0,4,32.79455945920199,11.912527084350586,0,11.391283988952637,36311372800,71135395840,
llama3_8b_8k,full,devastator,llama3_8b_8k/devastator/full,0,5,32.79528301861137,11.87989616394043,0,10.542991638183594,36311372800,71135395840,
llama3_8b_8k,full,devastator,llama3_8b_8k/devastator/full,0,6,32.79397058673203,11.867574691772461,0,10.706427574157715,36311372800,71135395840,
llama3_8b_8k,full,devastator,llama3_8b_8k/devastator/full,0,7,32.78937583044171,11.807209014892578,0,11.066740989685059,36311372800,71135395840,
llama3_8b_8k,full,devastator,llama3_8b_8k/devastator/full,0,8,32.79074550420046,11.766067504882812,0,11.640249252319336,36311372800,71135395840,
llama3_8b_8k,full,devastator,llama3_8b_8k/devastator/full,0,9,32.785464126616716,11.772517204284668,0,10.933511734008789,36311372800,71135395840,
llama3_8b_8k,full,devastator,llama3_8b_8k/devastator/full,0,10,32.79684598557651,11.750727653503418,0,11.756532669067383,36311372800,71135395840,
llama3_8b_8k,full,devastator,llama3_8b_8k/devastator/full,1,1,42.77463002409786,11.920263290405273,0,11.002685546875,36311371776,63193481216,
llama3_8b_8k,full,devastator,llama3_8b_8k/devastator/full,1,2,32.7931068604812,11.92506217956543,0,10.765867233276367,36311372800,71135395840,
llama3_8b_8k,full,devastator,llama3_8b_8k/devastator/full,1,3,32.79392049834132,11.906814575195312,0,10.892400741577148,36311372800,71135395840,
llama3_8b_8k,full,devastator,llama3_8b_8k/devastator/full,1,4,32.79465417936444,11.912527084350586,0,11.391283988952637,36311372800,71135395840,
llama3_8b_8k,full,devastator,llama3_8b_8k/devastator/full,1,5,32.7954869819805,11.87989616394043,0,10.542991638183594,36311372800,71135395840,
llama3_8b_8k,full,devastator,llama3_8b_8k/devastator/full,1,6,32.79414248559624,11.867574691772461,0,10.706427574157715,36311372800,71135395840,
llama3_8b_8k,full,devastator,llama3_8b_8k/devastator/full,1,7,32.78953944146633,11.807209014892578,0,11.066740989685059,36311372800,71135395840,
llama3_8b_8k,full,devastator,llama3_8b_8k/devastator/full,1,8,32.790882744826376,11.766067504882812,0,11.640249252319336,36311372800,71135395840,
llama3_8b_8k,full,devastator,llama3_8b_8k/devastator/full,1,9,32.78553167916834,11.772517204284668,0,10.933511734008789,36311372800,71135395840,
llama3_8b_8k,full,devastator,llama3_8b_8k/devastator/full,1,10,32.79709097370505,11.750727653503418,0,11.756532669067383,36311372800,71135395840,
llama3_8b_8k,full,devastator,llama3_8b_8k/devastator/full,2,1,42.77396855689585,11.920263290405273,0,11.002685546875,36310392832,63136858112,
llama3_8b_8k,full,devastator,llama3_8b_8k/devastator/full,2,2,32.792945069260895,11.92506217956543,0,10.765867233276367,36310393856,71229767680,
llama3_8b_8k,full,devastator,llama3_8b_8k/devastator/full,2,3,32.79384194500744,11.906814575195312,0,10.892400741577148,36310393856,71229767680,
llama3_8b_8k,full,devastator,llama3_8b_8k/devastator/full,2,4,32.79454220086336,11.912527084350586,0,11.391283988952637,36310393856,71229767680,
llama3_8b_8k,full,devastator,llama3_8b_8k/devastator/full,2,5,32.795384175144136,11.87989616394043,0,10.542991638183594,36310393856,71229767680,
llama3_8b_8k,full,devastator,llama3_8b_8k/devastator/full,2,6,32.79396313149482,11.867574691772461,0,10.706427574157715,36310393856,71229767680,
llama3_8b_8k,full,devastator,llama3_8b_8k/devastator/full,2,7,32.78941721469164,11.807209014892578,0,11.066740989685059,36310393856,71229767680,
llama3_8b_8k,full,devastator,llama3_8b_8k/devastator/full,2,8,32.790550742298365,11.766067504882812,0,11.640249252319336,36310393856,71229767680,
llama3_8b_8k,full,devastator,llama3_8b_8k/devastator/full,2,9,32.785377440974116,11.772517204284668,0,10.933511734008789,36310393856,71229767680,
llama3_8b_8k,full,devastator,llama3_8b_8k/devastator/full,2,10,32.79692513216287,11.750727653503418,0,11.756532669067383,36310393856,71229767680,
llama3_8b_8k,full,devastator,llama3_8b_8k/devastator/full,3,1,42.77407861221582,11.920263290405273,0,11.002685546875,36310392832,63136858112,
llama3_8b_8k,full,devastator,llama3_8b_8k/devastator/full,3,2,32.79293973464519,11.92506217956543,0,10.765867233276367,36310393856,71229767680,
llama3_8b_8k,full,devastator,llama3_8b_8k/devastator/full,3,3,32.79392170347273,11.906814575195312,0,10.892400741577148,36310393856,71229767680,
llama3_8b_8k,full,devastator,llama3_8b_8k/devastator/full,3,4,32.794530153274536,11.912527084350586,0,11.391283988952637,36310393856,71229767680,
llama3_8b_8k,full,devastator,llama3_8b_8k/devastator/full,3,5,32.795297670178115,11.87989616394043,0,10.542991638183594,36310393856,71229767680,
llama3_8b_8k,full,devastator,llama3_8b_8k/devastator/full,3,6,32.794028834439814,11.867574691772461,0,10.706427574157715,36310393856,71229767680,
llama3_8b_8k,full,devastator,llama3_8b_8k/devastator/full,3,7,32.789400175213814,11.807209014892578,0,11.066740989685059,36310393856,71229767680,
llama3_8b_8k,full,devastator,llama3_8b_8k/devastator/full,3,8,32.790673862211406,11.766067504882812,0,11.640249252319336,36310393856,71229767680,
llama3_8b_8k,full,devastator,llama3_8b_8k/devastator/full,3,9,32.78541302680969,11.772517204284668,0,10.933511734008789,36310393856,71229767680,
llama3_8b_8k,full,devastator,llama3_8b_8k/devastator/full,3,10,32.796799855306745,11.750727653503418,0,11.756532669067383,36310393856,71229767680,
llama3_8b_8k,full,devastator,llama3_8b_8k/devastator/full,4,1,42.77401910349727,11.920263290405273,0,11.002685546875,36310376448,63170412544,
llama3_8b_8k,full,devastator,llama3_8b_8k/devastator/full,4,2,32.79290187358856,11.92506217956543,0,10.765867233276367,36310377472,71263322112,
llama3_8b_8k,full,devastator,llama3_8b_8k/devastator/full,4,3,32.79380279220641,11.906814575195312,0,10.892400741577148,36310377472,71263322112,
llama3_8b_8k,full,devastator,llama3_8b_8k/devastator/full,4,4,32.79446555208415,11.912527084350586,0,11.391283988952637,36310377472,71263322112,
llama3_8b_8k,full,devastator,llama3_8b_8k/devastator/full,4,5,32.795295007526875,11.87989616394043,0,10.542991638183594,36310377472,71263322112,
llama3_8b_8k,full,devastator,llama3_8b_8k/devastator/full,4,6,32.79401508718729,11.867574691772461,0,10.706427574157715,36310377472,71263322112,
llama3_8b_8k,full,devastator,llama3_8b_8k/devastator/full,4,7,32.78937769681215,11.807209014892578,0,11.066740989685059,36310377472,71263322112,
llama3_8b_8k,full,devastator,llama3_8b_8k/devastator/full,4,8,32.79060247913003,11.766067504882812,0,11.640249252319336,36310377472,71263322112,
llama3_8b_8k,full,devastator,llama3_8b_8k/devastator/full,4,9,32.78528939373791,11.772517204284668,0,10.933511734008789,36310377472,71263322112,
llama3_8b_8k,full,devastator,llama3_8b_8k/devastator/full,4,10,32.796743395738304,11.750727653503418,0,11.756532669067383,36310377472,71263322112,
llama3_8b_8k,full,devastator,llama3_8b_8k/devastator/full,5,1,42.77422792557627,11.920263290405273,0,11.002685546875,36310376448,63170412544,
llama3_8b_8k,full,devastator,llama3_8b_8k/devastator/full,5,2,32.79290800541639,11.92506217956543,0,10.765867233276367,36310377472,71263322112,
llama3_8b_8k,full,devastator,llama3_8b_8k/devastator/full,5,3,32.79381859395653,11.906814575195312,0,10.892400741577148,36310377472,71263322112,
llama3_8b_8k,full,devastator,llama3_8b_8k/devastator/full,5,4,32.794400612823665,11.912527084350586,0,11.391283988952637,36310377472,71263322112,
llama3_8b_8k,full,devastator,llama3_8b_8k/devastator/full,5,5,32.79531973414123,11.87989616394043,0,10.542991638183594,36310377472,71263322112,
llama3_8b_8k,full,devastator,llama3_8b_8k/devastator/full,5,6,32.7940364992246,11.867574691772461,0,10.706427574157715,36310377472,71263322112,
llama3_8b_8k,full,devastator,llama3_8b_8k/devastator/full,5,7,32.78939821943641,11.807209014892578,0,11.066740989685059,36310377472,71263322112,
llama3_8b_8k,full,devastator,llama3_8b_8k/devastator/full,5,8,32.790675706230104,11.766067504882812,0,11.640249252319336,36310377472,71263322112,
llama3_8b_8k,full,devastator,llama3_8b_8k/devastator/full,5,9,32.785179775208235,11.772517204284668,0,10.933511734008789,36310377472,71263322112,
llama3_8b_8k,full,devastator,llama3_8b_8k/devastator/full,5,10,32.79677551239729,11.750727653503418,0,11.756532669067383,36310377472,71263322112,
llama3_8b_8k,full,devastator,llama3_8b_8k/devastator/full,6,1,42.77402116637677,11.920263290405273,0,11.002685546875,36311388160,63220744192,
llama3_8b_8k,full,devastator,llama3_8b_8k/devastator/full,6,2,32.79286489635706,11.92506217956543,0,10.765867233276367,36311389184,71112327168,
llama3_8b_8k,full,devastator,llama3_8b_8k/devastator/full,6,3,32.79377708211541,11.906814575195312,0,10.892400741577148,36311389184,71112327168,
llama3_8b_8k,full,devastator,llama3_8b_8k/devastator/full,6,4,32.79450773168355,11.912527084350586,0,11.391283988952637,36311389184,71112327168,
llama3_8b_8k,full,devastator,llama3_8b_8k/devastator/full,6,5,32.7952993074432,11.87989616394043,0,10.542991638183594,36311389184,71112327168,
llama3_8b_8k,full,devastator,llama3_8b_8k/devastator/full,6,6,32.79408775642514,11.867574691772461,0,10.706427574157715,36311389184,71112327168,
llama3_8b_8k,full,devastator,llama3_8b_8k/devastator/full,6,7,32.78936485666782,11.807209014892578,0,11.066740989685059,36311389184,71112327168,
llama3_8b_8k,full,devastator,llama3_8b_8k/devastator/full,6,8,32.79068071115762,11.766067504882812,0,11.640249252319336,36311389184,71112327168,
llama3_8b_8k,full,devastator,llama3_8b_8k/devastator/full,6,9,32.78531365003437,11.772517204284668,0,10.933511734008789,36311389184,71112327168,
llama3_8b_8k,full,devastator,llama3_8b_8k/devastator/full,6,10,32.79665896482766,11.750727653503418,0,11.756532669067383,36311389184,71112327168,
llama3_8b_8k,full,devastator,llama3_8b_8k/devastator/full,7,1,42.77418627496809,11.920263290405273,0,11.002685546875,36311388160,63220744192,
llama3_8b_8k,full,devastator,llama3_8b_8k/devastator/full,7,2,32.79292462673038,11.92506217956543,0,10.765867233276367,36311389184,71112327168,
llama3_8b_8k,full,devastator,llama3_8b_8k/devastator/full,7,3,32.79378073383123,11.906814575195312,0,10.892400741577148,36311389184,71112327168,
llama3_8b_8k,full,devastator,llama3_8b_8k/devastator/full,7,4,32.79450061451644,11.912527084350586,0,11.391283988952637,36311389184,71112327168,
llama3_8b_8k,full,devastator,llama3_8b_8k/devastator/full,7,5,32.795337142422795,11.87989616394043,0,10.542991638183594,36311389184,71112327168,
llama3_8b_8k,full,devastator,llama3_8b_8k/devastator/full,7,6,32.79419762920588,11.867574691772461,0,10.706427574157715,36311389184,71112327168,
llama3_8b_8k,full,devastator,llama3_8b_8k/devastator/full,7,7,32.78943825606257,11.807209014892578,0,11.066740989685059,36311389184,71112327168,
llama3_8b_8k,full,devastator,llama3_8b_8k/devastator/full,7,8,32.79069926775992,11.766067504882812,0,11.640249252319336,36311389184,71112327168,
llama3_8b_8k,full,devastator,llama3_8b_8k/devastator/full,7,9,32.78528468683362,11.772517204284668,0,10.933511734008789,36311389184,71112327168,
llama3_8b_8k,full,devastator,llama3_8b_8k/devastator/full,7,10,32.79680354055017,11.750727653503418,0,11.756532669067383,36311389184,71112327168,
llama3_8b_8k,full,galvatron,llama3_8b_8k/galvatron/full,0,1,43.1253724116832,11.970355927944183,0,10.809191600063114,30836675584,84024492032,9.817718381265238e-07
llama3_8b_8k,full,galvatron,llama3_8b_8k/galvatron/full,0,2,33.12242939323187,11.960212647914886,0,10.955958545418369,30840870400,89542098944,9.206544616434248e-07
llama3_8b_8k,full,galvatron,llama3_8b_8k/galvatron/full,0,3,33.13525720406324,11.815338611602783,0,11.028494255648639,30845065216,89542098944,8.225243592119499e-07
llama3_8b_8k,full,galvatron,llama3_8b_8k/galvatron/full,0,4,33.12015441339463,11.645775556564331,0,11.663155236190443,30849260032,89542098944,6.971805834928398e-07
llama3_8b_8k,full,galvatron,llama3_8b_8k/galvatron/full,0,5,33.11344629805535,11.574187517166138,0,10.711715658845554,30853454848,89542098944,5.571396837256635e-07
llama3_8b_8k,full,galvatron,llama3_8b_8k/galvatron/full,0,6,33.02123726345599,11.461530685424805,0,11.271553246897973,30857649664,89542098944,4.1638583110227627e-07
llama3_8b_8k,full,galvatron,llama3_8b_8k/galvatron/full,0,7,32.81062958389521,11.332754850387573,0,11.525644650913918,30861844480,89542098944,2.889743906929609e-07
llama3_8b_8k,full,galvatron,llama3_8b_8k/galvatron/full,0,8,32.81150304060429,11.243448495864868,0,12.126136962439272,30866039296,89542098944,1.876283841110236e-07
llama3_8b_8k,full,galvatron,llama3_8b_8k/galvatron/full,0,9,32.809553591534495,11.250709295272827,0,11.749150671597766,30870234112,89542098944,1.224679970165746e-07
llama3_8b_8k,full,galvatron,llama3_8b_8k/galvatron/full,0,10,32.98123028036207,11.187619745731354,0,12.32160109878969,30874428928,89542098944,1e-07
llama3_8b_8k,full,galvatron,llama3_8b_8k/galvatron/full,1,1,43.12408781051636,11.970355927944183,0,10.809191600063114,30836675584,84024492032,9.817718381265238e-07
llama3_8b_8k,full,galvatron,llama3_8b_8k/galvatron/full,1,2,33.12162488885224,11.960212647914886,0,10.955958545418369,30840870400,89542098944,9.206544616434248e-07
llama3_8b_8k,full,galvatron,llama3_8b_8k/galvatron/full,1,3,33.13442015461624,11.815338611602783,0,11.028494255648639,30845065216,89542098944,8.225243592119499e-07
llama3_8b_8k,full,galvatron,llama3_8b_8k/galvatron/full,1,4,33.119331249035895,11.645775556564331,0,11.663155236190443,30849260032,89542098944,6.971805834928398e-07
llama3_8b_8k,full,galvatron,llama3_8b_8k/galvatron/full,1,5,33.1126473993063,11.574187517166138,0,10.711715658845554,30853454848,89542098944,5.571396837256635e-07
llama3_8b_8k,full,galvatron,llama3_8b_8k/galvatron/full,1,6,33.020344831980765,11.461530685424805,0,11.271553246897973,30857649664,89542098944,4.1638583110227627e-07
llama3_8b_8k,full,galvatron,llama3_8b_8k/galvatron/full,1,7,32.80990994721651,11.332754850387573,0,11.525644650913918,30861844480,89542098944,2.889743906929609e-07
llama3_8b_8k,full,galvatron,llama3_8b_8k/galvatron/full,1,8,32.81063683889806,11.243448495864868,0,12.126136962439272,30866039296,89542098944,1.876283841110236e-07
llama3_8b_8k,full,galvatron,llama3_8b_8k/galvatron/full,1,9,32.8087879922241,11.250709295272827,0,11.749150671597766,30870234112,89542098944,1.224679970165746e-07
llama3_8b_8k,full,galvatron,llama3_8b_8k/galvatron/full,1,10,32.98038569372147,11.187619745731354,0,12.32160109878969,30874428928,89542098944,1e-07
llama3_8b_8k,full,galvatron,llama3_8b_8k/galvatron/full,2,1,43.120647243224084,11.970355927944183,0,10.809191600063114,30836675584,84156612608,9.817718381265238e-07
llama3_8b_8k,full,galvatron,llama3_8b_8k/galvatron/full,2,2,33.12157213035971,11.960212647914886,0,10.955958545418369,30840870400,89674219520,9.206544616434248e-07
llama3_8b_8k,full,galvatron,llama3_8b_8k/galvatron/full,2,3,33.13448133971542,11.815338611602783,0,11.028494255648639,30845065216,89674219520,8.225243592119499e-07
llama3_8b_8k,full,galvatron,llama3_8b_8k/galvatron/full,2,4,33.11938432790339,11.645775556564331,0,11.663155236190443,30849260032,89674219520,6.971805834928398e-07
llama3_8b_8k,full,galvatron,llama3_8b_8k/galvatron/full,2,5,33.11267503909767,11.574187517166138,0,10.711715658845554,30853454848,89674219520,5.571396837256635e-07
llama3_8b_8k,full,galvatron,llama3_8b_8k/galvatron/full,2,6,33.020473442971706,11.461530685424805,0,11.271553246897973,30857649664,89674219520,4.1638583110227627e-07
llama3_8b_8k,full,galvatron,llama3_8b_8k/galvatron/full,2,7,32.809842424467206,11.332754850387573,0,11.525644650913918,30861844480,89674219520,2.889743906929609e-07
llama3_8b_8k,full,galvatron,llama3_8b_8k/galvatron/full,2,8,32.810663976706564,11.243448495864868,0,12.126136962439272,30866039296,89674219520,1.876283841110236e-07
llama3_8b_8k,full,galvatron,llama3_8b_8k/galvatron/full,2,9,32.808799986727536,11.250709295272827,0,11.749150671597766,30870234112,89674219520,1.224679970165746e-07
llama3_8b_8k,full,galvatron,llama3_8b_8k/galvatron/full,2,10,32.98039197642356,11.187619745731354,0,12.32160109878969,30874428928,89674219520,1e-07
llama3_8b_8k,full,galvatron,llama3_8b_8k/galvatron/full,3,1,43.11282178387046,11.970355927944183,0,10.809191600063114,30836675584,84156612608,9.817718381265238e-07
llama3_8b_8k,full,galvatron,llama3_8b_8k/galvatron/full,3,2,33.12156573217362,11.960212647914886,0,10.955958545418369,30840870400,89674219520,9.206544616434248e-07
llama3_8b_8k,full,galvatron,llama3_8b_8k/galvatron/full,3,3,33.13447141367942,11.815338611602783,0,11.028494255648639,30845065216,89674219520,8.225243592119499e-07
llama3_8b_8k,full,galvatron,llama3_8b_8k/galvatron/full,3,4,33.119384477846324,11.645775556564331,0,11.663155236190443,30849260032,89674219520,6.971805834928398e-07
llama3_8b_8k,full,galvatron,llama3_8b_8k/galvatron/full,3,5,33.11266539245844,11.574187517166138,0,10.711715658845554,30853454848,89674219520,5.571396837256635e-07
llama3_8b_8k,full,galvatron,llama3_8b_8k/galvatron/full,3,6,33.020402578637004,11.461530685424805,0,11.271553246897973,30857649664,89674219520,4.1638583110227627e-07
llama3_8b_8k,full,galvatron,llama3_8b_8k/galvatron/full,3,7,32.80987331457436,11.332754850387573,0,11.525644650913918,30861844480,89674219520,2.889743906929609e-07
llama3_8b_8k,full,galvatron,llama3_8b_8k/galvatron/full,3,8,32.810716047883034,11.243448495864868,0,12.126136962439272,30866039296,89674219520,1.876283841110236e-07
llama3_8b_8k,full,galvatron,llama3_8b_8k/galvatron/full,3,9,32.80879038013518,11.250709295272827,0,11.749150671597766,30870234112,89674219520,1.224679970165746e-07
llama3_8b_8k,full,galvatron,llama3_8b_8k/galvatron/full,3,10,32.98043103516102,11.187619745731354,0,12.32160109878969,30874428928,89674219520,1e-07
llama3_8b_8k,full,galvatron,llama3_8b_8k/galvatron/full,4,1,43.122594863176346,11.970355927944183,0,10.809191600063114,30836675584,84156612608,9.817718381265238e-07
llama3_8b_8k,full,galvatron,llama3_8b_8k/galvatron/full,4,2,33.12154754623771,11.960212647914886,0,10.955958545418369,30840870400,89674219520,9.206544616434248e-07
llama3_8b_8k,full,galvatron,llama3_8b_8k/galvatron/full,4,3,33.134383958764374,11.815338611602783,0,11.028494255648639,30845065216,89674219520,8.225243592119499e-07
llama3_8b_8k,full,galvatron,llama3_8b_8k/galvatron/full,4,4,33.119306216947734,11.645775556564331,0,11.663155236190443,30849260032,89674219520,6.971805834928398e-07
llama3_8b_8k,full,galvatron,llama3_8b_8k/galvatron/full,4,5,33.112603191286325,11.574187517166138,0,10.711715658845554,30853454848,89674219520,5.571396837256635e-07
llama3_8b_8k,full,galvatron,llama3_8b_8k/galvatron/full,4,6,33.020339887589216,11.461530685424805,0,11.271553246897973,30857649664,89674219520,4.1638583110227627e-07
llama3_8b_8k,full,galvatron,llama3_8b_8k/galvatron/full,4,7,32.80978896841407,11.332754850387573,0,11.525644650913918,30861844480,89674219520,2.889743906929609e-07
llama3_8b_8k,full,galvatron,llama3_8b_8k/galvatron/full,4,8,32.810610285028815,11.243448495864868,0,12.126136962439272,30866039296,89674219520,1.876283841110236e-07
llama3_8b_8k,full,galvatron,llama3_8b_8k/galvatron/full,4,9,32.80872284807265,11.250709295272827,0,11.749150671597766,30870234112,89674219520,1.224679970165746e-07
llama3_8b_8k,full,galvatron,llama3_8b_8k/galvatron/full,4,10,32.980425412766635,11.187619745731354,0,12.32160109878969,30874428928,89674219520,1e-07
llama3_8b_8k,full,galvatron,llama3_8b_8k/galvatron/full,5,1,43.12273146491498,11.970355927944183,0,10.809191600063114,30836675584,84156612608,9.817718381265238e-07
llama3_8b_8k,full,galvatron,llama3_8b_8k/galvatron/full,5,2,33.12144702952355,11.960212647914886,0,10.955958545418369,30840870400,89674219520,9.206544616434248e-07
llama3_8b_8k,full,galvatron,llama3_8b_8k/galvatron/full,5,3,33.134352625347674,11.815338611602783,0,11.028494255648639,30845065216,89674219520,8.225243592119499e-07
llama3_8b_8k,full,galvatron,llama3_8b_8k/galvatron/full,5,4,33.11926248576492,11.645775556564331,0,11.663155236190443,30849260032,89674219520,6.971805834928398e-07
llama3_8b_8k,full,galvatron,llama3_8b_8k/galvatron/full,5,5,33.11253720149398,11.574187517166138,0,10.711715658845554,30853454848,89674219520,5.571396837256635e-07
llama3_8b_8k,full,galvatron,llama3_8b_8k/galvatron/full,5,6,33.02033167053014,11.461530685424805,0,11.271553246897973,30857649664,89674219520,4.1638583110227627e-07
llama3_8b_8k,full,galvatron,llama3_8b_8k/galvatron/full,5,7,32.809774161316454,11.332754850387573,0,11.525644650913918,30861844480,89674219520,2.889743906929609e-07
llama3_8b_8k,full,galvatron,llama3_8b_8k/galvatron/full,5,8,32.81064375024289,11.243448495864868,0,12.126136962439272,30866039296,89674219520,1.876283841110236e-07
llama3_8b_8k,full,galvatron,llama3_8b_8k/galvatron/full,5,9,32.80866553261876,11.250709295272827,0,11.749150671597766,30870234112,89674219520,1.224679970165746e-07
llama3_8b_8k,full,galvatron,llama3_8b_8k/galvatron/full,5,10,32.98031366337091,11.187619745731354,0,12.32160109878969,30874428928,89674219520,1e-07
llama3_8b_8k,full,galvatron,llama3_8b_8k/galvatron/full,6,1,43.12281250860542,11.970355927944183,0,10.809191600063114,30836675584,84156612608,9.817718381265238e-07
llama3_8b_8k,full,galvatron,llama3_8b_8k/galvatron/full,6,2,33.12139433436096,11.960212647914886,0,10.955958545418369,30840870400,89674219520,9.206544616434248e-07
llama3_8b_8k,full,galvatron,llama3_8b_8k/galvatron/full,6,3,33.134336004033685,11.815338611602783,0,11.028494255648639,30845065216,89674219520,8.225243592119499e-07
llama3_8b_8k,full,galvatron,llama3_8b_8k/galvatron/full,6,4,33.11917448975146,11.645775556564331,0,11.663155236190443,30849260032,89674219520,6.971805834928398e-07
llama3_8b_8k,full,galvatron,llama3_8b_8k/galvatron/full,6,5,33.11251338850707,11.574187517166138,0,10.711715658845554,30853454848,89674219520,5.571396837256635e-07
llama3_8b_8k,full,galvatron,llama3_8b_8k/galvatron/full,6,6,33.020263556391,11.461530685424805,0,11.271553246897973,30857649664,89674219520,4.1638583110227627e-07
llama3_8b_8k,full,galvatron,llama3_8b_8k/galvatron/full,6,7,32.80967096798122,11.332754850387573,0,11.525644650913918,30861844480,89674219520,2.889743906929609e-07
llama3_8b_8k,full,galvatron,llama3_8b_8k/galvatron/full,6,8,32.81057536136359,11.243448495864868,0,12.126136962439272,30866039296,89674219520,1.876283841110236e-07
llama3_8b_8k,full,galvatron,llama3_8b_8k/galvatron/full,6,9,32.80858126375824,11.250709295272827,0,11.749150671597766,30870234112,89674219520,1.224679970165746e-07
llama3_8b_8k,full,galvatron,llama3_8b_8k/galvatron/full,6,10,32.98025291506201,11.187619745731354,0,12.32160109878969,30874428928,89674219520,1e-07
llama3_8b_8k,full,galvatron,llama3_8b_8k/galvatron/full,7,1,43.12282327655703,11.970355927944183,0,10.809191600063114,30836675584,84156612608,9.817718381265238e-07
llama3_8b_8k,full,galvatron,llama3_8b_8k/galvatron/full,7,2,33.12173302657902,11.960212647914886,0,10.955958545418369,30840870400,89674219520,9.206544616434248e-07
llama3_8b_8k,full,galvatron,llama3_8b_8k/galvatron/full,7,3,33.13463282585144,11.815338611602783,0,11.028494255648639,30845065216,89674219520,8.225243592119499e-07
llama3_8b_8k,full,galvatron,llama3_8b_8k/galvatron/full,7,4,33.11954316496849,11.645775556564331,0,11.663155236190443,30849260032,89674219520,6.971805834928398e-07
llama3_8b_8k,full,galvatron,llama3_8b_8k/galvatron/full,7,5,33.112824969924986,11.574187517166138,0,10.711715658845554,30853454848,89674219520,5.571396837256635e-07
llama3_8b_8k,full,galvatron,llama3_8b_8k/galvatron/full,7,6,33.02063371799886,11.461530685424805,0,11.271553246897973,30857649664,89674219520,4.1638583110227627e-07
llama3_8b_8k,full,galvatron,llama3_8b_8k/galvatron/full,7,7,32.81000225711614,11.332754850387573,0,11.525644650913918,30861844480,89674219520,2.889743906929609e-07
llama3_8b_8k,full,galvatron,llama3_8b_8k/galvatron/full,7,8,32.81090710684657,11.243448495864868,0,12.126136962439272,30866039296,89674219520,1.876283841110236e-07
llama3_8b_8k,full,galvatron,llama3_8b_8k/galvatron/full,7,9,32.808956095948815,11.250709295272827,0,11.749150671597766,30870234112,89674219520,1.224679970165746e-07
llama3_8b_8k,full,galvatron,llama3_8b_8k/galvatron/full,7,10,32.980583127588034,11.187619745731354,0,12.32160109878969,30874428928,89674219520,1e-07
qwen2_1p5b_32k,common,devastator,qwen2_1p5b_32k/devastator/common,0,1,77.5296661267057,,0,11.738152557530814,5554842624,51453624320,9.817718381265238e-07
qwen2_1p5b_32k,common,devastator,qwen2_1p5b_32k/devastator/common,0,2,56.484552366659045,,0,11.346785546414814,5572619776,55637442560,9.206544616434248e-07
qwen2_1p5b_32k,common,devastator,qwen2_1p5b_32k/devastator/common,0,3,56.476763397455215,,0,11.192946828955291,5588390912,55637442560,8.225243592119499e-07
qwen2_1p5b_32k,common,devastator,qwen2_1p5b_32k/devastator/common,0,4,56.48117182031274,,0,10.663086966025341,5606168064,55637442560,6.971805834928398e-07
qwen2_1p5b_32k,common,devastator,qwen2_1p5b_32k/devastator/common,0,5,56.45993991661817,,0,10.482851830256745,5621946368,55637442560,5.571396837256635e-07
qwen2_1p5b_32k,common,devastator,qwen2_1p5b_32k/devastator/common,0,6,56.48621019348502,,0,10.072244984041774,5639723520,55931043840,4.1638583110227627e-07
qwen2_1p5b_32k,common,devastator,qwen2_1p5b_32k/devastator/common,0,7,56.45157551858574,,0,10.150726412631835,5655501824,55931043840,2.889743906929609e-07
qwen2_1p5b_32k,common,devastator,qwen2_1p5b_32k/devastator/common,0,8,56.465945151634514,,0,9.866746761237497,5673278976,55931043840,1.876283841110236e-07
qwen2_1p5b_32k,common,devastator,qwen2_1p5b_32k/devastator/common,0,9,56.46209577843547,,0,10.009493327088991,5689057280,55931043840,1.224679970165746e-07
qwen2_1p5b_32k,common,devastator,qwen2_1p5b_32k/devastator/common,0,10,56.44588772766292,,0,9.981723104884152,5706834432,55931043840,1e-07
qwen2_1p5b_32k,common,devastator,qwen2_1p5b_32k/devastator/common,1,1,77.5255146222189,,0,11.738152557530814,5542259712,51453624320,9.817718381265238e-07
qwen2_1p5b_32k,common,devastator,qwen2_1p5b_32k/devastator/common,1,2,56.48442429210991,,0,11.346785546414814,5559037440,55587110912,9.206544616434248e-07
qwen2_1p5b_32k,common,devastator,qwen2_1p5b_32k/devastator/common,1,3,56.476614475250244,,0,11.192946828955291,5575808000,55587110912,8.225243592119499e-07
qwen2_1p5b_32k,common,devastator,qwen2_1p5b_32k/devastator/common,1,4,56.48103770054877,,0,10.663086966025341,5592585728,55587110912,6.971805834928398e-07
qwen2_1p5b_32k,common,devastator,qwen2_1p5b_32k/devastator/common,1,5,56.459815476089716,,0,10.482851830256745,5609363456,55587110912,5.571396837256635e-07
qwen2_1p5b_32k,common,devastator,qwen2_1p5b_32k/devastator/common,1,6,56.486087002791464,,0,10.072244984041774,5626141184,55587110912,4.1638583110227627e-07
qwen2_1p5b_32k,common,devastator,qwen2_1p5b_32k/devastator/common,1,7,56.451448153704405,,0,10.150726412631835,5642918912,55587110912,2.889743906929609e-07
qwen2_1p5b_32k,common,devastator,qwen2_1p5b_32k/devastator/common,1,8,56.46578989177942,,0,9.866746761237497,5659696640,55880712192,1.876283841110236e-07
qwen2_1p5b_32k,common,devastator,qwen2_1p5b_32k/devastator/common,1,9,56.461955204606056,,0,10.009493327088991,5676474368,55880712192,1.224679970165746e-07
qwen2_1p5b_32k,common,devastator,qwen2_1p5b_32k/devastator/common,1,10,56.445726700127125,,0,9.981723104884152,5693252096,55880712192,1e-07
qwen2_1p5b_32k,common,devastator,qwen2_1p5b_32k/devastator/common,2,1,77.50606029760092,,0,11.738152557530814,5554842624,51453624320,9.817718381265238e-07
qwen2_1p5b_32k,common,devastator,qwen2_1p5b_32k/devastator/common,2,2,56.48442122153938,,0,11.346785546414814,5572619776,55637442560,9.206544616434248e-07
qwen2_1p5b_32k,common,devastator,qwen2_1p5b_32k/devastator/common,2,3,56.47662410046905,,0,11.192946828955291,5588390912,55637442560,8.225243592119499e-07
qwen2_1p5b_32k,common,devastator,qwen2_1p5b_32k/devastator/common,2,4,56.48105899337679,,0,10.663086966025341,5606168064,55637442560,6.971805834928398e-07
qwen2_1p5b_32k,common,devastator,qwen2_1p5b_32k/devastator/common,2,5,56.45981687866151,,0,10.482851830256745,5621946368,55637442560,5.571396837256635e-07
qwen2_1p5b_32k,common,devastator,qwen2_1p5b_32k/devastator/common,2,6,56.48607612308115,,0,10.072244984041774,5639723520,55931043840,4.1638583110227627e-07
qwen2_1p5b_32k,common,devastator,qwen2_1p5b_32k/devastator/common,2,7,56.45143849495798,,0,10.150726412631835,5655501824,55931043840,2.889743906929609e-07
qwen2_1p5b_32k,common,devastator,qwen2_1p5b_32k/devastator/common,2,8,56.46582025941461,,0,9.866746761237497,5673278976,55931043840,1.876283841110236e-07
qwen2_1p5b_32k,common,devastator,qwen2_1p5b_32k/devastator/common,2,9,56.46196395996958,,0,10.009493327088991,5689057280,55931043840,1.224679970165746e-07
qwen2_1p5b_32k,common,devastator,qwen2_1p5b_32k/devastator/common,2,10,56.4457553261891,,0,9.981723104884152,5706834432,55931043840,1e-07
qwen2_1p5b_32k,common,devastator,qwen2_1p5b_32k/devastator/common,3,1,77.49670977331698,,0,11.738152557530814,5542259712,51453624320,9.817718381265238e-07
qwen2_1p5b_32k,common,devastator,qwen2_1p5b_32k/devastator/common,3,2,56.48447414766997,,0,11.346785546414814,5559037440,55587110912,9.206544616434248e-07
qwen2_1p5b_32k,common,devastator,qwen2_1p5b_32k/devastator/common,3,3,56.47665231488645,,0,11.192946828955291,5575808000,55587110912,8.225243592119499e-07
qwen2_1p5b_32k,common,devastator,qwen2_1p5b_32k/devastator/common,3,4,56.48106909543276,,0,10.663086966025341,5592585728,55587110912,6.971805834928398e-07
qwen2_1p5b_32k,common,devastator,qwen2_1p5b_32k/devastator/common,3,5,56.45982366614044,,0,10.482851830256745,5609363456,55587110912,5.571396837256635e-07
qwen2_1p5b_32k,common,devastator,qwen2_1p5b_32k/devastator/common,3,6,56.48607540875673,,0,10.072244984041774,5626141184,55587110912,4.1638583110227627e-07
qwen2_1p5b_32k,common,devastator,qwen2_1p5b_32k/devastator/common,3,7,56.451422655023634,,0,10.150726412631835,5642918912,55587110912,2.889743906929609e-07
qwen2_1p5b_32k,common,devastator,qwen2_1p5b_32k/devastator/common,3,8,56.46582725830376,,0,9.866746761237497,5659696640,55880712192,1.876283841110236e-07
qwen2_1p5b_32k,common,devastator,qwen2_1p5b_32k/devastator/common,3,9,56.46197885647416,,0,10.009493327088991,5676474368,55880712192,1.224679970165746e-07
qwen2_1p5b_32k,common,devastator,qwen2_1p5b_32k/devastator/common,3,10,56.44577005598694,,0,9.981723104884152,5693252096,55880712192,1e-07
qwen2_1p5b_32k,common,devastator,qwen2_1p5b_32k/devastator/common,4,1,77.50253747031093,11.961046904325485,0,11.738152557530814,5552957440,62964891648,9.817718381265238e-07
qwen2_1p5b_32k,common,devastator,qwen2_1p5b_32k/devastator/common,4,2,56.48443099670112,11.961235731840134,0,11.346785546414814,5569735168,62964891648,9.206544616434248e-07
qwen2_1p5b_32k,common,devastator,qwen2_1p5b_32k/devastator/common,4,3,56.47668426390737,11.9130619764328,0,11.192946828955291,5586512896,62964891648,8.225243592119499e-07
qwen2_1p5b_32k,common,devastator,qwen2_1p5b_32k/devastator/common,4,4,56.481036093086004,11.871102690696716,0,10.663086966025341,5603290624,62964891648,6.971805834928398e-07
qwen2_1p5b_32k,common,devastator,qwen2_1p5b_32k/devastator/common,4,5,56.459815762005746,11.834256261587143,0,10.482851830256745,5620068352,62964891648,5.571396837256635e-07
qwen2_1p5b_32k,common,devastator,qwen2_1p5b_32k/devastator/common,4,6,56.48608898278326,11.813500046730042,0,10.072244984041774,5636846080,62964891648,4.1638583110227627e-07
qwen2_1p5b_32k,common,devastator,qwen2_1p5b_32k/devastator/common,4,7,56.45141991134733,11.789468348026276,0,10.150726412631835,5653623808,62964891648,2.889743906929609e-07
qwen2_1p5b_32k,common,devastator,qwen2_1p5b_32k/devastator/common,4,8,56.46578449755907,11.776120394468307,0,9.866746761237497,5670401536,62964891648,1.876283841110236e-07
qwen2_1p5b_32k,common,devastator,qwen2_1p5b_32k/devastator/common,4,9,56.46196937561035,11.761515706777573,0,10.009493327088991,5687179264,62964891648,1.224679970165746e-07
qwen2_1p5b_32k,common,devastator,qwen2_1p5b_32k/devastator/common,4,10,56.445735855959356,11.747580260038376,0,9.981723104884152,5703956992,62964891648,1e-07
qwen2_1p5b_32k,common,devastator,qwen2_1p5b_32k/devastator/common,5,1,77.49215116817504,11.961046904325485,0,11.738152557530814,5536180736,62964891648,9.817718381265238e-07
qwen2_1p5b_32k,common,devastator,qwen2_1p5b_32k/devastator/common,5,2,56.48440018016845,11.961235731840134,0,11.346785546414814,5552958464,62964891648,9.206544616434248e-07
qwen2_1p5b_32k,common,devastator,qwen2_1p5b_32k/devastator/common,5,3,56.47661317419261,11.9130619764328,0,11.192946828955291,5569736192,62964891648,8.225243592119499e-07
qwen2_1p5b_32k,common,devastator,qwen2_1p5b_32k/devastator/common,5,4,56.48102336656302,11.871102690696716,0,10.663086966025341,5586513920,62964891648,6.971805834928398e-07
qwen2_1p5b_32k,common,devastator,qwen2_1p5b_32k/devastator/common,5,5,56.45980670955032,11.834256261587143,0,10.482851830256745,5603291648,62964891648,5.571396837256635e-07
qwen2_1p5b_32k,common,devastator,qwen2_1p5b_32k/devastator/common,5,6,56.486058896407485,11.813500046730042,0,10.072244984041774,5620069376,62964891648,4.1638583110227627e-07
qwen2_1p5b_32k,common,devastator,qwen2_1p5b_32k/devastator/common,5,7,56.45144180394709,11.789468348026276,0,10.150726412631835,5636847104,62964891648,2.889743906929609e-07
qwen2_1p5b_32k,common,devastator,qwen2_1p5b_32k/devastator/common,5,8,56.46580351237208,11.776120394468307,0,9.866746761237497,5653624832,62964891648,1.876283841110236e-07
qwen2_1p5b_32k,common,devastator,qwen2_1p5b_32k/devastator/common,5,9,56.46197377704084,11.761515706777573,0,10.009493327088991,5670402560,62964891648,1.224679970165746e-07
qwen2_1p5b_32k,common,devastator,qwen2_1p5b_32k/devastator/common,5,10,56.445783810690045,11.747580260038376,0,9.981723104884152,5687180288,62964891648,1e-07
qwen2_1p5b_32k,common,devastator,qwen2_1p5b_32k/devastator/common,6,1,77.50081581156701,11.961046904325485,0,11.738152557530814,5552957440,62964891648,9.817718381265238e-07
qwen2_1p5b_32k,common,devastator,qwen2_1p5b_32k/devastator/common,6,2,56.48443943075836,11.961235731840134,0,11.346785546414814,5569735168,62964891648,9.206544616434248e-07
qwen2_1p5b_32k,common,devastator,qwen2_1p5b_32k/devastator/common,6,3,56.476627076976,11.9130619764328,0,11.192946828955291,5586512896,62964891648,8.225243592119499e-07
qwen2_1p5b_32k,common,devastator,qwen2_1p5b_32k/devastator/common,6,4,56.481062076985836,11.871102690696716,0,10.663086966025341,5603290624,62964891648,6.971805834928398e-07
qwen2_1p5b_32k,common,devastator,qwen2_1p5b_32k/devastator/common,6,5,56.4598593628034,11.834256261587143,0,10.482851830256745,5620068352,62964891648,5.571396837256635e-07
qwen2_1p5b_32k,common,devastator,qwen2_1p5b_32k/devastator/common,6,6,56.48608554713428,11.813500046730042,0,10.072244984041774,5636846080,62964891648,4.1638583110227627e-07
qwen2_1p5b_32k,common,devastator,qwen2_1p5b_32k/devastator/common,6,7,56.451482511125505,11.789468348026276,0,10.150726412631835,5653623808,62964891648,2.889743906929609e-07
qwen2_1p5b_32k,common,devastator,qwen2_1p5b_32k/devastator/common,6,8,56.465817271731794,11.776120394468307,0,9.866746761237497,5670401536,62964891648,1.876283841110236e-07
qwen2_1p5b_32k,common,devastator,qwen2_1p5b_32k/devastator/common,6,9,56.461991077288985,11.761515706777573,0,10.009493327088991,5687179264,62964891648,1.224679970165746e-07
qwen2_1p5b_32k,common,devastator,qwen2_1p5b_32k/devastator/common,6,10,56.445753272622824,11.747580260038376,0,9.981723104884152,5703956992,62964891648,1e-07
qwen2_1p5b_32k,common,devastator,qwen2_1p5b_32k/devastator/common,7,1,77.50067171920091,11.961046904325485,0,11.738152557530814,5536180736,62964891648,9.817718381265238e-07
qwen2_1p5b_32k,common,devastator,qwen2_1p5b_32k/devastator/common,7,2,56.48441465944052,11.961235731840134,0,11.346785546414814,5552958464,62964891648,9.206544616434248e-07
qwen2_1p5b_32k,common,devastator,qwen2_1p5b_32k/devastator/common,7,3,56.476613589562476,11.9130619764328,0,11.192946828955291,5569736192,62964891648,8.225243592119499e-07
qwen2_1p5b_32k,common,devastator,qwen2_1p5b_32k/devastator/common,7,4,56.48106276895851,11.871102690696716,0,10.663086966025341,5586513920,62964891648,6.971805834928398e-07
qwen2_1p5b_32k,common,devastator,qwen2_1p5b_32k/devastator/common,7,5,56.459848111495376,11.834256261587143,0,10.482851830256745,5603291648,62964891648,5.571396837256635e-07
qwen2_1p5b_32k,common,devastator,qwen2_1p5b_32k/devastator/common,7,6,56.486087054014206,11.813500046730042,0,10.072244984041774,5620069376,62964891648,4.1638583110227627e-07
qwen2_1p5b_32k,common,devastator,qwen2_1p5b_32k/devastator/common,7,7,56.45148571860045,11.789468348026276,0,10.150726412631835,5636847104,62964891648,2.889743906929609e-07
qwen2_1p5b_32k,common,devastator,qwen2_1p5b_32k/devastator/common,7,8,56.465858115814626,11.776120394468307,0,9.866746761237497,5653624832,62964891648,1.876283841110236e-07
qwen2_1p5b_32k,common,devastator,qwen2_1p5b_32k/devastator/common,7,9,56.461956524290144,11.761515706777573,0,10.009493327088991,5670402560,62964891648,1.224679970165746e-07
qwen2_1p5b_32k,common,devastator,qwen2_1p5b_32k/devastator/common,7,10,56.44574540108442,11.747580260038376,0,9.981723104884152,5687180288,62964891648,1e-07
qwen2_1p5b_32k,common,galvatron,qwen2_1p5b_32k/devastator/common,0,1,77.5296661267057,,0,11.738152557530814,5554842624,51453624320,9.817718381265238e-07
qwen2_1p5b_32k,common,galvatron,qwen2_1p5b_32k/devastator/common,0,2,56.484552366659045,,0,11.346785546414814,5572619776,55637442560,9.206544616434248e-07
qwen2_1p5b_32k,common,galvatron,qwen2_1p5b_32k/devastator/common,0,3,56.476763397455215,,0,11.192946828955291,5588390912,55637442560,8.225243592119499e-07
qwen2_1p5b_32k,common,galvatron,qwen2_1p5b_32k/devastator/common,0,4,56.48117182031274,,0,10.663086966025341,5606168064,55637442560,6.971805834928398e-07
qwen2_1p5b_32k,common,galvatron,qwen2_1p5b_32k/devastator/common,0,5,56.45993991661817,,0,10.482851830256745,5621946368,55637442560,5.571396837256635e-07
qwen2_1p5b_32k,common,galvatron,qwen2_1p5b_32k/devastator/common,0,6,56.48621019348502,,0,10.072244984041774,5639723520,55931043840,4.1638583110227627e-07
qwen2_1p5b_32k,common,galvatron,qwen2_1p5b_32k/devastator/common,0,7,56.45157551858574,,0,10.150726412631835,5655501824,55931043840,2.889743906929609e-07
qwen2_1p5b_32k,common,galvatron,qwen2_1p5b_32k/devastator/common,0,8,56.465945151634514,,0,9.866746761237497,5673278976,55931043840,1.876283841110236e-07
qwen2_1p5b_32k,common,galvatron,qwen2_1p5b_32k/devastator/common,0,9,56.46209577843547,,0,10.009493327088991,5689057280,55931043840,1.224679970165746e-07
qwen2_1p5b_32k,common,galvatron,qwen2_1p5b_32k/devastator/common,0,10,56.44588772766292,,0,9.981723104884152,5706834432,55931043840,1e-07
qwen2_1p5b_32k,common,galvatron,qwen2_1p5b_32k/devastator/common,1,1,77.5255146222189,,0,11.738152557530814,5542259712,51453624320,9.817718381265238e-07
qwen2_1p5b_32k,common,galvatron,qwen2_1p5b_32k/devastator/common,1,2,56.48442429210991,,0,11.346785546414814,5559037440,55587110912,9.206544616434248e-07
qwen2_1p5b_32k,common,galvatron,qwen2_1p5b_32k/devastator/common,1,3,56.476614475250244,,0,11.192946828955291,5575808000,55587110912,8.225243592119499e-07
qwen2_1p5b_32k,common,galvatron,qwen2_1p5b_32k/devastator/common,1,4,56.48103770054877,,0,10.663086966025341,5592585728,55587110912,6.971805834928398e-07
qwen2_1p5b_32k,common,galvatron,qwen2_1p5b_32k/devastator/common,1,5,56.459815476089716,,0,10.482851830256745,5609363456,55587110912,5.571396837256635e-07
qwen2_1p5b_32k,common,galvatron,qwen2_1p5b_32k/devastator/common,1,6,56.486087002791464,,0,10.072244984041774,5626141184,55587110912,4.1638583110227627e-07
qwen2_1p5b_32k,common,galvatron,qwen2_1p5b_32k/devastator/common,1,7,56.451448153704405,,0,10.150726412631835,5642918912,55587110912,2.889743906929609e-07
qwen2_1p5b_32k,common,galvatron,qwen2_1p5b_32k/devastator/common,1,8,56.46578989177942,,0,9.866746761237497,5659696640,55880712192,1.876283841110236e-07
qwen2_1p5b_32k,common,galvatron,qwen2_1p5b_32k/devastator/common,1,9,56.461955204606056,,0,10.009493327088991,5676474368,55880712192,1.224679970165746e-07
qwen2_1p5b_32k,common,galvatron,qwen2_1p5b_32k/devastator/common,1,10,56.445726700127125,,0,9.981723104884152,5693252096,55880712192,1e-07
qwen2_1p5b_32k,common,galvatron,qwen2_1p5b_32k/devastator/common,2,1,77.50606029760092,,0,11.738152557530814,5554842624,51453624320,9.817718381265238e-07
qwen2_1p5b_32k,common,galvatron,qwen2_1p5b_32k/devastator/common,2,2,56.48442122153938,,0,11.346785546414814,5572619776,55637442560,9.206544616434248e-07
qwen2_1p5b_32k,common,galvatron,qwen2_1p5b_32k/devastator/common,2,3,56.47662410046905,,0,11.192946828955291,5588390912,55637442560,8.225243592119499e-07
qwen2_1p5b_32k,common,galvatron,qwen2_1p5b_32k/devastator/common,2,4,56.48105899337679,,0,10.663086966025341,5606168064,55637442560,6.971805834928398e-07
qwen2_1p5b_32k,common,galvatron,qwen2_1p5b_32k/devastator/common,2,5,56.45981687866151,,0,10.482851830256745,5621946368,55637442560,5.571396837256635e-07
qwen2_1p5b_32k,common,galvatron,qwen2_1p5b_32k/devastator/common,2,6,56.48607612308115,,0,10.072244984041774,5639723520,55931043840,4.1638583110227627e-07
qwen2_1p5b_32k,common,galvatron,qwen2_1p5b_32k/devastator/common,2,7,56.45143849495798,,0,10.150726412631835,5655501824,55931043840,2.889743906929609e-07
qwen2_1p5b_32k,common,galvatron,qwen2_1p5b_32k/devastator/common,2,8,56.46582025941461,,0,9.866746761237497,5673278976,55931043840,1.876283841110236e-07
qwen2_1p5b_32k,common,galvatron,qwen2_1p5b_32k/devastator/common,2,9,56.46196395996958,,0,10.009493327088991,5689057280,55931043840,1.224679970165746e-07
qwen2_1p5b_32k,common,galvatron,qwen2_1p5b_32k/devastator/common,2,10,56.4457553261891,,0,9.981723104884152,5706834432,55931043840,1e-07
qwen2_1p5b_32k,common,galvatron,qwen2_1p5b_32k/devastator/common,3,1,77.49670977331698,,0,11.738152557530814,5542259712,51453624320,9.817718381265238e-07
qwen2_1p5b_32k,common,galvatron,qwen2_1p5b_32k/devastator/common,3,2,56.48447414766997,,0,11.346785546414814,5559037440,55587110912,9.206544616434248e-07
qwen2_1p5b_32k,common,galvatron,qwen2_1p5b_32k/devastator/common,3,3,56.47665231488645,,0,11.192946828955291,5575808000,55587110912,8.225243592119499e-07
qwen2_1p5b_32k,common,galvatron,qwen2_1p5b_32k/devastator/common,3,4,56.48106909543276,,0,10.663086966025341,5592585728,55587110912,6.971805834928398e-07
qwen2_1p5b_32k,common,galvatron,qwen2_1p5b_32k/devastator/common,3,5,56.45982366614044,,0,10.482851830256745,5609363456,55587110912,5.571396837256635e-07
qwen2_1p5b_32k,common,galvatron,qwen2_1p5b_32k/devastator/common,3,6,56.48607540875673,,0,10.072244984041774,5626141184,55587110912,4.1638583110227627e-07
qwen2_1p5b_32k,common,galvatron,qwen2_1p5b_32k/devastator/common,3,7,56.451422655023634,,0,10.150726412631835,5642918912,55587110912,2.889743906929609e-07
qwen2_1p5b_32k,common,galvatron,qwen2_1p5b_32k/devastator/common,3,8,56.46582725830376,,0,9.866746761237497,5659696640,55880712192,1.876283841110236e-07
qwen2_1p5b_32k,common,galvatron,qwen2_1p5b_32k/devastator/common,3,9,56.46197885647416,,0,10.009493327088991,5676474368,55880712192,1.224679970165746e-07
qwen2_1p5b_32k,common,galvatron,qwen2_1p5b_32k/devastator/common,3,10,56.44577005598694,,0,9.981723104884152,5693252096,55880712192,1e-07
qwen2_1p5b_32k,common,galvatron,qwen2_1p5b_32k/devastator/common,4,1,77.50253747031093,11.961046904325485,0,11.738152557530814,5552957440,62964891648,9.817718381265238e-07
qwen2_1p5b_32k,common,galvatron,qwen2_1p5b_32k/devastator/common,4,2,56.48443099670112,11.961235731840134,0,11.346785546414814,5569735168,62964891648,9.206544616434248e-07
qwen2_1p5b_32k,common,galvatron,qwen2_1p5b_32k/devastator/common,4,3,56.47668426390737,11.9130619764328,0,11.192946828955291,5586512896,62964891648,8.225243592119499e-07
qwen2_1p5b_32k,common,galvatron,qwen2_1p5b_32k/devastator/common,4,4,56.481036093086004,11.871102690696716,0,10.663086966025341,5603290624,62964891648,6.971805834928398e-07
qwen2_1p5b_32k,common,galvatron,qwen2_1p5b_32k/devastator/common,4,5,56.459815762005746,11.834256261587143,0,10.482851830256745,5620068352,62964891648,5.571396837256635e-07
qwen2_1p5b_32k,common,galvatron,qwen2_1p5b_32k/devastator/common,4,6,56.48608898278326,11.813500046730042,0,10.072244984041774,5636846080,62964891648,4.1638583110227627e-07
qwen2_1p5b_32k,common,galvatron,qwen2_1p5b_32k/devastator/common,4,7,56.45141991134733,11.789468348026276,0,10.150726412631835,5653623808,62964891648,2.889743906929609e-07
qwen2_1p5b_32k,common,galvatron,qwen2_1p5b_32k/devastator/common,4,8,56.46578449755907,11.776120394468307,0,9.866746761237497,5670401536,62964891648,1.876283841110236e-07
qwen2_1p5b_32k,common,galvatron,qwen2_1p5b_32k/devastator/common,4,9,56.46196937561035,11.761515706777573,0,10.009493327088991,5687179264,62964891648,1.224679970165746e-07
qwen2_1p5b_32k,common,galvatron,qwen2_1p5b_32k/devastator/common,4,10,56.445735855959356,11.747580260038376,0,9.981723104884152,5703956992,62964891648,1e-07
qwen2_1p5b_32k,common,galvatron,qwen2_1p5b_32k/devastator/common,5,1,77.49215116817504,11.961046904325485,0,11.738152557530814,5536180736,62964891648,9.817718381265238e-07
qwen2_1p5b_32k,common,galvatron,qwen2_1p5b_32k/devastator/common,5,2,56.48440018016845,11.961235731840134,0,11.346785546414814,5552958464,62964891648,9.206544616434248e-07
qwen2_1p5b_32k,common,galvatron,qwen2_1p5b_32k/devastator/common,5,3,56.47661317419261,11.9130619764328,0,11.192946828955291,5569736192,62964891648,8.225243592119499e-07
qwen2_1p5b_32k,common,galvatron,qwen2_1p5b_32k/devastator/common,5,4,56.48102336656302,11.871102690696716,0,10.663086966025341,5586513920,62964891648,6.971805834928398e-07
qwen2_1p5b_32k,common,galvatron,qwen2_1p5b_32k/devastator/common,5,5,56.45980670955032,11.834256261587143,0,10.482851830256745,5603291648,62964891648,5.571396837256635e-07
qwen2_1p5b_32k,common,galvatron,qwen2_1p5b_32k/devastator/common,5,6,56.486058896407485,11.813500046730042,0,10.072244984041774,5620069376,62964891648,4.1638583110227627e-07
qwen2_1p5b_32k,common,galvatron,qwen2_1p5b_32k/devastator/common,5,7,56.45144180394709,11.789468348026276,0,10.150726412631835,5636847104,62964891648,2.889743906929609e-07
qwen2_1p5b_32k,common,galvatron,qwen2_1p5b_32k/devastator/common,5,8,56.46580351237208,11.776120394468307,0,9.866746761237497,5653624832,62964891648,1.876283841110236e-07
qwen2_1p5b_32k,common,galvatron,qwen2_1p5b_32k/devastator/common,5,9,56.46197377704084,11.761515706777573,0,10.009493327088991,5670402560,62964891648,1.224679970165746e-07
qwen2_1p5b_32k,common,galvatron,qwen2_1p5b_32k/devastator/common,5,10,56.445783810690045,11.747580260038376,0,9.981723104884152,5687180288,62964891648,1e-07
qwen2_1p5b_32k,common,galvatron,qwen2_1p5b_32k/devastator/common,6,1,77.50081581156701,11.961046904325485,0,11.738152557530814,5552957440,62964891648,9.817718381265238e-07
qwen2_1p5b_32k,common,galvatron,qwen2_1p5b_32k/devastator/common,6,2,56.48443943075836,11.961235731840134,0,11.346785546414814,5569735168,62964891648,9.206544616434248e-07
qwen2_1p5b_32k,common,galvatron,qwen2_1p5b_32k/devastator/common,6,3,56.476627076976,11.9130619764328,0,11.192946828955291,5586512896,62964891648,8.225243592119499e-07
qwen2_1p5b_32k,common,galvatron,qwen2_1p5b_32k/devastator/common,6,4,56.481062076985836,11.871102690696716,0,10.663086966025341,5603290624,62964891648,6.971805834928398e-07
qwen2_1p5b_32k,common,galvatron,qwen2_1p5b_32k/devastator/common,6,5,56.4598593628034,11.834256261587143,0,10.482851830256745,5620068352,62964891648,5.571396837256635e-07
qwen2_1p5b_32k,common,galvatron,qwen2_1p5b_32k/devastator/common,6,6,56.48608554713428,11.813500046730042,0,10.072244984041774,5636846080,62964891648,4.1638583110227627e-07
qwen2_1p5b_32k,common,galvatron,qwen2_1p5b_32k/devastator/common,6,7,56.451482511125505,11.789468348026276,0,10.150726412631835,5653623808,62964891648,2.889743906929609e-07
qwen2_1p5b_32k,common,galvatron,qwen2_1p5b_32k/devastator/common,6,8,56.465817271731794,11.776120394468307,0,9.866746761237497,5670401536,62964891648,1.876283841110236e-07
qwen2_1p5b_32k,common,galvatron,qwen2_1p5b_32k/devastator/common,6,9,56.461991077288985,11.761515706777573,0,10.009493327088991,5687179264,62964891648,1.224679970165746e-07
qwen2_1p5b_32k,common,galvatron,qwen2_1p5b_32k/devastator/common,6,10,56.445753272622824,11.747580260038376,0,9.981723104884152,5703956992,62964891648,1e-07
qwen2_1p5b_32k,common,galvatron,qwen2_1p5b_32k/devastator/common,7,1,77.50067171920091,11.961046904325485,0,11.738152557530814,5536180736,62964891648,9.817718381265238e-07
qwen2_1p5b_32k,common,galvatron,qwen2_1p5b_32k/devastator/common,7,2,56.48441465944052,11.961235731840134,0,11.346785546414814,5552958464,62964891648,9.206544616434248e-07
qwen2_1p5b_32k,common,galvatron,qwen2_1p5b_32k/devastator/common,7,3,56.476613589562476,11.9130619764328,0,11.192946828955291,5569736192,62964891648,8.225243592119499e-07
qwen2_1p5b_32k,common,galvatron,qwen2_1p5b_32k/devastator/common,7,4,56.48106276895851,11.871102690696716,0,10.663086966025341,5586513920,62964891648,6.971805834928398e-07
qwen2_1p5b_32k,common,galvatron,qwen2_1p5b_32k/devastator/common,7,5,56.459848111495376,11.834256261587143,0,10.482851830256745,5603291648,62964891648,5.571396837256635e-07
qwen2_1p5b_32k,common,galvatron,qwen2_1p5b_32k/devastator/common,7,6,56.486087054014206,11.813500046730042,0,10.072244984041774,5620069376,62964891648,4.1638583110227627e-07
qwen2_1p5b_32k,common,galvatron,qwen2_1p5b_32k/devastator/common,7,7,56.45148571860045,11.789468348026276,0,10.150726412631835,5636847104,62964891648,2.889743906929609e-07
qwen2_1p5b_32k,common,galvatron,qwen2_1p5b_32k/devastator/common,7,8,56.465858115814626,11.776120394468307,0,9.866746761237497,5653624832,62964891648,1.876283841110236e-07
qwen2_1p5b_32k,common,galvatron,qwen2_1p5b_32k/devastator/common,7,9,56.461956524290144,11.761515706777573,0,10.009493327088991,5670402560,62964891648,1.224679970165746e-07
qwen2_1p5b_32k,common,galvatron,qwen2_1p5b_32k/devastator/common,7,10,56.44574540108442,11.747580260038376,0,9.981723104884152,5687180288,62964891648,1e-07
qwen2_1p5b_32k,full,devastator,qwen2_1p5b_32k/devastator/full,0,1,87.37331206165254,12.047674179077148,0,9.117240905761719,7183566336,91884617728,
qwen2_1p5b_32k,full,devastator,qwen2_1p5b_32k/devastator/full,0,2,55.770009368658066,12.046732902526855,0,8.634888648986816,7183567360,91884617728,
qwen2_1p5b_32k,full,devastator,qwen2_1p5b_32k/devastator/full,0,3,55.75971682649106,12.04586410522461,0,8.746513366699219,7183567360,91884617728,
qwen2_1p5b_32k,full,devastator,qwen2_1p5b_32k/devastator/full,0,4,55.7661671154201,12.043230056762695,0,8.707572937011719,7183567360,91884617728,
qwen2_1p5b_32k,full,devastator,qwen2_1p5b_32k/devastator/full,0,5,55.77052768878639,12.034985542297363,0,9.043559074401855,7183567360,91884617728,
qwen2_1p5b_32k,full,devastator,qwen2_1p5b_32k/devastator/full,0,6,55.76828165445477,12.025594711303711,0,8.452984809875488,7183567360,91884617728,
qwen2_1p5b_32k,full,devastator,qwen2_1p5b_32k/devastator/full,0,7,55.768694344908,11.997509956359863,0,9.027578353881836,7183567360,91884617728,
qwen2_1p5b_32k,full,devastator,qwen2_1p5b_32k/devastator/full,0,8,55.76816814672202,11.992109298706055,0,8.46694278717041,7183567360,91884617728,
qwen2_1p5b_32k,full,devastator,qwen2_1p5b_32k/devastator/full,0,9,55.758883642964065,11.995391845703125,0,8.528919219970703,7183567360,91884617728,
qwen2_1p5b_32k,full,devastator,qwen2_1p5b_32k/devastator/full,0,10,55.76945099700242,11.981701850891113,0,8.639959335327148,7183567360,91884617728,
qwen2_1p5b_32k,full,devastator,qwen2_1p5b_32k/devastator/full,1,1,87.37316933553666,12.047674179077148,0,9.117240905761719,7183566336,91884617728,
qwen2_1p5b_32k,full,devastator,qwen2_1p5b_32k/devastator/full,1,2,55.7700187144801,12.046732902526855,0,8.634888648986816,7183567360,91884617728,
qwen2_1p5b_32k,full,devastator,qwen2_1p5b_32k/devastator/full,1,3,55.75974175427109,12.04586410522461,0,8.746513366699219,7183567360,91884617728,
qwen2_1p5b_32k,full,devastator,qwen2_1p5b_32k/devastator/full,1,4,55.76621410995722,12.043230056762695,0,8.707572937011719,7183567360,91884617728,
qwen2_1p5b_32k,full,devastator,qwen2_1p5b_32k/devastator/full,1,5,55.77060083672404,12.034985542297363,0,9.043559074401855,7183567360,91884617728,
qwen2_1p5b_32k,full,devastator,qwen2_1p5b_32k/devastator/full,1,6,55.76831478532404,12.025594711303711,0,8.452984809875488,7183567360,91884617728,
qwen2_1p5b_32k,full,devastator,qwen2_1p5b_32k/devastator/full,1,7,55.768804484046996,11.997509956359863,0,9.027578353881836,7183567360,91884617728,
qwen2_1p5b_32k,full,devastator,qwen2_1p5b_32k/devastator/full,1,8,55.7682222770527,11.992109298706055,0,8.46694278717041,7183567360,91884617728,
qwen2_1p5b_32k,full,devastator,qwen2_1p5b_32k/devastator/full,1,9,55.75894203223288,11.995391845703125,0,8.528919219970703,7183567360,91884617728,
qwen2_1p5b_32k,full,devastator,qwen2_1p5b_32k/devastator/full,1,10,55.76947354152799,11.981701850891113,0,8.639959335327148,7183567360,91884617728,
qwen2_1p5b_32k,full,devastator,qwen2_1p5b_32k/devastator/full,2,1,87.37301089707762,12.047674179077148,0,9.117240905761719,7182666240,91884617728,
qwen2_1p5b_32k,full,devastator,qwen2_1p5b_32k/devastator/full,2,2,55.7701326534152,12.046732902526855,0,8.634888648986816,7182667264,91884617728,
qwen2_1p5b_32k,full,devastator,qwen2_1p5b_32k/devastator/full,2,3,55.75982895772904,12.04586410522461,0,8.746513366699219,7182667264,91884617728,
qwen2_1p5b_32k,full,devastator,qwen2_1p5b_32k/devastator/full,2,4,55.766326299868524,12.043230056762695,0,8.707572937011719,7182667264,91884617728,
qwen2_1p5b_32k,full,devastator,qwen2_1p5b_32k/devastator/full,2,5,55.77070716302842,12.034985542297363,0,9.043559074401855,7182667264,91884617728,
qwen2_1p5b_32k,full,devastator,qwen2_1p5b_32k/devastator/full,2,6,55.76837091520429,12.025594711303711,0,8.452984809875488,7182667264,91884617728,
qwen2_1p5b_32k,full,devastator,qwen2_1p5b_32k/devastator/full,2,7,55.768791772425175,11.997509956359863,0,9.027578353881836,7182667264,91884617728,
qwen2_1p5b_32k,full,devastator,qwen2_1p5b_32k/devastator/full,2,8,55.76826386433095,11.992109298706055,0,8.46694278717041,7182667264,91884617728,
qwen2_1p5b_32k,full,devastator,qwen2_1p5b_32k/devastator/full,2,9,55.759023325517774,11.995391845703125,0,8.528919219970703,7182667264,91884617728,
qwen2_1p5b_32k,full,devastator,qwen2_1p5b_32k/devastator/full,2,10,55.769502414390445,11.981701850891113,0,8.639959335327148,7182667264,91884617728,
qwen2_1p5b_32k,full,devastator,qwen2_1p5b_32k/devastator/full,3,1,87.37291847914457,12.047674179077148,0,9.117240905761719,7182666240,91884617728,
qwen2_1p5b_32k,full,devastator,qwen2_1p5b_32k/devastator/full,3,2,55.77073937561363,12.046732902526855,0,8.634888648986816,7182667264,91884617728,
qwen2_1p5b_32k,full,devastator,qwen2_1p5b_32k/devastator/full,3,3,55.75978420022875,12.04586410522461,0,8.746513366699219,7182667264,91884617728,
qwen2_1p5b_32k,full,devastator,qwen2_1p5b_32k/devastator/full,3,4,55.766336834058166,12.043230056762695,0,8.707572937011719,7182667264,91884617728,
qwen2_1p5b_32k,full,devastator,qwen2_1p5b_32k/devastator/full,3,5,55.77066474594176,12.034985542297363,0,9.043559074401855,7182667264,91884617728,
qwen2_1p5b_32k,full,devastator,qwen2_1p5b_32k/devastator/full,3,6,55.7683468637988,12.025594711303711,0,8.452984809875488,7182667264,91884617728,
qwen2_1p5b_32k,full,devastator,qwen2_1p5b_32k/devastator/full,3,7,55.768788014538586,11.997509956359863,0,9.027578353881836,7182667264,91884617728,
qwen2_1p5b_32k,full,devastator,qwen2_1p5b_32k/devastator/full,3,8,55.7682912312448,11.992109298706055,0,8.46694278717041,7182667264,91884617728,
qwen2_1p5b_32k,full,devastator,qwen2_1p5b_32k/devastator/full,3,9,55.75896784942597,11.995391845703125,0,8.528919219970703,7182667264,91884617728,
qwen2_1p5b_32k,full,devastator,qwen2_1p5b_32k/devastator/full,3,10,55.76945739425719,11.981701850891113,0,8.639959335327148,7182667264,91884617728,
qwen2_1p5b_32k,full,devastator,qwen2_1p5b_32k/devastator/full,4,1,87.37306233588606,12.047674179077148,0,9.117240905761719,7180635136,91876229120,
qwen2_1p5b_32k,full,devastator,qwen2_1p5b_32k/devastator/full,4,2,55.77014537714422,12.046732902526855,0,8.634888648986816,7180636160,91876229120,
qwen2_1p5b_32k,full,devastator,qwen2_1p5b_32k/devastator/full,4,3,55.759845400229096,12.04586410522461,0,8.746513366699219,7180636160,91876229120,
qwen2_1p5b_32k,full,devastator,qwen2_1p5b_32k/devastator/full,4,4,55.76634563785046,12.043230056762695,0,8.707572937011719,7180636160,91876229120,
qwen2_1p5b_32k,full,devastator,qwen2_1p5b_32k/devastator/full,4,5,55.77069091517478,12.034985542297363,0,9.043559074401855,7180636160,91876229120,
qwen2_1p5b_32k,full,devastator,qwen2_1p5b_32k/devastator/full,4,6,55.768398764543235,12.025594711303711,0,8.452984809875488,7180636160,91876229120,
qwen2_1p5b_32k,full,devastator,qwen2_1p5b_32k/devastator/full,4,7,55.768838642165065,11.997509956359863,0,9.027578353881836,7180636160,91876229120,
qwen2_1p5b_32k,full,devastator,qwen2_1p5b_32k/devastator/full,4,8,55.768299428746104,11.992109298706055,0,8.46694278717041,7180636160,91876229120,
qwen2_1p5b_32k,full,devastator,qwen2_1p5b_32k/devastator/full,4,9,55.75902261771262,11.995391845703125,0,8.528919219970703,7180636160,91876229120,
qwen2_1p5b_32k,full,devastator,qwen2_1p5b_32k/devastator/full,4,10,55.76965049281716,11.981701850891113,0,8.639959335327148,7180636160,91876229120,
qwen2_1p5b_32k,full,devastator,qwen2_1p5b_32k/devastator/full,5,1,87.37296380195767,12.047674179077148,0,9.117240905761719,7180635136,91876229120,
qwen2_1p5b_32k,full,devastator,qwen2_1p5b_32k/devastator/full,5,2,55.77008864376694,12.046732902526855,0,8.634888648986816,7180636160,91876229120,
qwen2_1p5b_32k,full,devastator,qwen2_1p5b_32k/devastator/full,5,3,55.75985236372799,12.04586410522461,0,8.746513366699219,7180636160,91876229120,
qwen2_1p5b_32k,full,devastator,qwen2_1p5b_32k/devastator/full,5,4,55.766265572980046,12.043230056762695,0,8.707572937011719,7180636160,91876229120,
qwen2_1p5b_32k,full,devastator,qwen2_1p5b_32k/devastator/full,5,5,55.7707133423537,12.034985542297363,0,9.043559074401855,7180636160,91876229120,
qwen2_1p5b_32k,full,devastator,qwen2_1p5b_32k/devastator/full,5,6,55.768371731974185,12.025594711303711,0,8.452984809875488,7180636160,91876229120,
qwen2_1p5b_32k,full,devastator,qwen2_1p5b_32k/devastator/full,5,7,55.768785282969475,11.997509956359863,0,9.027578353881836,7180636160,91876229120,
qwen2_1p5b_32k,full,devastator,qwen2_1p5b_32k/devastator/full,5,8,55.76831324119121,11.992109298706055,0,8.46694278717041,7180636160,91876229120,
qwen2_1p5b_32k,full,devastator,qwen2_1p5b_32k/devastator/full,5,9,55.75904394406825,11.995391845703125,0,8.528919219970703,7180636160,91876229120,
qwen2_1p5b_32k,full,devastator,qwen2_1p5b_32k/devastator/full,5,10,55.76959164440632,11.981701850891113,0,8.639959335327148,7180636160,91876229120,
qwen2_1p5b_32k,full,devastator,qwen2_1p5b_32k/devastator/full,6,1,87.37301570829004,12.047674179077148,0,9.117240905761719,7171841024,92008349696,
qwen2_1p5b_32k,full,devastator,qwen2_1p5b_32k/devastator/full,6,2,55.77012363821268,12.046732902526855,0,8.634888648986816,7171842048,92008349696,
qwen2_1p5b_32k,full,devastator,qwen2_1p5b_32k/devastator/full,6,3,55.75981447007507,12.04586410522461,0,8.746513366699219,7171842048,92008349696,
qwen2_1p5b_32k,full,devastator,qwen2_1p5b_32k/devastator/full,6,4,55.76630170736462,12.043230056762695,0,8.707572937011719,7171842048,92008349696,
qwen2_1p5b_32k,full,devastator,qwen2_1p5b_32k/devastator/full,6,5,55.77066071331501,12.034985542297363,0,9.043559074401855,7171842048,92008349696,
qwen2_1p5b_32k,full,devastator,qwen2_1p5b_32k/devastator/full,6,6,55.768364638090134,12.025594711303711,0,8.452984809875488,7171842048,92008349696,
qwen2_1p5b_32k,full,devastator,qwen2_1p5b_32k/devastator/full,6,7,55.768824874423444,11.997509956359863,0,9.027578353881836,7171842048,92008349696,
qwen2_1p5b_32k,full,devastator,qwen2_1p5b_32k/devastator/full,6,8,55.768256484530866,11.992109298706055,0,8.46694278717041,7171842048,92008349696,
qwen2_1p5b_32k,full,devastator,qwen2_1p5b_32k/devastator/full,6,9,55.758990422822535,11.995391845703125,0,8.528919219970703,7171842048,92008349696,
qwen2_1p5b_32k,full,devastator,qwen2_1p5b_32k/devastator/full,6,10,55.76965139899403,11.981701850891113,0,8.639959335327148,7171842048,92008349696,
qwen2_1p5b_32k,full,devastator,qwen2_1p5b_32k/devastator/full,7,1,87.37296060752124,12.047674179077148,0,9.117240905761719,7171841024,92008349696,
qwen2_1p5b_32k,full,devastator,qwen2_1p5b_32k/devastator/full,7,2,55.77009797934443,12.046732902526855,0,8.634888648986816,7171842048,92008349696,
qwen2_1p5b_32k,full,devastator,qwen2_1p5b_32k/devastator/full,7,3,55.75982297305018,12.04586410522461,0,8.746513366699219,7171842048,92008349696,
qwen2_1p5b_32k,full,devastator,qwen2_1p5b_32k/devastator/full,7,4,55.76678531523794,12.043230056762695,0,8.707572937011719,7171842048,92008349696,
qwen2_1p5b_32k,full,devastator,qwen2_1p5b_32k/devastator/full,7,5,55.77067864313722,12.034985542297363,0,9.043559074401855,7171842048,92008349696,
qwen2_1p5b_32k,full,devastator,qwen2_1p5b_32k/devastator/full,7,6,55.76838557329029,12.025594711303711,0,8.452984809875488,7171842048,92008349696,
qwen2_1p5b_32k,full,devastator,qwen2_1p5b_32k/devastator/full,7,7,55.7688499558717,11.997509956359863,0,9.027578353881836,7171842048,92008349696,
qwen2_1p5b_32k,full,devastator,qwen2_1p5b_32k/devastator/full,7,8,55.7687217136845,11.992109298706055,0,8.46694278717041,7171842048,92008349696,
qwen2_1p5b_32k,full,devastator,qwen2_1p5b_32k/devastator/full,7,9,55.75905549433082,11.995391845703125,0,8.528919219970703,7171842048,92008349696,
qwen2_1p5b_32k,full,devastator,qwen2_1p5b_32k/devastator/full,7,10,55.769621236249804,11.981701850891113,0,8.639959335327148,7171842048,92008349696,
qwen2_1p5b_32k,full,galvatron,qwen2_1p5b_32k/galvatron/full,0,1,90.33953751437366,11.977522790431976,0,3.5530778195646553,6758113280,90521468928,9.817718381265238e-07
qwen2_1p5b_32k,full,galvatron,qwen2_1p5b_32k/galvatron/full,0,2,55.51609820034355,11.973869025707245,0,3.3466675766212877,6774891008,90989133824,9.206544616434248e-07
qwen2_1p5b_32k,full,galvatron,qwen2_1p5b_32k/galvatron/full,0,3,55.53735909983516,11.927811622619629,0,3.4466526599601885,6791668736,90989133824,8.225243592119499e-07
qwen2_1p5b_32k,full,galvatron,qwen2_1p5b_32k/galvatron/full,0,4,55.53535433113575,11.88904184103012,0,3.2510811401304514,6808446464,90989133824,6.971805834928398e-07
qwen2_1p5b_32k,full,galvatron,qwen2_1p5b_32k/galvatron/full,0,5,55.551435695029795,11.852148354053497,0,3.2987591751508765,6808446464,90989133824,5.571396837256635e-07
qwen2_1p5b_32k,full,galvatron,qwen2_1p5b_32k/galvatron/full,0,6,55.68097455333918,11.832472026348114,0,3.015313166965091,6808446464,90989133824,4.1638583110227627e-07
qwen2_1p5b_32k,full,galvatron,qwen2_1p5b_32k/galvatron/full,0,7,55.55631925910711,11.80178964138031,0,3.0628864278084684,6808446464,90989133824,2.889743906929609e-07
qwen2_1p5b_32k,full,galvatron,qwen2_1p5b_32k/galvatron/full,0,8,55.66086983680725,11.788646459579468,0,3.007413604839908,6808446464,90989133824,1.876283841110236e-07
qwen2_1p5b_32k,full,galvatron,qwen2_1p5b_32k/galvatron/full,0,9,60.77602174412459,11.781240105628967,0,3.049995115932869,6808446464,90989133824,1.224679970165746e-07
qwen2_1p5b_32k,full,galvatron,qwen2_1p5b_32k/galvatron/full,0,10,59.03599642217159,11.769153118133545,0,3.0738908333489463,6808446464,90989133824,1e-07
qwen2_1p5b_32k,full,galvatron,qwen2_1p5b_32k/galvatron/full,1,1,90.33675775676966,11.977522790431976,0,3.5530778195646553,6758113280,90580189184,9.817718381265238e-07
qwen2_1p5b_32k,full,galvatron,qwen2_1p5b_32k/galvatron/full,1,2,55.51589340995997,11.973869025707245,0,3.3466675766212877,6774891008,90580189184,9.206544616434248e-07
qwen2_1p5b_32k,full,galvatron,qwen2_1p5b_32k/galvatron/full,1,3,55.53722877893597,11.927811622619629,0,3.4466526599601885,6791668736,90580189184,8.225243592119499e-07
qwen2_1p5b_32k,full,galvatron,qwen2_1p5b_32k/galvatron/full,1,4,55.535097517073154,11.88904184103012,0,3.2510811401304514,6808446464,90580189184,6.971805834928398e-07
qwen2_1p5b_32k,full,galvatron,qwen2_1p5b_32k/galvatron/full,1,5,55.55135422106832,11.852148354053497,0,3.2987591751508765,6808446464,90580189184,5.571396837256635e-07
qwen2_1p5b_32k,full,galvatron,qwen2_1p5b_32k/galvatron/full,1,6,55.68078828416765,11.832472026348114,0,3.015313166965091,6808446464,90580189184,4.1638583110227627e-07
qwen2_1p5b_32k,full,galvatron,qwen2_1p5b_32k/galvatron/full,1,7,55.55618393141776,11.80178964138031,0,3.0628864278084684,6808446464,90580189184,2.889743906929609e-07
qwen2_1p5b_32k,full,galvatron,qwen2_1p5b_32k/galvatron/full,1,8,55.66074742376804,11.788646459579468,0,3.007413604839908,6808446464,90580189184,1.876283841110236e-07
qwen2_1p5b_32k,full,galvatron,qwen2_1p5b_32k/galvatron/full,1,9,60.75176556315273,11.781240105628967,0,3.049995115932869,6808446464,90580189184,1.224679970165746e-07
qwen2_1p5b_32k,full,galvatron,qwen2_1p5b_32k/galvatron/full,1,10,59.03586112521589,11.769153118133545,0,3.0738908333489463,6808446464,90580189184,1e-07
qwen2_1p5b_32k,full,galvatron,qwen2_1p5b_32k/galvatron/full,2,1,90.33572217077017,11.977522790431976,0,3.5530778195646553,6758113280,90615840768,9.817718381265238e-07
qwen2_1p5b_32k,full,galvatron,qwen2_1p5b_32k/galvatron/full,2,2,55.515928506851196,11.973869025707245,0,3.3466675766212877,6774891008,90615840768,9.206544616434248e-07
qwen2_1p5b_32k,full,galvatron,qwen2_1p5b_32k/galvatron/full,2,3,55.53720109257847,11.927811622619629,0,3.4466526599601885,6791668736,90615840768,8.225243592119499e-07
qwen2_1p5b_32k,full,galvatron,qwen2_1p5b_32k/galvatron/full,2,4,55.535058077424765,11.88904184103012,0,3.2510811401304514,6808446464,90615840768,6.971805834928398e-07
qwen2_1p5b_32k,full,galvatron,qwen2_1p5b_32k/galvatron/full,2,5,55.55142881255597,11.852148354053497,0,3.2987591751508765,6808446464,90615840768,5.571396837256635e-07
qwen2_1p5b_32k,full,galvatron,qwen2_1p5b_32k/galvatron/full,2,6,55.68077365402132,11.832472026348114,0,3.015313166965091,6808446464,90615840768,4.1638583110227627e-07
qwen2_1p5b_32k,full,galvatron,qwen2_1p5b_32k/galvatron/full,2,7,55.55614676326513,11.80178964138031,0,3.0628864278084684,6808446464,90615840768,2.889743906929609e-07
qwen2_1p5b_32k,full,galvatron,qwen2_1p5b_32k/galvatron/full,2,8,55.66069869231433,11.788646459579468,0,3.007413604839908,6808446464,90615840768,1.876283841110236e-07
qwen2_1p5b_32k,full,galvatron,qwen2_1p5b_32k/galvatron/full,2,9,60.75176683627069,11.781240105628967,0,3.049995115932869,6808446464,90674561024,1.224679970165746e-07
qwen2_1p5b_32k,full,galvatron,qwen2_1p5b_32k/galvatron/full,2,10,59.03585376031697,11.769153118133545,0,3.0738908333489463,6808446464,90674561024,1e-07
qwen2_1p5b_32k,full,galvatron,qwen2_1p5b_32k/galvatron/full,3,1,90.33661669958383,11.977522790431976,0,3.5530778195646553,6758113280,90615840768,9.817718381265238e-07
qwen2_1p5b_32k,full,galvatron,qwen2_1p5b_32k/galvatron/full,3,2,55.51589379552752,11.973869025707245,0,3.3466675766212877,6774891008,90615840768,9.206544616434248e-07
qwen2_1p5b_32k,full,galvatron,qwen2_1p5b_32k/galvatron/full,3,3,55.53718378022313,11.927811622619629,0,3.4466526599601885,6791668736,90615840768,8.225243592119499e-07
qwen2_1p5b_32k,full,galvatron,qwen2_1p5b_32k/galvatron/full,3,4,55.53505564760417,11.88904184103012,0,3.2510811401304514,6808446464,90615840768,6.971805834928398e-07
qwen2_1p5b_32k,full,galvatron,qwen2_1p5b_32k/galvatron/full,3,5,55.55137133784592,11.852148354053497,0,3.2987591751508765,6808446464,90615840768,5.571396837256635e-07
qwen2_1p5b_32k,full,galvatron,qwen2_1p5b_32k/galvatron/full,3,6,55.680743573233485,11.832472026348114,0,3.015313166965091,6808446464,90615840768,4.1638583110227627e-07
qwen2_1p5b_32k,full,galvatron,qwen2_1p5b_32k/galvatron/full,3,7,55.55618499498814,11.80178964138031,0,3.0628864278084684,6808446464,90615840768,2.889743906929609e-07
qwen2_1p5b_32k,full,galvatron,qwen2_1p5b_32k/galvatron/full,3,8,55.66081756632775,11.788646459579468,0,3.007413604839908,6808446464,90615840768,1.876283841110236e-07
qwen2_1p5b_32k,full,galvatron,qwen2_1p5b_32k/galvatron/full,3,9,60.75174177624285,11.781240105628967,0,3.049995115932869,6808446464,90674561024,1.224679970165746e-07
qwen2_1p5b_32k,full,galvatron,qwen2_1p5b_32k/galvatron/full,3,10,59.03583708964288,11.769153118133545,0,3.0738908333489463,6808446464,90674561024,1e-07
qwen2_1p5b_32k,full,galvatron,qwen2_1p5b_32k/galvatron/full,4,1,90.33696124702692,11.977522790431976,0,3.5530778195646553,6758113280,90615840768,9.817718381265238e-07
qwen2_1p5b_32k,full,galvatron,qwen2_1p5b_32k/galvatron/full,4,2,55.51588906906545,11.973869025707245,0,3.3466675766212877,6774891008,90615840768,9.206544616434248e-07
qwen2_1p5b_32k,full,galvatron,qwen2_1p5b_32k/galvatron/full,4,3,55.53721443377435,11.927811622619629,0,3.4466526599601885,6791668736,90615840768,8.225243592119499e-07
qwen2_1p5b_32k,full,galvatron,qwen2_1p5b_32k/galvatron/full,4,4,55.5350887645036,11.88904184103012,0,3.2510811401304514,6808446464,90615840768,6.971805834928398e-07
qwen2_1p5b_32k,full,galvatron,qwen2_1p5b_32k/galvatron/full,4,5,55.55129314493388,11.852148354053497,0,3.2987591751508765,6808446464,90615840768,5.571396837256635e-07
qwen2_1p5b_32k,full,galvatron,qwen2_1p5b_32k/galvatron/full,4,6,55.68076344113797,11.832472026348114,0,3.015313166965091,6808446464,90615840768,4.1638583110227627e-07
qwen2_1p5b_32k,full,galvatron,qwen2_1p5b_32k/galvatron/full,4,7,55.55615634005517,11.80178964138031,0,3.0628864278084684,6808446464,90615840768,2.889743906929609e-07
qwen2_1p5b_32k,full,galvatron,qwen2_1p5b_32k/galvatron/full,4,8,55.66066745389253,11.788646459579468,0,3.007413604839908,6808446464,90615840768,1.876283841110236e-07
qwen2_1p5b_32k,full,galvatron,qwen2_1p5b_32k/galvatron/full,4,9,60.751740189269185,11.781240105628967,0,3.049995115932869,6808446464,90674561024,1.224679970165746e-07
qwen2_1p5b_32k,full,galvatron,qwen2_1p5b_32k/galvatron/full,4,10,59.035826252773404,11.769153118133545,0,3.0738908333489463,6808446464,90674561024,1e-07
qwen2_1p5b_32k,full,galvatron,qwen2_1p5b_32k/galvatron/full,5,1,90.33626501820982,11.977522790431976,0,3.5530778195646553,6758113280,90615840768,9.817718381265238e-07
qwen2_1p5b_32k,full,galvatron,qwen2_1p5b_32k/galvatron/full,5,2,55.51587882358581,11.973869025707245,0,3.3466675766212877,6774891008,90615840768,9.206544616434248e-07
qwen2_1p5b_32k,full,galvatron,qwen2_1p5b_32k/galvatron/full,5,3,55.53718748129904,11.927811622619629,0,3.4466526599601885,6791668736,90615840768,8.225243592119499e-07
qwen2_1p5b_32k,full,galvatron,qwen2_1p5b_32k/galvatron/full,5,4,55.535223194397986,11.88904184103012,0,3.2510811401304514,6808446464,90615840768,6.971805834928398e-07
qwen2_1p5b_32k,full,galvatron,qwen2_1p5b_32k/galvatron/full,5,5,55.55128820706159,11.852148354053497,0,3.2987591751508765,6808446464,90615840768,5.571396837256635e-07
qwen2_1p5b_32k,full,galvatron,qwen2_1p5b_32k/galvatron/full,5,6,55.68074350617826,11.832472026348114,0,3.015313166965091,6808446464,90615840768,4.1638583110227627e-07
qwen2_1p5b_32k,full,galvatron,qwen2_1p5b_32k/galvatron/full,5,7,55.55618081893772,11.80178964138031,0,3.0628864278084684,6808446464,90615840768,2.889743906929609e-07
qwen2_1p5b_32k,full,galvatron,qwen2_1p5b_32k/galvatron/full,5,8,55.66070390306413,11.788646459579468,0,3.007413604839908,6808446464,90615840768,1.876283841110236e-07
qwen2_1p5b_32k,full,galvatron,qwen2_1p5b_32k/galvatron/full,5,9,60.75173053238541,11.781240105628967,0,3.049995115932869,6808446464,90674561024,1.224679970165746e-07
qwen2_1p5b_32k,full,galvatron,qwen2_1p5b_32k/galvatron/full,5,10,59.0358051545918,11.769153118133545,0,3.0738908333489463,6808446464,90674561024,1e-07
qwen2_1p5b_32k,full,galvatron,qwen2_1p5b_32k/galvatron/full,6,1,90.3357605021447,11.977522790431976,0,3.5530778195646553,6758113280,90615840768,9.817718381265238e-07
qwen2_1p5b_32k,full,galvatron,qwen2_1p5b_32k/galvatron/full,6,2,55.51585159264505,11.973869025707245,0,3.3466675766212877,6774891008,90615840768,9.206544616434248e-07
qwen2_1p5b_32k,full,galvatron,qwen2_1p5b_32k/galvatron/full,6,3,55.537178890779614,11.927811622619629,0,3.4466526599601885,6791668736,90615840768,8.225243592119499e-07
qwen2_1p5b_32k,full,galvatron,qwen2_1p5b_32k/galvatron/full,6,4,55.535049891099334,11.88904184103012,0,3.2510811401304514,6808446464,90615840768,6.971805834928398e-07
qwen2_1p5b_32k,full,galvatron,qwen2_1p5b_32k/galvatron/full,6,5,55.55130733549595,11.852148354053497,0,3.2987591751508765,6808446464,90615840768,5.571396837256635e-07
qwen2_1p5b_32k,full,galvatron,qwen2_1p5b_32k/galvatron/full,6,6,55.68072092626244,11.832472026348114,0,3.015313166965091,6808446464,90615840768,4.1638583110227627e-07
qwen2_1p5b_32k,full,galvatron,qwen2_1p5b_32k/galvatron/full,6,7,55.55610657669604,11.80178964138031,0,3.0628864278084684,6808446464,90615840768,2.889743906929609e-07
qwen2_1p5b_32k,full,galvatron,qwen2_1p5b_32k/galvatron/full,6,8,55.66068339906633,11.788646459579468,0,3.007413604839908,6808446464,90615840768,1.876283841110236e-07
qwen2_1p5b_32k,full,galvatron,qwen2_1p5b_32k/galvatron/full,6,9,60.75172083824873,11.781240105628967,0,3.049995115932869,6808446464,90674561024,1.224679970165746e-07
qwen2_1p5b_32k,full,galvatron,qwen2_1p5b_32k/galvatron/full,6,10,59.03576774057001,11.769153118133545,0,3.0738908333489463,6808446464,90674561024,1e-07
qwen2_1p5b_32k,full,galvatron,qwen2_1p5b_32k/galvatron/full,7,1,90.33618400152773,11.977522790431976,0,3.5530778195646553,6758113280,90615840768,9.817718381265238e-07
qwen2_1p5b_32k,full,galvatron,qwen2_1p5b_32k/galvatron/full,7,2,55.51592460926622,11.973869025707245,0,3.3466675766212877,6774891008,90615840768,9.206544616434248e-07
qwen2_1p5b_32k,full,galvatron,qwen2_1p5b_32k/galvatron/full,7,3,55.537207301706076,11.927811622619629,0,3.4466526599601885,6791668736,90615840768,8.225243592119499e-07
qwen2_1p5b_32k,full,galvatron,qwen2_1p5b_32k/galvatron/full,7,4,55.53510052151978,11.88904184103012,0,3.2510811401304514,6808446464,90615840768,6.971805834928398e-07
qwen2_1p5b_32k,full,galvatron,qwen2_1p5b_32k/galvatron/full,7,5,55.551359962671995,11.852148354053497,0,3.2987591751508765,6808446464,90615840768,5.571396837256635e-07
qwen2_1p5b_32k,full,galvatron,qwen2_1p5b_32k/galvatron/full,7,6,55.68079712521285,11.832472026348114,0,3.015313166965091,6808446464,90615840768,4.1638583110227627e-07
qwen2_1p5b_32k,full,galvatron,qwen2_1p5b_32k/galvatron/full,7,7,55.55615361779928,11.80178964138031,0,3.0628864278084684,6808446464,90615840768,2.889743906929609e-07
qwen2_1p5b_32k,full,galvatron,qwen2_1p5b_32k/galvatron/full,7,8,55.66074223536998,11.788646459579468,0,3.007413604839908,6808446464,90615840768,1.876283841110236e-07
qwen2_1p5b_32k,full,galvatron,qwen2_1p5b_32k/galvatron/full,7,9,60.7517660362646,11.781240105628967,0,3.049995115932869,6808446464,90674561024,1.224679970165746e-07
qwen2_1p5b_32k,full,galvatron,qwen2_1p5b_32k/galvatron/full,7,10,59.035852732136846,11.769153118133545,0,3.0738908333489463,6808446464,90674561024,1e-07
qwen2_7b_32k,common,devastator,qwen2_7b_32k/devastator/common,0,1,182.75503750517964,,0,15.863967065327786,11801198592,62610472960,9.817718381265238e-07
qwen2_7b_32k,common,devastator,qwen2_7b_32k/devastator/common,0,2,169.38317518215626,,0,14.995713702367066,11817969152,71401734144,9.206544616434248e-07
qwen2_7b_32k,common,devastator,qwen2_7b_32k/devastator/common,0,3,169.3817032976076,,0,14.938057733442331,11834746880,71401734144,8.225243592119499e-07
qwen2_7b_32k,common,devastator,qwen2_7b_32k/devastator/common,0,4,169.3647378841415,,0,13.096496439664335,11851524608,71401734144,6.971805834928398e-07
qwen2_7b_32k,common,devastator,qwen2_7b_32k/devastator/common,0,5,169.36119593773037,,0,12.62172361860662,11868302336,71401734144,5.571396837256635e-07
qwen2_7b_32k,common,devastator,qwen2_7b_32k/devastator/common,0,6,169.37615081481636,,0,12.226839553570253,11885080064,71401734144,4.1638583110227627e-07
qwen2_7b_32k,common,devastator,qwen2_7b_32k/devastator/common,0,7,169.35346519947052,,0,11.691823231162452,11901857792,71401734144,2.889743906929609e-07
qwen2_7b_32k,common,devastator,qwen2_7b_32k/devastator/common,0,8,169.35567757859826,,0,11.929269239966436,11918635520,71401734144,1.876283841110236e-07
qwen2_7b_32k,common,devastator,qwen2_7b_32k/devastator/common,0,9,169.35476063005626,,0,11.559511860503669,11935413248,71401734144,1.224679970165746e-07
qwen2_7b_32k,common,devastator,qwen2_7b_32k/devastator/common,0,10,169.36057724244893,,0,11.092017153947113,11952190976,71401734144,1e-07
qwen2_7b_32k,common,devastator,qwen2_7b_32k/devastator/common,1,1,182.75445904489607,,0,15.863967065327786,11776032768,62610472960,9.817718381265238e-07
qwen2_7b_32k,common,devastator,qwen2_7b_32k/devastator/common,1,2,169.38295217044652,,0,14.995713702367066,11792803328,71120715776,9.206544616434248e-07
qwen2_7b_32k,common,devastator,qwen2_7b_32k/devastator/common,1,3,169.3815770689398,,0,14.938057733442331,11809581056,71431094272,8.225243592119499e-07
qwen2_7b_32k,common,devastator,qwen2_7b_32k/devastator/common,1,4,169.36454253271222,,0,13.096496439664335,11826358784,71431094272,6.971805834928398e-07
qwen2_7b_32k,common,devastator,qwen2_7b_32k/devastator/common,1,5,169.36092889029533,,0,12.62172361860662,11843136512,71431094272,5.571396837256635e-07
qwen2_7b_32k,common,devastator,qwen2_7b_32k/devastator/common,1,6,169.37590924091637,,0,12.226839553570253,11859914240,71431094272,4.1638583110227627e-07
qwen2_7b_32k,common,devastator,qwen2_7b_32k/devastator/common,1,7,169.35316949896514,,0,11.691823231162452,11876691968,71431094272,2.889743906929609e-07
qwen2_7b_32k,common,devastator,qwen2_7b_32k/devastator/common,1,8,169.35544170625508,,0,11.929269239966436,11893469696,71431094272,1.876283841110236e-07
qwen2_7b_32k,common,devastator,qwen2_7b_32k/devastator/common,1,9,169.3544793324545,,0,11.559511860503669,11910247424,71431094272,1.224679970165746e-07
qwen2_7b_32k,common,devastator,qwen2_7b_32k/devastator/common,1,10,169.36037512589246,,0,11.092017153947113,11927025152,71431094272,1e-07
qwen2_7b_32k,common,devastator,qwen2_7b_32k/devastator/common,2,1,182.75428464449942,,0,15.863967065327786,11776032768,62920851456,9.817718381265238e-07
qwen2_7b_32k,common,devastator,qwen2_7b_32k/devastator/common,2,2,169.38302726950496,,0,14.995713702367066,11792803328,71418511360,9.206544616434248e-07
qwen2_7b_32k,common,devastator,qwen2_7b_32k/devastator/common,2,3,169.3815354006365,,0,14.938057733442331,11809581056,71418511360,8.225243592119499e-07
qwen2_7b_32k,common,devastator,qwen2_7b_32k/devastator/common,2,4,169.36455955170095,,0,13.096496439664335,11826358784,71418511360,6.971805834928398e-07
qwen2_7b_32k,common,devastator,qwen2_7b_32k/devastator/common,2,5,169.36097550578415,,0,12.62172361860662,11843136512,71418511360,5.571396837256635e-07
qwen2_7b_32k,common,devastator,qwen2_7b_32k/devastator/common,2,6,169.37597106583416,,0,12.226839553570253,11859914240,71418511360,4.1638583110227627e-07
qwen2_7b_32k,common,devastator,qwen2_7b_32k/devastator/common,2,7,169.3532425807789,,0,11.691823231162452,11876691968,71418511360,2.889743906929609e-07
qwen2_7b_32k,common,devastator,qwen2_7b_32k/devastator/common,2,8,169.3554990803823,,0,11.929269239966436,11893469696,71418511360,1.876283841110236e-07
qwen2_7b_32k,common,devastator,qwen2_7b_32k/devastator/common,2,9,169.35454333759844,,0,11.559511860503669,11910247424,71418511360,1.224679970165746e-07
qwen2_7b_32k,common,devastator,qwen2_7b_32k/devastator/common,2,10,169.36043553240597,,0,11.092017153947113,11927025152,71418511360,1e-07
qwen2_7b_32k,common,devastator,qwen2_7b_32k/devastator/common,3,1,182.75562723819166,,0,15.863967065327786,11776032768,62610472960,9.817718381265238e-07
qwen2_7b_32k,common,devastator,qwen2_7b_32k/devastator/common,3,2,169.38315804861486,,0,14.995713702367066,11792803328,71120715776,9.206544616434248e-07
qwen2_7b_32k,common,devastator,qwen2_7b_32k/devastator/common,3,3,169.381697925739,,0,14.938057733442331,11809581056,71431094272,8.225243592119499e-07
qwen2_7b_32k,common,devastator,qwen2_7b_32k/devastator/common,3,4,169.3646875396371,,0,13.096496439664335,11826358784,71431094272,6.971805834928398e-07
qwen2_7b_32k,common,devastator,qwen2_7b_32k/devastator/common,3,5,169.3611595975235,,0,12.62172361860662,11843136512,71431094272,5.571396837256635e-07
qwen2_7b_32k,common,devastator,qwen2_7b_32k/devastator/common,3,6,169.3761379495263,,0,12.226839553570253,11859914240,71431094272,4.1638583110227627e-07
qwen2_7b_32k,common,devastator,qwen2_7b_32k/devastator/common,3,7,169.3533854233101,,0,11.691823231162452,11876691968,71431094272,2.889743906929609e-07
qwen2_7b_32k,common,devastator,qwen2_7b_32k/devastator/common,3,8,169.3556608678773,,0,11.929269239966436,11893469696,71431094272,1.876283841110236e-07
qwen2_7b_32k,common,devastator,qwen2_7b_32k/devastator/common,3,9,169.35475775785744,,0,11.559511860503669,11910247424,71431094272,1.224679970165746e-07
qwen2_7b_32k,common,devastator,qwen2_7b_32k/devastator/common,3,10,169.3606135705486,,0,11.092017153947113,11927025152,71431094272,1e-07
qwen2_7b_32k,common,devastator,qwen2_7b_32k/devastator/common,4,1,182.75522801466286,12.082311794161797,0,15.863967065327786,11792817152,49322917888,9.817718381265238e-07
qwen2_7b_32k,common,devastator,qwen2_7b_32k/devastator/common,4,2,169.38293219730258,12.077822238206863,0,14.995713702367066,11809594880,59280195584,9.206544616434248e-07
qwen2_7b_32k,common,devastator,qwen2_7b_32k/devastator/common,4,3,169.38162659481168,11.824769586324692,0,14.938057733442331,11826372608,59280195584,8.225243592119499e-07
qwen2_7b_32k,common,devastator,qwen2_7b_32k/devastator/common,4,4,169.36443332303315,11.62133203446865,0,13.096496439664335,11843150336,59280195584,6.971805834928398e-07
qwen2_7b_32k,common,devastator,qwen2_7b_32k/devastator/common,4,5,169.36094194091856,11.446132376790047,0,12.62172361860662,11859928064,59280195584,5.571396837256635e-07
qwen2_7b_32k,common,devastator,qwen2_7b_32k/devastator/common,4,6,169.3761082869023,11.363424614071846,0,12.226839553570253,11876705792,59280195584,4.1638583110227627e-07
qwen2_7b_32k,common,devastator,qwen2_7b_32k/devastator/common,4,7,169.35321244876832,11.224516078829765,0,11.691823231162452,11893483520,59280195584,2.889743906929609e-07
qwen2_7b_32k,common,devastator,qwen2_7b_32k/devastator/common,4,8,169.3556522745639,11.195540592074394,0,11.929269239966436,11910261248,59280195584,1.876283841110236e-07
qwen2_7b_32k,common,devastator,qwen2_7b_32k/devastator/common,4,9,169.3545209346339,11.10372394323349,0,11.559511860503669,11927038976,59280195584,1.224679970165746e-07
qwen2_7b_32k,common,devastator,qwen2_7b_32k/devastator/common,4,10,169.36032516229898,11.077605053782463,0,11.092017153947113,11943816704,59280195584,1e-07
qwen2_7b_32k,common,devastator,qwen2_7b_32k/devastator/common,5,1,182.75507795345038,12.082311794161797,0,15.863967065327786,11759263232,49293557760,9.817718381265238e-07
qwen2_7b_32k,common,devastator,qwen2_7b_32k/devastator/common,5,2,169.38284140080214,12.077822238206863,0,14.995713702367066,11776040960,59250835456,9.206544616434248e-07
qwen2_7b_32k,common,devastator,qwen2_7b_32k/devastator/common,5,3,169.3814381994307,11.824769586324692,0,14.938057733442331,11792818688,59250835456,8.225243592119499e-07
qwen2_7b_32k,common,devastator,qwen2_7b_32k/devastator/common,5,4,169.36453383788466,11.62133203446865,0,13.096496439664335,11809596416,59250835456,6.971805834928398e-07
qwen2_7b_32k,common,devastator,qwen2_7b_32k/devastator/common,5,5,169.36109088826925,11.446132376790047,0,12.62172361860662,11826374144,59250835456,5.571396837256635e-07
qwen2_7b_32k,common,devastator,qwen2_7b_32k/devastator/common,5,6,169.37585787381977,11.363424614071846,0,12.226839553570253,11843151872,59250835456,4.1638583110227627e-07
qwen2_7b_32k,common,devastator,qwen2_7b_32k/devastator/common,5,7,169.3532023811713,11.224516078829765,0,11.691823231162452,11859929600,59250835456,2.889743906929609e-07
qwen2_7b_32k,common,devastator,qwen2_7b_32k/devastator/common,5,8,169.355319830589,11.195540592074394,0,11.929269239966436,11876707328,59250835456,1.876283841110236e-07
qwen2_7b_32k,common,devastator,qwen2_7b_32k/devastator/common,5,9,169.3544640513137,11.10372394323349,0,11.559511860503669,11893485056,59250835456,1.224679970165746e-07
qwen2_7b_32k,common,devastator,qwen2_7b_32k/devastator/common,5,10,169.36040231678635,11.077605053782463,0,11.092017153947113,11910262784,59250835456,1e-07
qwen2_7b_32k,common,devastator,qwen2_7b_32k/devastator/common,6,1,182.75493500381708,12.082311794161797,0,15.863967065327786,11759263232,49293557760,9.817718381265238e-07
qwen2_7b_32k,common,devastator,qwen2_7b_32k/devastator/common,6,2,169.38310785684735,12.077822238206863,0,14.995713702367066,11776040960,59250835456,9.206544616434248e-07
qwen2_7b_32k,common,devastator,qwen2_7b_32k/devastator/common,6,3,169.38156792894006,11.824769586324692,0,14.938057733442331,11792818688,59250835456,8.225243592119499e-07
qwen2_7b_32k,common,devastator,qwen2_7b_32k/devastator/common,6,4,169.36469918489456,11.62133203446865,0,13.096496439664335,11809596416,59250835456,6.971805834928398e-07
qwen2_7b_32k,common,devastator,qwen2_7b_32k/devastator/common,6,5,169.36115202400833,11.446132376790047,0,12.62172361860662,11826374144,59250835456,5.571396837256635e-07
qwen2_7b_32k,common,devastator,qwen2_7b_32k/devastator/common,6,6,169.37613098416477,11.363424614071846,0,12.226839553570253,11843151872,59250835456,4.1638583110227627e-07
qwen2_7b_32k,common,devastator,qwen2_7b_32k/devastator/common,6,7,169.35324605647475,11.224516078829765,0,11.691823231162452,11859929600,59250835456,2.889743906929609e-07
qwen2_7b_32k,common,devastator,qwen2_7b_32k/devastator/common,6,8,169.35572299081832,11.195540592074394,0,11.929269239966436,11876707328,59250835456,1.876283841110236e-07
qwen2_7b_32k,common,devastator,qwen2_7b_32k/devastator/common,6,9,169.35461768787354,11.10372394323349,0,11.559511860503669,11893485056,59250835456,1.224679970165746e-07
qwen2_7b_32k,common,devastator,qwen2_7b_32k/devastator/common,6,10,169.3604548079893,11.077605053782463,0,11.092017153947113,11910262784,59250835456,1e-07
qwen2_7b_32k,common,devastator,qwen2_7b_32k/devastator/common,7,1,182.75464609451592,12.082311794161797,0,15.863967065327786,11759263232,49293557760,9.817718381265238e-07
qwen2_7b_32k,common,devastator,qwen2_7b_32k/devastator/common,7,2,169.3829395826906,12.077822238206863,0,14.995713702367066,11776040960,59250835456,9.206544616434248e-07
qwen2_7b_32k,common,devastator,qwen2_7b_32k/devastator/common,7,3,169.3815378928557,11.824769586324692,0,14.938057733442331,11792818688,59250835456,8.225243592119499e-07
qwen2_7b_32k,common,devastator,qwen2_7b_32k/devastator/common,7,4,169.36453550495207,11.62133203446865,0,13.096496439664335,11809596416,59250835456,6.971805834928398e-07
qwen2_7b_32k,common,devastator,qwen2_7b_32k/devastator/common,7,5,169.3609000723809,11.446132376790047,0,12.62172361860662,11826374144,59250835456,5.571396837256635e-07
qwen2_7b_32k,common,devastator,qwen2_7b_32k/devastator/common,7,6,169.37606619670987,11.363424614071846,0,12.226839553570253,11843151872,59250835456,4.1638583110227627e-07
qwen2_7b_32k,common,devastator,qwen2_7b_32k/devastator/common,7,7,169.35340615268797,11.224516078829765,0,11.691823231162452,11859929600,59250835456,2.889743906929609e-07
qwen2_7b_32k,common,devastator,qwen2_7b_32k/devastator/common,7,8,169.35546685010195,11.195540592074394,0,11.929269239966436,11876707328,59250835456,1.876283841110236e-07
qwen2_7b_32k,common,devastator,qwen2_7b_32k/devastator/common,7,9,169.35460312385112,11.10372394323349,0,11.559511860503669,11893485056,59250835456,1.224679970165746e-07
qwen2_7b_32k,common,devastator,qwen2_7b_32k/devastator/common,7,10,169.36053791176528,11.077605053782463,0,11.092017153947113,11910262784,59250835456,1e-07
qwen2_7b_32k,common,galvatron,qwen2_7b_32k/devastator/common,0,1,182.75503750517964,,0,15.863967065327786,11801198592,62610472960,9.817718381265238e-07
qwen2_7b_32k,common,galvatron,qwen2_7b_32k/devastator/common,0,2,169.38317518215626,,0,14.995713702367066,11817969152,71401734144,9.206544616434248e-07
qwen2_7b_32k,common,galvatron,qwen2_7b_32k/devastator/common,0,3,169.3817032976076,,0,14.938057733442331,11834746880,71401734144,8.225243592119499e-07
qwen2_7b_32k,common,galvatron,qwen2_7b_32k/devastator/common,0,4,169.3647378841415,,0,13.096496439664335,11851524608,71401734144,6.971805834928398e-07
qwen2_7b_32k,common,galvatron,qwen2_7b_32k/devastator/common,0,5,169.36119593773037,,0,12.62172361860662,11868302336,71401734144,5.571396837256635e-07
qwen2_7b_32k,common,galvatron,qwen2_7b_32k/devastator/common,0,6,169.37615081481636,,0,12.226839553570253,11885080064,71401734144,4.1638583110227627e-07
qwen2_7b_32k,common,galvatron,qwen2_7b_32k/devastator/common,0,7,169.35346519947052,,0,11.691823231162452,11901857792,71401734144,2.889743906929609e-07
qwen2_7b_32k,common,galvatron,qwen2_7b_32k/devastator/common,0,8,169.35567757859826,,0,11.929269239966436,11918635520,71401734144,1.876283841110236e-07
qwen2_7b_32k,common,galvatron,qwen2_7b_32k/devastator/common,0,9,169.35476063005626,,0,11.559511860503669,11935413248,71401734144,1.224679970165746e-07
qwen2_7b_32k,common,galvatron,qwen2_7b_32k/devastator/common,0,10,169.36057724244893,,0,11.092017153947113,11952190976,71401734144,1e-07
qwen2_7b_32k,common,galvatron,qwen2_7b_32k/devastator/common,1,1,182.75445904489607,,0,15.863967065327786,11776032768,62610472960,9.817718381265238e-07
qwen2_7b_32k,common,galvatron,qwen2_7b_32k/devastator/common,1,2,169.38295217044652,,0,14.995713702367066,11792803328,71120715776,9.206544616434248e-07
qwen2_7b_32k,common,galvatron,qwen2_7b_32k/devastator/common,1,3,169.3815770689398,,0,14.938057733442331,11809581056,71431094272,8.225243592119499e-07
qwen2_7b_32k,common,galvatron,qwen2_7b_32k/devastator/common,1,4,169.36454253271222,,0,13.096496439664335,11826358784,71431094272,6.971805834928398e-07
qwen2_7b_32k,common,galvatron,qwen2_7b_32k/devastator/common,1,5,169.36092889029533,,0,12.62172361860662,11843136512,71431094272,5.571396837256635e-07
qwen2_7b_32k,common,galvatron,qwen2_7b_32k/devastator/common,1,6,169.37590924091637,,0,12.226839553570253,11859914240,71431094272,4.1638583110227627e-07
qwen2_7b_32k,common,galvatron,qwen2_7b_32k/devastator/common,1,7,169.35316949896514,,0,11.691823231162452,11876691968,71431094272,2.889743906929609e-07
qwen2_7b_32k,common,galvatron,qwen2_7b_32k/devastator/common,1,8,169.35544170625508,,0,11.929269239966436,11893469696,71431094272,1.876283841110236e-07
qwen2_7b_32k,common,galvatron,qwen2_7b_32k/devastator/common,1,9,169.3544793324545,,0,11.559511860503669,11910247424,71431094272,1.224679970165746e-07
qwen2_7b_32k,common,galvatron,qwen2_7b_32k/devastator/common,1,10,169.36037512589246,,0,11.092017153947113,11927025152,71431094272,1e-07
qwen2_7b_32k,common,galvatron,qwen2_7b_32k/devastator/common,2,1,182.75428464449942,,0,15.863967065327786,11776032768,62920851456,9.817718381265238e-07
qwen2_7b_32k,common,galvatron,qwen2_7b_32k/devastator/common,2,2,169.38302726950496,,0,14.995713702367066,11792803328,71418511360,9.206544616434248e-07
qwen2_7b_32k,common,galvatron,qwen2_7b_32k/devastator/common,2,3,169.3815354006365,,0,14.938057733442331,11809581056,71418511360,8.225243592119499e-07
qwen2_7b_32k,common,galvatron,qwen2_7b_32k/devastator/common,2,4,169.36455955170095,,0,13.096496439664335,11826358784,71418511360,6.971805834928398e-07
qwen2_7b_32k,common,galvatron,qwen2_7b_32k/devastator/common,2,5,169.36097550578415,,0,12.62172361860662,11843136512,71418511360,5.571396837256635e-07
qwen2_7b_32k,common,galvatron,qwen2_7b_32k/devastator/common,2,6,169.37597106583416,,0,12.226839553570253,11859914240,71418511360,4.1638583110227627e-07
qwen2_7b_32k,common,galvatron,qwen2_7b_32k/devastator/common,2,7,169.3532425807789,,0,11.691823231162452,11876691968,71418511360,2.889743906929609e-07
qwen2_7b_32k,common,galvatron,qwen2_7b_32k/devastator/common,2,8,169.3554990803823,,0,11.929269239966436,11893469696,71418511360,1.876283841110236e-07
qwen2_7b_32k,common,galvatron,qwen2_7b_32k/devastator/common,2,9,169.35454333759844,,0,11.559511860503669,11910247424,71418511360,1.224679970165746e-07
qwen2_7b_32k,common,galvatron,qwen2_7b_32k/devastator/common,2,10,169.36043553240597,,0,11.092017153947113,11927025152,71418511360,1e-07
qwen2_7b_32k,common,galvatron,qwen2_7b_32k/devastator/common,3,1,182.75562723819166,,0,15.863967065327786,11776032768,62610472960,9.817718381265238e-07
qwen2_7b_32k,common,galvatron,qwen2_7b_32k/devastator/common,3,2,169.38315804861486,,0,14.995713702367066,11792803328,71120715776,9.206544616434248e-07
qwen2_7b_32k,common,galvatron,qwen2_7b_32k/devastator/common,3,3,169.381697925739,,0,14.938057733442331,11809581056,71431094272,8.225243592119499e-07
qwen2_7b_32k,common,galvatron,qwen2_7b_32k/devastator/common,3,4,169.3646875396371,,0,13.096496439664335,11826358784,71431094272,6.971805834928398e-07
qwen2_7b_32k,common,galvatron,qwen2_7b_32k/devastator/common,3,5,169.3611595975235,,0,12.62172361860662,11843136512,71431094272,5.571396837256635e-07
qwen2_7b_32k,common,galvatron,qwen2_7b_32k/devastator/common,3,6,169.3761379495263,,0,12.226839553570253,11859914240,71431094272,4.1638583110227627e-07
qwen2_7b_32k,common,galvatron,qwen2_7b_32k/devastator/common,3,7,169.3533854233101,,0,11.691823231162452,11876691968,71431094272,2.889743906929609e-07
qwen2_7b_32k,common,galvatron,qwen2_7b_32k/devastator/common,3,8,169.3556608678773,,0,11.929269239966436,11893469696,71431094272,1.876283841110236e-07
qwen2_7b_32k,common,galvatron,qwen2_7b_32k/devastator/common,3,9,169.35475775785744,,0,11.559511860503669,11910247424,71431094272,1.224679970165746e-07
qwen2_7b_32k,common,galvatron,qwen2_7b_32k/devastator/common,3,10,169.3606135705486,,0,11.092017153947113,11927025152,71431094272,1e-07
qwen2_7b_32k,common,galvatron,qwen2_7b_32k/devastator/common,4,1,182.75522801466286,12.082311794161797,0,15.863967065327786,11792817152,49322917888,9.817718381265238e-07
qwen2_7b_32k,common,galvatron,qwen2_7b_32k/devastator/common,4,2,169.38293219730258,12.077822238206863,0,14.995713702367066,11809594880,59280195584,9.206544616434248e-07
qwen2_7b_32k,common,galvatron,qwen2_7b_32k/devastator/common,4,3,169.38162659481168,11.824769586324692,0,14.938057733442331,11826372608,59280195584,8.225243592119499e-07
qwen2_7b_32k,common,galvatron,qwen2_7b_32k/devastator/common,4,4,169.36443332303315,11.62133203446865,0,13.096496439664335,11843150336,59280195584,6.971805834928398e-07
qwen2_7b_32k,common,galvatron,qwen2_7b_32k/devastator/common,4,5,169.36094194091856,11.446132376790047,0,12.62172361860662,11859928064,59280195584,5.571396837256635e-07
qwen2_7b_32k,common,galvatron,qwen2_7b_32k/devastator/common,4,6,169.3761082869023,11.363424614071846,0,12.226839553570253,11876705792,59280195584,4.1638583110227627e-07
qwen2_7b_32k,common,galvatron,qwen2_7b_32k/devastator/common,4,7,169.35321244876832,11.224516078829765,0,11.691823231162452,11893483520,59280195584,2.889743906929609e-07
qwen2_7b_32k,common,galvatron,qwen2_7b_32k/devastator/common,4,8,169.3556522745639,11.195540592074394,0,11.929269239966436,11910261248,59280195584,1.876283841110236e-07
qwen2_7b_32k,common,galvatron,qwen2_7b_32k/devastator/common,4,9,169.3545209346339,11.10372394323349,0,11.559511860503669,11927038976,59280195584,1.224679970165746e-07
qwen2_7b_32k,common,galvatron,qwen2_7b_32k/devastator/common,4,10,169.36032516229898,11.077605053782463,0,11.092017153947113,11943816704,59280195584,1e-07
qwen2_7b_32k,common,galvatron,qwen2_7b_32k/devastator/common,5,1,182.75507795345038,12.082311794161797,0,15.863967065327786,11759263232,49293557760,9.817718381265238e-07
qwen2_7b_32k,common,galvatron,qwen2_7b_32k/devastator/common,5,2,169.38284140080214,12.077822238206863,0,14.995713702367066,11776040960,59250835456,9.206544616434248e-07
qwen2_7b_32k,common,galvatron,qwen2_7b_32k/devastator/common,5,3,169.3814381994307,11.824769586324692,0,14.938057733442331,11792818688,59250835456,8.225243592119499e-07
qwen2_7b_32k,common,galvatron,qwen2_7b_32k/devastator/common,5,4,169.36453383788466,11.62133203446865,0,13.096496439664335,11809596416,59250835456,6.971805834928398e-07
qwen2_7b_32k,common,galvatron,qwen2_7b_32k/devastator/common,5,5,169.36109088826925,11.446132376790047,0,12.62172361860662,11826374144,59250835456,5.571396837256635e-07
qwen2_7b_32k,common,galvatron,qwen2_7b_32k/devastator/common,5,6,169.37585787381977,11.363424614071846,0,12.226839553570253,11843151872,59250835456,4.1638583110227627e-07
qwen2_7b_32k,common,galvatron,qwen2_7b_32k/devastator/common,5,7,169.3532023811713,11.224516078829765,0,11.691823231162452,11859929600,59250835456,2.889743906929609e-07
qwen2_7b_32k,common,galvatron,qwen2_7b_32k/devastator/common,5,8,169.355319830589,11.195540592074394,0,11.929269239966436,11876707328,59250835456,1.876283841110236e-07
qwen2_7b_32k,common,galvatron,qwen2_7b_32k/devastator/common,5,9,169.3544640513137,11.10372394323349,0,11.559511860503669,11893485056,59250835456,1.224679970165746e-07
qwen2_7b_32k,common,galvatron,qwen2_7b_32k/devastator/common,5,10,169.36040231678635,11.077605053782463,0,11.092017153947113,11910262784,59250835456,1e-07
qwen2_7b_32k,common,galvatron,qwen2_7b_32k/devastator/common,6,1,182.75493500381708,12.082311794161797,0,15.863967065327786,11759263232,49293557760,9.817718381265238e-07
qwen2_7b_32k,common,galvatron,qwen2_7b_32k/devastator/common,6,2,169.38310785684735,12.077822238206863,0,14.995713702367066,11776040960,59250835456,9.206544616434248e-07
qwen2_7b_32k,common,galvatron,qwen2_7b_32k/devastator/common,6,3,169.38156792894006,11.824769586324692,0,14.938057733442331,11792818688,59250835456,8.225243592119499e-07
qwen2_7b_32k,common,galvatron,qwen2_7b_32k/devastator/common,6,4,169.36469918489456,11.62133203446865,0,13.096496439664335,11809596416,59250835456,6.971805834928398e-07
qwen2_7b_32k,common,galvatron,qwen2_7b_32k/devastator/common,6,5,169.36115202400833,11.446132376790047,0,12.62172361860662,11826374144,59250835456,5.571396837256635e-07
qwen2_7b_32k,common,galvatron,qwen2_7b_32k/devastator/common,6,6,169.37613098416477,11.363424614071846,0,12.226839553570253,11843151872,59250835456,4.1638583110227627e-07
qwen2_7b_32k,common,galvatron,qwen2_7b_32k/devastator/common,6,7,169.35324605647475,11.224516078829765,0,11.691823231162452,11859929600,59250835456,2.889743906929609e-07
qwen2_7b_32k,common,galvatron,qwen2_7b_32k/devastator/common,6,8,169.35572299081832,11.195540592074394,0,11.929269239966436,11876707328,59250835456,1.876283841110236e-07
qwen2_7b_32k,common,galvatron,qwen2_7b_32k/devastator/common,6,9,169.35461768787354,11.10372394323349,0,11.559511860503669,11893485056,59250835456,1.224679970165746e-07
qwen2_7b_32k,common,galvatron,qwen2_7b_32k/devastator/common,6,10,169.3604548079893,11.077605053782463,0,11.092017153947113,11910262784,59250835456,1e-07
qwen2_7b_32k,common,galvatron,qwen2_7b_32k/devastator/common,7,1,182.75464609451592,12.082311794161797,0,15.863967065327786,11759263232,49293557760,9.817718381265238e-07
qwen2_7b_32k,common,galvatron,qwen2_7b_32k/devastator/common,7,2,169.3829395826906,12.077822238206863,0,14.995713702367066,11776040960,59250835456,9.206544616434248e-07
qwen2_7b_32k,common,galvatron,qwen2_7b_32k/devastator/common,7,3,169.3815378928557,11.824769586324692,0,14.938057733442331,11792818688,59250835456,8.225243592119499e-07
qwen2_7b_32k,common,galvatron,qwen2_7b_32k/devastator/common,7,4,169.36453550495207,11.62133203446865,0,13.096496439664335,11809596416,59250835456,6.971805834928398e-07
qwen2_7b_32k,common,galvatron,qwen2_7b_32k/devastator/common,7,5,169.3609000723809,11.446132376790047,0,12.62172361860662,11826374144,59250835456,5.571396837256635e-07
qwen2_7b_32k,common,galvatron,qwen2_7b_32k/devastator/common,7,6,169.37606619670987,11.363424614071846,0,12.226839553570253,11843151872,59250835456,4.1638583110227627e-07
qwen2_7b_32k,common,galvatron,qwen2_7b_32k/devastator/common,7,7,169.35340615268797,11.224516078829765,0,11.691823231162452,11859929600,59250835456,2.889743906929609e-07
qwen2_7b_32k,common,galvatron,qwen2_7b_32k/devastator/common,7,8,169.35546685010195,11.195540592074394,0,11.929269239966436,11876707328,59250835456,1.876283841110236e-07
qwen2_7b_32k,common,galvatron,qwen2_7b_32k/devastator/common,7,9,169.35460312385112,11.10372394323349,0,11.559511860503669,11893485056,59250835456,1.224679970165746e-07
qwen2_7b_32k,common,galvatron,qwen2_7b_32k/devastator/common,7,10,169.36053791176528,11.077605053782463,0,11.092017153947113,11910262784,59250835456,1e-07
qwen2_7b_32k,full,devastator,qwen2_7b_32k/devastator/full,0,1,188.251422024332,,0,15.88654899597168,34341682688,83311460352,
qwen2_7b_32k,full,devastator,qwen2_7b_32k/devastator/full,0,2,168.06979709118605,,0,15.289226531982422,34341682688,93923049472,
qwen2_7b_32k,full,devastator,qwen2_7b_32k/devastator/full,0,3,168.06858508847654,,0,15.902710914611816,34341682688,94233427968,
qwen2_7b_32k,full,devastator,qwen2_7b_32k/devastator/full,0,4,168.06797081697732,,0,15.65157413482666,34341682688,94233427968,
qwen2_7b_32k,full,devastator,qwen2_7b_32k/devastator/full,0,5,168.10054322797805,,0,15.956332206726074,34341682688,94233427968,
qwen2_7b_32k,full,devastator,qwen2_7b_32k/devastator/full,0,6,168.099264270626,,0,14.888720512390137,34341682688,94233427968,
qwen2_7b_32k,full,devastator,qwen2_7b_32k/devastator/full,0,7,168.11196688842028,,0,15.040204048156738,34341682688,94233427968,
qwen2_7b_32k,full,devastator,qwen2_7b_32k/devastator/full,0,8,168.08538320008665,,0,14.25821590423584,34341682688,94233427968,
qwen2_7b_32k,full,devastator,qwen2_7b_32k/devastator/full,0,9,168.11599847581238,,0,14.550545692443848,34341682688,94233427968,
qwen2_7b_32k,full,devastator,qwen2_7b_32k/devastator/full,0,10,168.09131665714085,,0,15.123290061950684,34341682688,94233427968,
qwen2_7b_32k,full,devastator,qwen2_7b_32k/devastator/full,1,1,188.251568778418,,0,15.88654899597168,34341682688,83309363200,
qwen2_7b_32k,full,devastator,qwen2_7b_32k/devastator/full,1,2,168.06989823561162,,0,15.289226531982422,34341682688,94543806464,
qwen2_7b_32k,full,devastator,qwen2_7b_32k/devastator/full,1,3,168.0685945842415,,0,15.902710914611816,34341682688,94543806464,
qwen2_7b_32k,full,devastator,qwen2_7b_32k/devastator/full,1,4,168.06805876176804,,0,15.65157413482666,34341682688,94543806464,
qwen2_7b_32k,full,devastator,qwen2_7b_32k/devastator/full,1,5,168.1005006665364,,0,15.956332206726074,34341682688,94543806464,
qwen2_7b_32k,full,devastator,qwen2_7b_32k/devastator/full,1,6,168.0992768444121,,0,14.888720512390137,34341682688,94543806464,
qwen2_7b_32k,full,devastator,qwen2_7b_32k/devastator/full,1,7,168.11198415607214,,0,15.040204048156738,34341682688,94543806464,
qwen2_7b_32k,full,devastator,qwen2_7b_32k/devastator/full,1,8,168.08540830668062,,0,14.25821590423584,34341682688,94543806464,
qwen2_7b_32k,full,devastator,qwen2_7b_32k/devastator/full,1,9,168.11609017848969,,0,14.550545692443848,34341682688,94543806464,
qwen2_7b_32k,full,devastator,qwen2_7b_32k/devastator/full,1,10,168.0916076367721,,0,15.123290061950684,34341682688,94543806464,
qwen2_7b_32k,full,devastator,qwen2_7b_32k/devastator/full,2,1,188.24766903743148,,0,15.88654899597168,34341682688,83311460352,
qwen2_7b_32k,full,devastator,qwen2_7b_32k/devastator/full,2,2,168.07015554327518,,0,15.289226531982422,34341682688,94233427968,
qwen2_7b_32k,full,devastator,qwen2_7b_32k/devastator/full,2,3,168.068676690571,,0,15.902710914611816,34341682688,94233427968,
qwen2_7b_32k,full,devastator,qwen2_7b_32k/devastator/full,2,4,168.06803985405713,,0,15.65157413482666,34341682688,94233427968,
qwen2_7b_32k,full,devastator,qwen2_7b_32k/devastator/full,2,5,168.1007071500644,,0,15.956332206726074,34341682688,94233427968,
qwen2_7b_32k,full,devastator,qwen2_7b_32k/devastator/full,2,6,168.0992649309337,,0,14.888720512390137,34341682688,94233427968,
qwen2_7b_32k,full,devastator,qwen2_7b_32k/devastator/full,2,7,168.11208491865546,,0,15.040204048156738,34341682688,94233427968,
qwen2_7b_32k,full,devastator,qwen2_7b_32k/devastator/full,2,8,168.08562589623034,,0,14.25821590423584,34341682688,94233427968,
qwen2_7b_32k,full,devastator,qwen2_7b_32k/devastator/full,2,9,168.115947579965,,0,14.550545692443848,34341682688,94543806464,
qwen2_7b_32k,full,devastator,qwen2_7b_32k/devastator/full,2,10,168.09091784711927,,0,15.123290061950684,34341682688,94543806464,
qwen2_7b_32k,full,devastator,qwen2_7b_32k/devastator/full,3,1,188.24779908917844,,0,15.88654899597168,34341682688,83309363200,
qwen2_7b_32k,full,devastator,qwen2_7b_32k/devastator/full,3,2,168.07049268111587,,0,15.289226531982422,34341682688,94233427968,
qwen2_7b_32k,full,devastator,qwen2_7b_32k/devastator/full,3,3,168.06874404661357,,0,15.902710914611816,34341682688,94233427968,
qwen2_7b_32k,full,devastator,qwen2_7b_32k/devastator/full,3,4,168.0681729624048,,0,15.65157413482666,34341682688,94233427968,
qwen2_7b_32k,full,devastator,qwen2_7b_32k/devastator/full,3,5,168.10076674539596,,0,15.956332206726074,34341682688,94233427968,
qwen2_7b_32k,full,devastator,qwen2_7b_32k/devastator/full,3,6,168.0994235193357,,0,14.888720512390137,34341682688,94233427968,
qwen2_7b_32k,full,devastator,qwen2_7b_32k/devastator/full,3,7,168.11218554060906,,0,15.040204048156738,34341682688,94233427968,
qwen2_7b_32k,full,devastator,qwen2_7b_32k/devastator/full,3,8,168.0856628054753,,0,14.25821590423584,34341682688,94233427968,
qwen2_7b_32k,full,devastator,qwen2_7b_32k/devastator/full,3,9,168.11604944523424,,0,14.550545692443848,34341682688,94233427968,
qwen2_7b_32k,full,devastator,qwen2_7b_32k/devastator/full,3,10,168.09102594200522,,0,15.123290061950684,34341682688,94233427968,
qwen2_7b_32k,full,devastator,qwen2_7b_32k/devastator/full,4,1,188.25271384697407,12.141162872314453,0,15.88654899597168,34645310464,65154318336,
qwen2_7b_32k,full,devastator,qwen2_7b_32k/devastator/full,4,2,168.07084417063743,12.135696411132812,0,15.289226531982422,34645311488,77603012608,
qwen2_7b_32k,full,devastator,qwen2_7b_32k/devastator/full,4,3,168.06930400338024,12.126340866088867,0,15.902710914611816,34645311488,77603012608,
qwen2_7b_32k,full,devastator,qwen2_7b_32k/devastator/full,4,4,168.0686906054616,12.120091438293457,0,15.65157413482666,34645311488,77603012608,
qwen2_7b_32k,full,devastator,qwen2_7b_32k/devastator/full,4,5,168.10129905492067,12.070951461791992,0,15.956332206726074,34645311488,77603012608,
qwen2_7b_32k,full,devastator,qwen2_7b_32k/devastator/full,4,6,168.09999497048557,12.064733505249023,0,14.888720512390137,34645311488,77603012608,
qwen2_7b_32k,full,devastator,qwen2_7b_32k/devastator/full,4,7,168.11263380851597,11.937629699707031,0,15.040204048156738,34645311488,77603012608,
qwen2_7b_32k,full,devastator,qwen2_7b_32k/devastator/full,4,8,168.08621294703335,11.918521881103516,0,14.25821590423584,34645311488,77603012608,
qwen2_7b_32k,full,devastator,qwen2_7b_32k/devastator/full,4,9,168.11667844559997,11.89373779296875,0,14.550545692443848,34645311488,77603012608,
qwen2_7b_32k,full,devastator,qwen2_7b_32k/devastator/full,4,10,168.0921232122928,11.88259506225586,0,15.123290061950684,34645311488,77603012608,
qwen2_7b_32k,full,devastator,qwen2_7b_32k/devastator/full,5,1,188.25268377177417,12.141162872314453,0,15.88654899597168,34645310464,65154318336,
qwen2_7b_32k,full,devastator,qwen2_7b_32k/devastator/full,5,2,168.0706719905138,12.135696411132812,0,15.289226531982422,34645311488,77603012608,
qwen2_7b_32k,full,devastator,qwen2_7b_32k/devastator/full,5,3,168.06927381642163,12.126340866088867,0,15.902710914611816,34645311488,77603012608,
qwen2_7b_32k,full,devastator,qwen2_7b_32k/devastator/full,5,4,168.06872491165996,12.120091438293457,0,15.65157413482666,34645311488,77603012608,
qwen2_7b_32k,full,devastator,qwen2_7b_32k/devastator/full,5,5,168.10123472940177,12.070951461791992,0,15.956332206726074,34645311488,77603012608,
qwen2_7b_32k,full,devastator,qwen2_7b_32k/devastator/full,5,6,168.1000562645495,12.064733505249023,0,14.888720512390137,34645311488,77603012608,
qwen2_7b_32k,full,devastator,qwen2_7b_32k/devastator/full,5,7,168.11263848189265,11.937629699707031,0,15.040204048156738,34645311488,77603012608,
qwen2_7b_32k,full,devastator,qwen2_7b_32k/devastator/full,5,8,168.08613151405007,11.918521881103516,0,14.25821590423584,34645311488,77603012608,
qwen2_7b_32k,full,devastator,qwen2_7b_32k/devastator/full,5,9,168.11672440357506,11.89373779296875,0,14.550545692443848,34645311488,77603012608,
qwen2_7b_32k,full,devastator,qwen2_7b_32k/devastator/full,5,10,168.09207947552204,11.88259506225586,0,15.123290061950684,34645311488,77603012608,
qwen2_7b_32k,full,devastator,qwen2_7b_32k/devastator/full,6,1,188.25220035389066,12.141162872314453,0,15.88654899597168,34645310464,65154318336,
qwen2_7b_32k,full,devastator,qwen2_7b_32k/devastator/full,6,2,168.0710746962577,12.135696411132812,0,15.289226531982422,34645311488,77603012608,
qwen2_7b_32k,full,devastator,qwen2_7b_32k/devastator/full,6,3,168.0694082826376,12.126340866088867,0,15.902710914611816,34645311488,77603012608,
qwen2_7b_32k,full,devastator,qwen2_7b_32k/devastator/full,6,4,168.06897331308573,12.120091438293457,0,15.65157413482666,34645311488,77603012608,
qwen2_7b_32k,full,devastator,qwen2_7b_32k/devastator/full,6,5,168.10151159018278,12.070951461791992,0,15.956332206726074,34645311488,77603012608,
qwen2_7b_32k,full,devastator,qwen2_7b_32k/devastator/full,6,6,168.1000973135233,12.064733505249023,0,14.888720512390137,34645311488,77603012608,
qwen2_7b_32k,full,devastator,qwen2_7b_32k/devastator/full,6,7,168.11288294754922,11.937629699707031,0,15.040204048156738,34645311488,77603012608,
qwen2_7b_32k,full,devastator,qwen2_7b_32k/devastator/full,6,8,168.08643705118448,11.918521881103516,0,14.25821590423584,34645311488,77603012608,
qwen2_7b_32k,full,devastator,qwen2_7b_32k/devastator/full,6,9,168.11674920190126,11.89373779296875,0,14.550545692443848,34645311488,77603012608,
qwen2_7b_32k,full,devastator,qwen2_7b_32k/devastator/full,6,10,168.09179584961385,11.88259506225586,0,15.123290061950684,34645311488,77603012608,
qwen2_7b_32k,full,devastator,qwen2_7b_32k/devastator/full,7,1,188.25222805701196,12.141162872314453,0,15.88654899597168,34645310464,65154318336,
qwen2_7b_32k,full,devastator,qwen2_7b_32k/devastator/full,7,2,168.07088124286383,12.135696411132812,0,15.289226531982422,34645311488,77603012608,
qwen2_7b_32k,full,devastator,qwen2_7b_32k/devastator/full,7,3,168.06949096452445,12.126340866088867,0,15.902710914611816,34645311488,77603012608,
qwen2_7b_32k,full,devastator,qwen2_7b_32k/devastator/full,7,4,168.0687810862437,12.120091438293457,0,15.65157413482666,34645311488,77603012608,
qwen2_7b_32k,full,devastator,qwen2_7b_32k/devastator/full,7,5,168.10143676400185,12.070951461791992,0,15.956332206726074,34645311488,77603012608,
qwen2_7b_32k,full,devastator,qwen2_7b_32k/devastator/full,7,6,168.0999883590266,12.064733505249023,0,14.888720512390137,34645311488,77603012608,
qwen2_7b_32k,full,devastator,qwen2_7b_32k/devastator/full,7,7,168.11284366995096,11.937629699707031,0,15.040204048156738,34645311488,77603012608,
qwen2_7b_32k,full,devastator,qwen2_7b_32k/devastator/full,7,8,168.086361204274,11.918521881103516,0,14.25821590423584,34645311488,77603012608,
qwen2_7b_32k,full,devastator,qwen2_7b_32k/devastator/full,7,9,168.11676035262644,11.89373779296875,0,14.550545692443848,34645311488,77603012608,
qwen2_7b_32k,full,devastator,qwen2_7b_32k/devastator/full,7,10,168.0917121367529,11.88259506225586,0,15.123290061950684,34645311488,77603012608,
qwen2_7b_32k,full,galvatron,qwen2_7b_32k/galvatron/full,0,1,286.8807366434485,12.115373134613037,0,13.129038162272446,13515762688,80692117504,9.817718381265238e-07
qwen2_7b_32k,full,galvatron,qwen2_7b_32k/galvatron/full,0,2,205.87737036403269,12.110647469758987,0,12.802750315827224,13532540416,90961870848,9.206544616434248e-07
qwen2_7b_32k,full,galvatron,qwen2_7b_32k/galvatron/full,0,3,181.52002994529903,11.861355245113373,0,12.567449856611224,13549318144,90961870848,8.225243592119499e-07
qwen2_7b_32k,full,galvatron,qwen2_7b_32k/galvatron/full,0,4,173.69117208756506,11.663320064544678,0,11.172274495698115,13566095872,90961870848,6.971805834928398e-07
qwen2_7b_32k,full,galvatron,qwen2_7b_32k/galvatron/full,0,5,172.50256969034672,11.486642718315125,0,11.009814998725108,13582873600,90961870848,5.571396837256635e-07
qwen2_7b_32k,full,galvatron,qwen2_7b_32k/galvatron/full,0,6,173.77928637713194,11.40618434548378,0,10.687531409858815,13599651328,90961870848,4.1638583110227627e-07
qwen2_7b_32k,full,galvatron,qwen2_7b_32k/galvatron/full,0,7,176.27727399300784,11.2632437646389,0,10.425878942381376,13616429056,90961870848,2.889743906929609e-07
qwen2_7b_32k,full,galvatron,qwen2_7b_32k/galvatron/full,0,8,173.45102061051875,11.213814407587051,0,10.213939969578265,13633206784,90961870848,1.876283841110236e-07
qwen2_7b_32k,full,galvatron,qwen2_7b_32k/galvatron/full,0,9,173.08176712878048,11.150237113237381,0,10.103991907450258,13649984512,90961870848,1.224679970165746e-07
qwen2_7b_32k,full,galvatron,qwen2_7b_32k/galvatron/full,0,10,172.5395226282999,11.114668279886246,0,9.74073860266205,13666762240,90961870848,1e-07
qwen2_7b_32k,full,galvatron,qwen2_7b_32k/galvatron/full,1,1,286.87813664600253,12.115373134613037,0,13.129038162272446,13515762688,80692117504,9.817718381265238e-07
qwen2_7b_32k,full,galvatron,qwen2_7b_32k/galvatron/full,1,2,205.86272506602108,12.110647469758987,0,12.802750315827224,13532540416,91138031616,9.206544616434248e-07
qwen2_7b_32k,full,galvatron,qwen2_7b_32k/galvatron/full,1,3,181.5197219159454,11.861355245113373,0,12.567449856611224,13549318144,91138031616,8.225243592119499e-07
qwen2_7b_32k,full,galvatron,qwen2_7b_32k/galvatron/full,1,4,173.6908856127411,11.663320064544678,0,11.172274495698115,13566095872,91138031616,6.971805834928398e-07
qwen2_7b_32k,full,galvatron,qwen2_7b_32k/galvatron/full,1,5,172.50235580839217,11.486642718315125,0,11.009814998725108,13582873600,91138031616,5.571396837256635e-07
qwen2_7b_32k,full,galvatron,qwen2_7b_32k/galvatron/full,1,6,173.7790405144915,11.40618434548378,0,10.687531409858815,13599651328,91138031616,4.1638583110227627e-07
qwen2_7b_32k,full,galvatron,qwen2_7b_32k/galvatron/full,1,7,176.2769768415019,11.2632437646389,0,10.425878942381376,13616429056,91138031616,2.889743906929609e-07
qwen2_7b_32k,full,galvatron,qwen2_7b_32k/galvatron/full,1,8,173.45070135220885,11.213814407587051,0,10.213939969578265,13633206784,91138031616,1.876283841110236e-07
qwen2_7b_32k,full,galvatron,qwen2_7b_32k/galvatron/full,1,9,173.08149226754904,11.150237113237381,0,10.103991907450258,13649984512,91138031616,1.224679970165746e-07
qwen2_7b_32k,full,galvatron,qwen2_7b_32k/galvatron/full,1,10,172.53924045339227,11.114668279886246,0,9.74073860266205,13666762240,91138031616,1e-07
qwen2_7b_32k,full,galvatron,qwen2_7b_32k/galvatron/full,2,1,286.8780770264566,12.115373134613037,0,13.129038162272446,13515762688,80692117504,9.817718381265238e-07
qwen2_7b_32k,full,galvatron,qwen2_7b_32k/galvatron/full,2,2,205.8627547705546,12.110647469758987,0,12.802750315827224,13532540416,91138031616,9.206544616434248e-07
qwen2_7b_32k,full,galvatron,qwen2_7b_32k/galvatron/full,2,3,181.519759404473,11.861355245113373,0,12.567449856611224,13549318144,91138031616,8.225243592119499e-07
qwen2_7b_32k,full,galvatron,qwen2_7b_32k/galvatron/full,2,4,173.69089479371905,11.663320064544678,0,11.172274495698115,13566095872,91138031616,6.971805834928398e-07
qwen2_7b_32k,full,galvatron,qwen2_7b_32k/galvatron/full,2,5,172.5023341635242,11.486642718315125,0,11.009814998725108,13582873600,91138031616,5.571396837256635e-07
qwen2_7b_32k,full,galvatron,qwen2_7b_32k/galvatron/full,2,6,173.77903433144093,11.40618434548378,0,10.687531409858815,13599651328,91138031616,4.1638583110227627e-07
qwen2_7b_32k,full,galvatron,qwen2_7b_32k/galvatron/full,2,7,176.27701832633466,11.2632437646389,0,10.425878942381376,13616429056,91138031616,2.889743906929609e-07
qwen2_7b_32k,full,galvatron,qwen2_7b_32k/galvatron/full,2,8,173.4507583817467,11.213814407587051,0,10.213939969578265,13633206784,91138031616,1.876283841110236e-07
qwen2_7b_32k,full,galvatron,qwen2_7b_32k/galvatron/full,2,9,173.08148919790983,11.150237113237381,0,10.103991907450258,13649984512,91138031616,1.224679970165746e-07
qwen2_7b_32k,full,galvatron,qwen2_7b_32k/galvatron/full,2,10,172.5392161095515,11.114668279886246,0,9.74073860266205,13666762240,91138031616,1e-07
qwen2_7b_32k,full,galvatron,qwen2_7b_32k/galvatron/full,3,1,286.8782919999212,12.115373134613037,0,13.129038162272446,13515762688,80692117504,9.817718381265238e-07
qwen2_7b_32k,full,galvatron,qwen2_7b_32k/galvatron/full,3,2,205.86284217238426,12.110647469758987,0,12.802750315827224,13532540416,91138031616,9.206544616434248e-07
qwen2_7b_32k,full,galvatron,qwen2_7b_32k/galvatron/full,3,3,181.51983598526567,11.861355245113373,0,12.567449856611224,13549318144,91138031616,8.225243592119499e-07
qwen2_7b_32k,full,galvatron,qwen2_7b_32k/galvatron/full,3,4,173.69099103752524,11.663320064544678,0,11.172274495698115,13566095872,91138031616,6.971805834928398e-07
qwen2_7b_32k,full,galvatron,qwen2_7b_32k/galvatron/full,3,5,172.5024622566998,11.486642718315125,0,11.009814998725108,13582873600,91138031616,5.571396837256635e-07
qwen2_7b_32k,full,galvatron,qwen2_7b_32k/galvatron/full,3,6,173.77913526911288,11.40618434548378,0,10.687531409858815,13599651328,91138031616,4.1638583110227627e-07
qwen2_7b_32k,full,galvatron,qwen2_7b_32k/galvatron/full,3,7,176.2771195853129,11.2632437646389,0,10.425878942381376,13616429056,91138031616,2.889743906929609e-07
qwen2_7b_32k,full,galvatron,qwen2_7b_32k/galvatron/full,3,8,173.45086416881531,11.213814407587051,0,10.213939969578265,13633206784,91138031616,1.876283841110236e-07
qwen2_7b_32k,full,galvatron,qwen2_7b_32k/galvatron/full,3,9,173.0816010562703,11.150237113237381,0,10.103991907450258,13649984512,91138031616,1.224679970165746e-07
qwen2_7b_32k,full,galvatron,qwen2_7b_32k/galvatron/full,3,10,172.53935749828815,11.114668279886246,0,9.74073860266205,13666762240,91138031616,1e-07
qwen2_7b_32k,full,galvatron,qwen2_7b_32k/galvatron/full,4,1,286.8781627351418,12.115373134613037,0,13.129038162272446,13515762688,80555802624,9.817718381265238e-07
qwen2_7b_32k,full,galvatron,qwen2_7b_32k/galvatron/full,4,2,205.86267372313887,12.110647469758987,0,12.802750315827224,13532540416,91236597760,9.206544616434248e-07
qwen2_7b_32k,full,galvatron,qwen2_7b_32k/galvatron/full,4,3,181.51972144376487,11.861355245113373,0,12.567449856611224,13549318144,91236597760,8.225243592119499e-07
qwen2_7b_32k,full,galvatron,qwen2_7b_32k/galvatron/full,4,4,173.69083219766617,11.663320064544678,0,11.172274495698115,13566095872,91236597760,6.971805834928398e-07
qwen2_7b_32k,full,galvatron,qwen2_7b_32k/galvatron/full,4,5,172.50227274559438,11.486642718315125,0,11.009814998725108,13582873600,91236597760,5.571396837256635e-07
qwen2_7b_32k,full,galvatron,qwen2_7b_32k/galvatron/full,4,6,173.77897811401635,11.40618434548378,0,10.687531409858815,13599651328,91236597760,4.1638583110227627e-07
qwen2_7b_32k,full,galvatron,qwen2_7b_32k/galvatron/full,4,7,176.27694256417453,11.2632437646389,0,10.425878942381376,13616429056,91236597760,2.889743906929609e-07
qwen2_7b_32k,full,galvatron,qwen2_7b_32k/galvatron/full,4,8,173.450729184784,11.213814407587051,0,10.213939969578265,13633206784,91236597760,1.876283841110236e-07
qwen2_7b_32k,full,galvatron,qwen2_7b_32k/galvatron/full,4,9,173.08143118489534,11.150237113237381,0,10.103991907450258,13649984512,91236597760,1.224679970165746e-07
qwen2_7b_32k,full,galvatron,qwen2_7b_32k/galvatron/full,4,10,172.53920775745064,11.114668279886246,0,9.74073860266205,13666762240,91236597760,1e-07
qwen2_7b_32k,full,galvatron,qwen2_7b_32k/galvatron/full,5,1,286.87820170260966,12.115373134613037,0,13.129038162272446,13515762688,80555802624,9.817718381265238e-07
qwen2_7b_32k,full,galvatron,qwen2_7b_32k/galvatron/full,5,2,205.8627355247736,12.110647469758987,0,12.802750315827224,13532540416,91236597760,9.206544616434248e-07
qwen2_7b_32k,full,galvatron,qwen2_7b_32k/galvatron/full,5,3,181.519766475074,11.861355245113373,0,12.567449856611224,13549318144,91236597760,8.225243592119499e-07
qwen2_7b_32k,full,galvatron,qwen2_7b_32k/galvatron/full,5,4,173.69089257065207,11.663320064544678,0,11.172274495698115,13566095872,91236597760,6.971805834928398e-07
qwen2_7b_32k,full,galvatron,qwen2_7b_32k/galvatron/full,5,5,172.50237131863832,11.486642718315125,0,11.009814998725108,13582873600,91236597760,5.571396837256635e-07
qwen2_7b_32k,full,galvatron,qwen2_7b_32k/galvatron/full,5,6,173.77906541526318,11.40618434548378,0,10.687531409858815,13599651328,91236597760,4.1638583110227627e-07
qwen2_7b_32k,full,galvatron,qwen2_7b_32k/galvatron/full,5,7,176.27701939828694,11.2632437646389,0,10.425878942381376,13616429056,91236597760,2.889743906929609e-07
qwen2_7b_32k,full,galvatron,qwen2_7b_32k/galvatron/full,5,8,173.45077258069068,11.213814407587051,0,10.213939969578265,13633206784,91236597760,1.876283841110236e-07
qwen2_7b_32k,full,galvatron,qwen2_7b_32k/galvatron/full,5,9,173.08150528464466,11.150237113237381,0,10.103991907450258,13649984512,91236597760,1.224679970165746e-07
qwen2_7b_32k,full,galvatron,qwen2_7b_32k/galvatron/full,5,10,172.53923941310495,11.114668279886246,0,9.74073860266205,13666762240,91236597760,1e-07
qwen2_7b_32k,full,galvatron,qwen2_7b_32k/galvatron/full,6,1,286.8776655839756,12.115373134613037,0,13.129038162272446,13515762688,80555802624,9.817718381265238e-07
qwen2_7b_32k,full,galvatron,qwen2_7b_32k/galvatron/full,6,2,205.86274544615299,12.110647469758987,0,12.802750315827224,13532540416,91236597760,9.206544616434248e-07
qwen2_7b_32k,full,galvatron,qwen2_7b_32k/galvatron/full,6,3,181.51984848920256,11.861355245113373,0,12.567449856611224,13549318144,91236597760,8.225243592119499e-07
qwen2_7b_32k,full,galvatron,qwen2_7b_32k/galvatron/full,6,4,173.69094106275588,11.663320064544678,0,11.172274495698115,13566095872,91236597760,6.971805834928398e-07
qwen2_7b_32k,full,galvatron,qwen2_7b_32k/galvatron/full,6,5,172.50235262140632,11.486642718315125,0,11.009814998725108,13582873600,91236597760,5.571396837256635e-07
qwen2_7b_32k,full,galvatron,qwen2_7b_32k/galvatron/full,6,6,173.77914371155202,11.40618434548378,0,10.687531409858815,13599651328,91236597760,4.1638583110227627e-07
qwen2_7b_32k,full,galvatron,qwen2_7b_32k/galvatron/full,6,7,176.2770378207788,11.2632437646389,0,10.425878942381376,13616429056,91236597760,2.889743906929609e-07
qwen2_7b_32k,full,galvatron,qwen2_7b_32k/galvatron/full,6,8,173.45081604924053,11.213814407587051,0,10.213939969578265,13633206784,91236597760,1.876283841110236e-07
qwen2_7b_32k,full,galvatron,qwen2_7b_32k/galvatron/full,6,9,173.08155434485525,11.150237113237381,0,10.103991907450258,13649984512,91236597760,1.224679970165746e-07
qwen2_7b_32k,full,galvatron,qwen2_7b_32k/galvatron/full,6,10,172.53930504526943,11.114668279886246,0,9.74073860266205,13666762240,91236597760,1e-07
qwen2_7b_32k,full,galvatron,qwen2_7b_32k/galvatron/full,7,1,286.8771725241095,12.115373134613037,0,13.129038162272446,13515762688,80555802624,9.817718381265238e-07
qwen2_7b_32k,full,galvatron,qwen2_7b_32k/galvatron/full,7,2,205.86282108724117,12.110647469758987,0,12.802750315827224,13532540416,91236597760,9.206544616434248e-07
qwen2_7b_32k,full,galvatron,qwen2_7b_32k/galvatron/full,7,3,181.51988474372774,11.861355245113373,0,12.567449856611224,13549318144,91236597760,8.225243592119499e-07
qwen2_7b_32k,full,galvatron,qwen2_7b_32k/galvatron/full,7,4,173.69100665859878,11.663320064544678,0,11.172274495698115,13566095872,91236597760,6.971805834928398e-07
qwen2_7b_32k,full,galvatron,qwen2_7b_32k/galvatron/full,7,5,172.5024501569569,11.486642718315125,0,11.009814998725108,13582873600,91236597760,5.571396837256635e-07
qwen2_7b_32k,full,galvatron,qwen2_7b_32k/galvatron/full,7,6,173.77920938190073,11.40618434548378,0,10.687531409858815,13599651328,91236597760,4.1638583110227627e-07
qwen2_7b_32k,full,galvatron,qwen2_7b_32k/galvatron/full,7,7,176.2771107684821,11.2632437646389,0,10.425878942381376,13616429056,91236597760,2.889743906929609e-07
qwen2_7b_32k,full,galvatron,qwen2_7b_32k/galvatron/full,7,8,173.4508715616539,11.213814407587051,0,10.213939969578265,13633206784,91236597760,1.876283841110236e-07
qwen2_7b_32k,full,galvatron,qwen2_7b_32k/galvatron/full,7,9,173.08164787758142,11.150237113237381,0,10.103991907450258,13649984512,91236597760,1.224679970165746e-07
qwen2_7b_32k,full,galvatron,qwen2_7b_32k/galvatron/full,7,10,172.53939804434776,11.114668279886246,0,9.74073860266205,13666762240,91236597760,1e-07
qwen25_14b_8k,common,devastator,qwen25_14b_8k/devastator/common,0,1,72.02631868515164,,0,10.93388557434082,33339235840,66184019968,
qwen25_14b_8k,common,devastator,qwen25_14b_8k/devastator/common,0,2,61.38314410299063,,0,11.227537155151367,33339235840,78813069312,
qwen25_14b_8k,common,devastator,qwen25_14b_8k/devastator/common,0,3,61.38296988699585,,0,11.46966552734375,33339235840,79182168064,
qwen25_14b_8k,common,devastator,qwen25_14b_8k/devastator/common,0,4,61.39982437156141,,0,11.102306365966797,33339235840,79184265216,
qwen25_14b_8k,common,devastator,qwen25_14b_8k/devastator/common,0,5,61.38438539579511,,0,11.226785659790039,33339235840,79184265216,
qwen25_14b_8k,common,devastator,qwen25_14b_8k/devastator/common,0,6,61.389037060551345,,0,10.976560592651367,33339235840,79553363968,
qwen25_14b_8k,common,devastator,qwen25_14b_8k/devastator/common,0,7,61.57333947066218,,0,11.411993980407715,33339235840,79553363968,
qwen25_14b_8k,common,devastator,qwen25_14b_8k/devastator/common,0,8,61.36951909121126,,0,11.191659927368164,33339235840,79553363968,
qwen25_14b_8k,common,devastator,qwen25_14b_8k/devastator/common,0,9,61.36205233633518,,0,11.707133293151855,33339235840,79553363968,
qwen25_14b_8k,common,devastator,qwen25_14b_8k/devastator/common,0,10,61.352571403607726,,0,11.117238998413086,33339235840,79553363968,
qwen25_14b_8k,common,devastator,qwen25_14b_8k/devastator/common,1,1,72.02653732895851,,0,10.93388557434082,33339235840,66551021568,
qwen25_14b_8k,common,devastator,qwen25_14b_8k/devastator/common,1,2,61.383139895275235,,0,11.227537155151367,33339235840,78475427840,
qwen25_14b_8k,common,devastator,qwen25_14b_8k/devastator/common,1,3,61.38300033751875,,0,11.46966552734375,33339235840,79582724096,
qwen25_14b_8k,common,devastator,qwen25_14b_8k/devastator/common,1,4,61.39995995815843,,0,11.102306365966797,33339235840,79582724096,
qwen25_14b_8k,common,devastator,qwen25_14b_8k/devastator/common,1,5,61.38441691361368,,0,11.226785659790039,33339235840,79582724096,
qwen25_14b_8k,common,devastator,qwen25_14b_8k/devastator/common,1,6,61.3890807563439,,0,10.976560592651367,33339235840,79582724096,
qwen25_14b_8k,common,devastator,qwen25_14b_8k/devastator/common,1,7,61.57336267642677,,0,11.411993980407715,33339235840,79582724096,
qwen25_14b_8k,common,devastator,qwen25_14b_8k/devastator/common,1,8,61.36960135679692,,0,11.191659927368164,33339235840,79582724096,
qwen25_14b_8k,common,devastator,qwen25_14b_8k/devastator/common,1,9,61.36214190162718,,0,11.707133293151855,33339235840,79582724096,
qwen25_14b_8k,common,devastator,qwen25_14b_8k/devastator/common,1,10,61.35265690088272,,0,11.117238998413086,33339235840,79582724096,
qwen25_14b_8k,common,devastator,qwen25_14b_8k/devastator/common,2,1,72.02646897640079,,0,10.93388557434082,33339235840,66551021568,
qwen25_14b_8k,common,devastator,qwen25_14b_8k/devastator/common,2,2,61.38314912933856,,0,11.227537155151367,33339235840,78473330688,
qwen25_14b_8k,common,devastator,qwen25_14b_8k/devastator/common,2,3,61.383034236729145,,0,11.46966552734375,33339235840,79580626944,
qwen25_14b_8k,common,devastator,qwen25_14b_8k/devastator/common,2,4,61.39982720091939,,0,11.102306365966797,33339235840,79580626944,
qwen25_14b_8k,common,devastator,qwen25_14b_8k/devastator/common,2,5,61.384390246123075,,0,11.226785659790039,33339235840,79580626944,
qwen25_14b_8k,common,devastator,qwen25_14b_8k/devastator/common,2,6,61.389007441699505,,0,10.976560592651367,33339235840,79580626944,
qwen25_14b_8k,common,devastator,qwen25_14b_8k/devastator/common,2,7,61.57333123218268,,0,11.411993980407715,33339235840,79580626944,
qwen25_14b_8k,common,devastator,qwen25_14b_8k/devastator/common,2,8,61.369529004208744,,0,11.191659927368164,33339235840,79580626944,
qwen25_14b_8k,common,devastator,qwen25_14b_8k/devastator/common,2,9,61.362066955305636,,0,11.707133293151855,33339235840,79951822848,
qwen25_14b_8k,common,devastator,qwen25_14b_8k/devastator/common,2,10,61.352581948041916,,0,11.117238998413086,33339235840,79951822848,
qwen25_14b_8k,common,devastator,qwen25_14b_8k/devastator/common,3,1,72.02645122539252,,0,10.93388557434082,33339235840,66551021568,
qwen25_14b_8k,common,devastator,qwen25_14b_8k/devastator/common,3,2,61.38314818870276,,0,11.227537155151367,33339235840,78473330688,
qwen25_14b_8k,common,devastator,qwen25_14b_8k/devastator/common,3,3,61.38301177788526,,0,11.46966552734375,33339235840,79211528192,
qwen25_14b_8k,common,devastator,qwen25_14b_8k/devastator/common,3,4,61.39983424823731,,0,11.102306365966797,33339235840,79582724096,
qwen25_14b_8k,common,devastator,qwen25_14b_8k/devastator/common,3,5,61.38438388612121,,0,11.226785659790039,33339235840,79582724096,
qwen25_14b_8k,common,devastator,qwen25_14b_8k/devastator/common,3,6,61.38901191018522,,0,10.976560592651367,33339235840,79582724096,
qwen25_14b_8k,common,devastator,qwen25_14b_8k/devastator/common,3,7,61.573329731822014,,0,11.411993980407715,33339235840,79582724096,
qwen25_14b_8k,common,devastator,qwen25_14b_8k/devastator/common,3,8,61.369531468488276,,0,11.191659927368164,33339235840,79582724096,
qwen25_14b_8k,common,devastator,qwen25_14b_8k/devastator/common,3,9,61.36206589266658,,0,11.707133293151855,33339235840,79582724096,
qwen25_14b_8k,common,devastator,qwen25_14b_8k/devastator/common,3,10,61.35255375318229,,0,11.117238998413086,33339235840,79582724096,
qwen25_14b_8k,common,devastator,qwen25_14b_8k/devastator/common,4,1,72.0271135699004,12.17054557800293,0,10.93388557434082,33662027776,49096425472,
qwen25_14b_8k,common,devastator,qwen25_14b_8k/devastator/common,4,2,61.38349330145866,12.174602508544922,0,11.227537155151367,33661504512,64590184448,
qwen25_14b_8k,common,devastator,qwen25_14b_8k/devastator/common,4,3,61.383338272571564,12.179133415222168,0,11.46966552734375,33661504512,64590184448,
qwen25_14b_8k,common,devastator,qwen25_14b_8k/devastator/common,4,4,61.40017457213253,12.166118621826172,0,11.102306365966797,33661504512,64590184448,
qwen25_14b_8k,common,devastator,qwen25_14b_8k/devastator/common,4,5,61.38474349770695,12.124579429626465,0,11.226785659790039,33661504512,64590184448,
qwen25_14b_8k,common,devastator,qwen25_14b_8k/devastator/common,4,6,61.38940143119544,12.101268768310547,0,10.976560592651367,33661504512,64590184448,
qwen25_14b_8k,common,devastator,qwen25_14b_8k/devastator/common,4,7,61.573697093874216,12.053096771240234,0,11.411993980407715,33661504512,64590184448,
qwen25_14b_8k,common,devastator,qwen25_14b_8k/devastator/common,4,8,61.36989480163902,11.993182182312012,0,11.191659927368164,33661504512,64590184448,
qwen25_14b_8k,common,devastator,qwen25_14b_8k/devastator/common,4,9,61.36249503772706,11.989374160766602,0,11.707133293151855,33661504512,64590184448,
qwen25_14b_8k,common,devastator,qwen25_14b_8k/devastator/common,4,10,61.3528798148036,12.002086639404297,0,11.117238998413086,33661504512,64590184448,
qwen25_14b_8k,common,devastator,qwen25_14b_8k/devastator/common,5,1,72.02727694902569,12.17054557800293,0,10.93388557434082,33662027776,49096425472,
qwen25_14b_8k,common,devastator,qwen25_14b_8k/devastator/common,5,2,61.38348199892789,12.174602508544922,0,11.227537155151367,33661504512,64590184448,
qwen25_14b_8k,common,devastator,qwen25_14b_8k/devastator/common,5,3,61.383335555903614,12.179133415222168,0,11.46966552734375,33661504512,64590184448,
qwen25_14b_8k,common,devastator,qwen25_14b_8k/devastator/common,5,4,61.400212914682925,12.166118621826172,0,11.102306365966797,33661504512,64590184448,
qwen25_14b_8k,common,devastator,qwen25_14b_8k/devastator/common,5,5,61.38476735446602,12.124579429626465,0,11.226785659790039,33661504512,64590184448,
qwen25_14b_8k,common,devastator,qwen25_14b_8k/devastator/common,5,6,61.38948424067348,12.101268768310547,0,10.976560592651367,33661504512,64590184448,
qwen25_14b_8k,common,devastator,qwen25_14b_8k/devastator/common,5,7,61.573839742690325,12.053096771240234,0,11.411993980407715,33661504512,64590184448,
qwen25_14b_8k,common,devastator,qwen25_14b_8k/devastator/common,5,8,61.36986894533038,11.993182182312012,0,11.191659927368164,33661504512,64590184448,
qwen25_14b_8k,common,devastator,qwen25_14b_8k/devastator/common,5,9,61.36246510781348,11.989374160766602,0,11.707133293151855,33661504512,64590184448,
qwen25_14b_8k,common,devastator,qwen25_14b_8k/devastator/common,5,10,61.3529858533293,12.002086639404297,0,11.117238998413086,33661504512,64590184448,
qwen25_14b_8k,common,devastator,qwen25_14b_8k/devastator/common,6,1,72.0272927545011,12.17054557800293,0,10.93388557434082,33662027776,49096425472,
qwen25_14b_8k,common,devastator,qwen25_14b_8k/devastator/common,6,2,61.383454320020974,12.174602508544922,0,11.227537155151367,33661504512,64590184448,
qwen25_14b_8k,common,devastator,qwen25_14b_8k/devastator/common,6,3,61.38336646929383,12.179133415222168,0,11.46966552734375,33661504512,64590184448,
qwen25_14b_8k,common,devastator,qwen25_14b_8k/devastator/common,6,4,61.400161617435515,12.166118621826172,0,11.102306365966797,33661504512,64590184448,
qwen25_14b_8k,common,devastator,qwen25_14b_8k/devastator/common,6,5,61.38479949347675,12.124579429626465,0,11.226785659790039,33661504512,64590184448,
qwen25_14b_8k,common,devastator,qwen25_14b_8k/devastator/common,6,6,61.38940830063075,12.101268768310547,0,10.976560592651367,33661504512,64590184448,
qwen25_14b_8k,common,devastator,qwen25_14b_8k/devastator/common,6,7,61.57371359411627,12.053096771240234,0,11.411993980407715,33661504512,64590184448,
qwen25_14b_8k,common,devastator,qwen25_14b_8k/devastator/common,6,8,61.36990352999419,11.993182182312012,0,11.191659927368164,33661504512,64590184448,
qwen25_14b_8k,common,devastator,qwen25_14b_8k/devastator/common,6,9,61.36236687935889,11.989374160766602,0,11.707133293151855,33661504512,64590184448,
qwen25_14b_8k,common,devastator,qwen25_14b_8k/devastator/common,6,10,61.35296078398824,12.002086639404297,0,11.117238998413086,33661504512,64590184448,
qwen25_14b_8k,common,devastator,qwen25_14b_8k/devastator/common,7,1,72.02716037258506,12.17054557800293,0,10.93388557434082,33662027776,49096425472,
qwen25_14b_8k,common,devastator,qwen25_14b_8k/devastator/common,7,2,61.38353706989437,12.174602508544922,0,11.227537155151367,33661504512,64590184448,
qwen25_14b_8k,common,devastator,qwen25_14b_8k/devastator/common,7,3,61.383365030400455,12.179133415222168,0,11.46966552734375,33661504512,64590184448,
qwen25_14b_8k,common,devastator,qwen25_14b_8k/devastator/common,7,4,61.40018850751221,12.166118621826172,0,11.102306365966797,33661504512,64590184448,
qwen25_14b_8k,common,devastator,qwen25_14b_8k/devastator/common,7,5,61.38476334139705,12.124579429626465,0,11.226785659790039,33661504512,64590184448,
qwen25_14b_8k,common,devastator,qwen25_14b_8k/devastator/common,7,6,61.38940310198814,12.101268768310547,0,10.976560592651367,33661504512,64590184448,
qwen25_14b_8k,common,devastator,qwen25_14b_8k/devastator/common,7,7,61.57367978338152,12.053096771240234,0,11.411993980407715,33661504512,64590184448,
qwen25_14b_8k,common,devastator,qwen25_14b_8k/devastator/common,7,8,61.36987407319248,11.993182182312012,0,11.191659927368164,33661504512,64590184448,
qwen25_14b_8k,common,devastator,qwen25_14b_8k/devastator/common,7,9,61.36240815836936,11.989374160766602,0,11.707133293151855,33661504512,64590184448,
qwen25_14b_8k,common,devastator,qwen25_14b_8k/devastator/common,7,10,61.35293763875961,12.002086639404297,0,11.117238998413086,33661504512,64590184448,
qwen25_14b_8k,common,galvatron,qwen25_14b_8k/galvatron/common,0,1,69.46853540558368,,0,11.146435606659129,22325605376,64504201216,9.817718381265238e-07
qwen25_14b_8k,common,galvatron,qwen25_14b_8k/galvatron/common,0,2,62.36544771306217,,0,11.686647435063847,22329800192,66718793728,9.206544616434248e-07
qwen25_14b_8k,common,galvatron,qwen25_14b_8k/galvatron/common,0,3,62.39474570937455,,0,11.76887133065278,22334995456,66718793728,8.225243592119499e-07
qwen25_14b_8k,common,galvatron,qwen25_14b_8k/galvatron/common,0,4,62.73255327809602,,0,11.837980047560704,22338189824,66718793728,6.971805834928398e-07
qwen25_14b_8k,common,galvatron,qwen25_14b_8k/galvatron/common,0,5,62.34890852216631,,0,11.949441579117176,22342384640,66718793728,5.571396837256635e-07
qwen25_14b_8k,common,galvatron,qwen25_14b_8k/galvatron/common,0,6,62.326892343349755,,0,12.250488271519018,22346579456,66718793728,4.1638583110227627e-07
qwen25_14b_8k,common,galvatron,qwen25_14b_8k/galvatron/common,0,7,62.3343869401142,,0,12.519732959568517,22350774272,66718793728,2.889743906929609e-07
qwen25_14b_8k,common,galvatron,qwen25_14b_8k/galvatron/common,0,8,62.33501504920423,,0,12.669405055601096,22355969536,66718793728,1.876283841110236e-07
qwen25_14b_8k,common,galvatron,qwen25_14b_8k/galvatron/common,0,9,62.338857209309936,,0,12.536462931466405,22359163904,66718793728,1.224679970165746e-07
qwen25_14b_8k,common,galvatron,qwen25_14b_8k/galvatron/common,0,10,62.33813372440636,,0,12.192874290817555,22364359168,66718793728,1e-07
qwen25_14b_8k,common,galvatron,qwen25_14b_8k/galvatron/common,1,1,69.46879282966256,,0,11.146435606659129,22319313920,64426606592,9.817718381265238e-07
qwen25_14b_8k,common,galvatron,qwen25_14b_8k/galvatron/common,1,2,62.36480845976621,,0,11.686647435063847,22323508736,66643296256,9.206544616434248e-07
qwen25_14b_8k,common,galvatron,qwen25_14b_8k/galvatron/common,1,3,62.39421481266618,,0,11.76887133065278,22327703552,66643296256,8.225243592119499e-07
qwen25_14b_8k,common,galvatron,qwen25_14b_8k/galvatron/common,1,4,62.73195978999138,,0,11.837980047560704,22331898368,66643296256,6.971805834928398e-07
qwen25_14b_8k,common,galvatron,qwen25_14b_8k/galvatron/common,1,5,62.34828087221831,,0,11.949441579117176,22336093184,66643296256,5.571396837256635e-07
qwen25_14b_8k,common,galvatron,qwen25_14b_8k/galvatron/common,1,6,62.32632073573768,,0,12.250488271519018,22340288000,66643296256,4.1638583110227627e-07
qwen25_14b_8k,common,galvatron,qwen25_14b_8k/galvatron/common,1,7,62.33382192905992,,0,12.519732959568517,22344482816,66643296256,2.889743906929609e-07
qwen25_14b_8k,common,galvatron,qwen25_14b_8k/galvatron/common,1,8,62.33440066874027,,0,12.669405055601096,22348677632,66643296256,1.876283841110236e-07
qwen25_14b_8k,common,galvatron,qwen25_14b_8k/galvatron/common,1,9,62.33824031241238,,0,12.536462931466405,22352872448,66643296256,1.224679970165746e-07
qwen25_14b_8k,common,galvatron,qwen25_14b_8k/galvatron/common,1,10,62.33752041682601,,0,12.192874290817555,22357067264,66643296256,1e-07
qwen25_14b_8k,common,galvatron,qwen25_14b_8k/galvatron/common,2,1,69.4677472980693,,0,11.146435606659129,22319313920,65015906304,9.817718381265238e-07
qwen25_14b_8k,common,galvatron,qwen25_14b_8k/galvatron/common,2,2,62.364966480992734,,0,11.686647435063847,22323508736,67232595968,9.206544616434248e-07
qwen25_14b_8k,common,galvatron,qwen25_14b_8k/galvatron/common,2,3,62.394363078288734,,0,11.76887133065278,22327703552,67232595968,8.225243592119499e-07
qwen25_14b_8k,common,galvatron,qwen25_14b_8k/galvatron/common,2,4,62.73214390128851,,0,11.837980047560704,22331898368,67232595968,6.971805834928398e-07
qwen25_14b_8k,common,galvatron,qwen25_14b_8k/galvatron/common,2,5,62.34845595899969,,0,11.949441579117176,22336093184,67232595968,5.571396837256635e-07
qwen25_14b_8k,common,galvatron,qwen25_14b_8k/galvatron/common,2,6,62.32645109668374,,0,12.250488271519018,22340288000,67232595968,4.1638583110227627e-07
qwen25_14b_8k,common,galvatron,qwen25_14b_8k/galvatron/common,2,7,62.33397305384278,,0,12.519732959568517,22344482816,67232595968,2.889743906929609e-07
qwen25_14b_8k,common,galvatron,qwen25_14b_8k/galvatron/common,2,8,62.334589642472565,,0,12.669405055601096,22348677632,67232595968,1.876283841110236e-07
qwen25_14b_8k,common,galvatron,qwen25_14b_8k/galvatron/common,2,9,62.338389579206705,,0,12.536462931466405,22352872448,67232595968,1.224679970165746e-07
qwen25_14b_8k,common,galvatron,qwen25_14b_8k/galvatron/common,2,10,62.33770742081106,,0,12.192874290817555,22357067264,67232595968,1e-07
qwen25_14b_8k,common,galvatron,qwen25_14b_8k/galvatron/common,3,1,69.46796380728483,,0,11.146435606659129,22319313920,64541949952,9.817718381265238e-07
qwen25_14b_8k,common,galvatron,qwen25_14b_8k/galvatron/common,3,2,62.36511543393135,,0,11.686647435063847,22323508736,66756542464,9.206544616434248e-07
qwen25_14b_8k,common,galvatron,qwen25_14b_8k/galvatron/common,3,3,62.39444218762219,,0,11.76887133065278,22327703552,66756542464,8.225243592119499e-07
qwen25_14b_8k,common,galvatron,qwen25_14b_8k/galvatron/common,3,4,62.73230015859008,,0,11.837980047560704,22331898368,66756542464,6.971805834928398e-07
qwen25_14b_8k,common,galvatron,qwen25_14b_8k/galvatron/common,3,5,62.34858062211424,,0,11.949441579117176,22336093184,66756542464,5.571396837256635e-07
qwen25_14b_8k,common,galvatron,qwen25_14b_8k/galvatron/common,3,6,62.32658644579351,,0,12.250488271519018,22340288000,66756542464,4.1638583110227627e-07
qwen25_14b_8k,common,galvatron,qwen25_14b_8k/galvatron/common,3,7,62.33418786805123,,0,12.519732959568517,22344482816,66756542464,2.889743906929609e-07
qwen25_14b_8k,common,galvatron,qwen25_14b_8k/galvatron/common,3,8,62.33476227801293,,0,12.669405055601096,22348677632,66756542464,1.876283841110236e-07
qwen25_14b_8k,common,galvatron,qwen25_14b_8k/galvatron/common,3,9,62.33859758730978,,0,12.536462931466405,22352872448,66756542464,1.224679970165746e-07
qwen25_14b_8k,common,galvatron,qwen25_14b_8k/galvatron/common,3,10,62.33786521013826,,0,12.192874290817555,22357067264,66756542464,1e-07
qwen25_14b_8k,common,galvatron,qwen25_14b_8k/galvatron/common,4,1,69.4564615841955,12.19727037847042,0,11.146435606659129,22323528704,54433677312,9.817718381265238e-07
qwen25_14b_8k,common,galvatron,qwen25_14b_8k/galvatron/common,4,2,62.36455348972231,12.179127261042595,0,11.686647435063847,22327723520,56925093888,9.206544616434248e-07
qwen25_14b_8k,common,galvatron,qwen25_14b_8k/galvatron/common,4,3,62.393962163478136,11.969550430774689,0,11.76887133065278,22331918336,56925093888,8.225243592119499e-07
qwen25_14b_8k,common,galvatron,qwen25_14b_8k/galvatron/common,4,4,62.731757027097046,11.785618126392365,0,11.837980047560704,22336113152,56925093888,6.971805834928398e-07
qwen25_14b_8k,common,galvatron,qwen25_14b_8k/galvatron/common,4,5,62.348101693205535,11.594500824809074,0,11.949441579117176,22340307968,56925093888,5.571396837256635e-07
qwen25_14b_8k,common,galvatron,qwen25_14b_8k/galvatron/common,4,6,62.32606643345207,11.459698721766472,0,12.250488271519018,22344502784,56925093888,4.1638583110227627e-07
qwen25_14b_8k,common,galvatron,qwen25_14b_8k/galvatron/common,4,7,62.333631376735866,11.32320798933506,0,12.519732959568517,22348697600,56925093888,2.889743906929609e-07
qwen25_14b_8k,common,galvatron,qwen25_14b_8k/galvatron/common,4,8,62.33445248194039,11.248013198375702,0,12.669405055601096,22352892416,56925093888,1.876283841110236e-07
qwen25_14b_8k,common,galvatron,qwen25_14b_8k/galvatron/common,4,9,62.33809039648622,11.15953628718853,0,12.536462931466405,22357087232,56925093888,1.224679970165746e-07
qwen25_14b_8k,common,galvatron,qwen25_14b_8k/galvatron/common,4,10,62.33738461602479,11.174826264381409,0,12.192874290817555,22361282048,56925093888,1e-07
qwen25_14b_8k,common,galvatron,qwen25_14b_8k/galvatron/common,5,1,69.46530362591147,12.19727037847042,0,11.146435606659129,22315140608,54412705792,9.817718381265238e-07
qwen25_14b_8k,common,galvatron,qwen25_14b_8k/galvatron/common,5,2,62.36463468708098,12.179127261042595,0,11.686647435063847,22319335424,56904122368,9.206544616434248e-07
qwen25_14b_8k,common,galvatron,qwen25_14b_8k/galvatron/common,5,3,62.39405771717429,11.969550430774689,0,11.76887133065278,22323530240,56904122368,8.225243592119499e-07
qwen25_14b_8k,common,galvatron,qwen25_14b_8k/galvatron/common,5,4,62.731830396689475,11.785618126392365,0,11.837980047560704,22327725056,56904122368,6.971805834928398e-07
qwen25_14b_8k,common,galvatron,qwen25_14b_8k/galvatron/common,5,5,62.34811697062105,11.594500824809074,0,11.949441579117176,22331919872,56904122368,5.571396837256635e-07
qwen25_14b_8k,common,galvatron,qwen25_14b_8k/galvatron/common,5,6,62.326144782826304,11.459698721766472,0,12.250488271519018,22336114688,56904122368,4.1638583110227627e-07
qwen25_14b_8k,common,galvatron,qwen25_14b_8k/galvatron/common,5,7,62.333767706528306,11.32320798933506,0,12.519732959568517,22340309504,56904122368,2.889743906929609e-07
qwen25_14b_8k,common,galvatron,qwen25_14b_8k/galvatron/common,5,8,62.3342897798866,11.248013198375702,0,12.669405055601096,22344504320,56904122368,1.876283841110236e-07
qwen25_14b_8k,common,galvatron,qwen25_14b_8k/galvatron/common,5,9,62.33815605845302,11.15953628718853,0,12.536462931466405,22348699136,56904122368,1.224679970165746e-07
qwen25_14b_8k,common,galvatron,qwen25_14b_8k/galvatron/common,5,10,62.33752938732505,11.174826264381409,0,12.192874290817555,22352893952,56904122368,1e-07
qwen25_14b_8k,common,galvatron,qwen25_14b_8k/galvatron/common,6,1,69.45353971235454,12.19727037847042,0,11.146435606659129,22315140608,54412705792,9.817718381265238e-07
qwen25_14b_8k,common,galvatron,qwen25_14b_8k/galvatron/common,6,2,62.36461982689798,12.179127261042595,0,11.686647435063847,22319335424,56904122368,9.206544616434248e-07
qwen25_14b_8k,common,galvatron,qwen25_14b_8k/galvatron/common,6,3,62.39399201236665,11.969550430774689,0,11.76887133065278,22323530240,56904122368,8.225243592119499e-07
qwen25_14b_8k,common,galvatron,qwen25_14b_8k/galvatron/common,6,4,62.73179293144494,11.785618126392365,0,11.837980047560704,22327725056,56904122368,6.971805834928398e-07
qwen25_14b_8k,common,galvatron,qwen25_14b_8k/galvatron/common,6,5,62.348132533952594,11.594500824809074,0,11.949441579117176,22331919872,56904122368,5.571396837256635e-07
qwen25_14b_8k,common,galvatron,qwen25_14b_8k/galvatron/common,6,6,62.32608752138913,11.459698721766472,0,12.250488271519018,22336114688,56904122368,4.1638583110227627e-07
qwen25_14b_8k,common,galvatron,qwen25_14b_8k/galvatron/common,6,7,62.33365494105965,11.32320798933506,0,12.519732959568517,22340309504,56904122368,2.889743906929609e-07
qwen25_14b_8k,common,galvatron,qwen25_14b_8k/galvatron/common,6,8,62.33429417666048,11.248013198375702,0,12.669405055601096,22344504320,56904122368,1.876283841110236e-07
qwen25_14b_8k,common,galvatron,qwen25_14b_8k/galvatron/common,6,9,62.33809785358608,11.15953628718853,0,12.536462931466405,22348699136,56904122368,1.224679970165746e-07
qwen25_14b_8k,common,galvatron,qwen25_14b_8k/galvatron/common,6,10,62.33741413895041,11.174826264381409,0,12.192874290817555,22352893952,56904122368,1e-07
qwen25_14b_8k,common,galvatron,qwen25_14b_8k/galvatron/common,7,1,69.46173931472003,12.19727037847042,0,11.146435606659129,22315140608,54412705792,9.817718381265238e-07
qwen25_14b_8k,common,galvatron,qwen25_14b_8k/galvatron/common,7,2,62.36491608526558,12.179127261042595,0,11.686647435063847,22319335424,56904122368,9.206544616434248e-07
qwen25_14b_8k,common,galvatron,qwen25_14b_8k/galvatron/common,7,3,62.394260671921074,11.969550430774689,0,11.76887133065278,22323530240,56904122368,8.225243592119499e-07
qwen25_14b_8k,common,galvatron,qwen25_14b_8k/galvatron/common,7,4,62.7320851823315,11.785618126392365,0,11.837980047560704,22327725056,56904122368,6.971805834928398e-07
qwen25_14b_8k,common,galvatron,qwen25_14b_8k/galvatron/common,7,5,62.34849443566054,11.594500824809074,0,11.949441579117176,22331919872,56904122368,5.571396837256635e-07
qwen25_14b_8k,common,galvatron,qwen25_14b_8k/galvatron/common,7,6,62.326354761607945,11.459698721766472,0,12.250488271519018,22336114688,56904122368,4.1638583110227627e-07
qwen25_14b_8k,common,galvatron,qwen25_14b_8k/galvatron/common,7,7,62.33396766614169,11.32320798933506,0,12.519732959568517,22340309504,56904122368,2.889743906929609e-07
qwen25_14b_8k,common,galvatron,qwen25_14b_8k/galvatron/common,7,8,62.33473064657301,11.248013198375702,0,12.669405055601096,22344504320,56904122368,1.876283841110236e-07
qwen25_14b_8k,common,galvatron,qwen25_14b_8k/galvatron/common,7,9,62.338348302058876,11.15953628718853,0,12.536462931466405,22348699136,56904122368,1.224679970165746e-07
qwen25_14b_8k,common,galvatron,qwen25_14b_8k/galvatron/common,7,10,62.337676644325256,11.174826264381409,0,12.192874290817555,22352893952,56904122368,1e-07
qwen25_14b_8k,full,devastator,qwen25_14b_8k/devastator/full,0,1,70.70807987172157,,0,11.316354751586914,44361278976,83477135360,
qwen25_14b_8k,full,devastator,qwen25_14b_8k/devastator/full,0,2,60.112032043747604,,0,11.538134574890137,44361278976,89617596416,
qwen25_14b_8k,full,devastator,qwen25_14b_8k/devastator/full,0,3,60.07991287950426,,0,12.046172142028809,44361278976,89617596416,
qwen25_14b_8k,full,devastator,qwen25_14b_8k/devastator/full,0,4,60.2280467459932,,0,11.624706268310547,44361278976,89617596416,
qwen25_14b_8k,full,devastator,qwen25_14b_8k/devastator/full,0,5,60.08019101433456,,0,11.681670188903809,44361278976,89617596416,
qwen25_14b_8k,full,devastator,qwen25_14b_8k/devastator/full,0,6,60.0837312201038,,0,11.63149642944336,44361278976,89617596416,
qwen25_14b_8k,full,devastator,qwen25_14b_8k/devastator/full,0,7,60.08668190147728,,0,11.714518547058105,44361278976,89617596416,
qwen25_14b_8k,full,devastator,qwen25_14b_8k/devastator/full,0,8,60.081215005367994,,0,11.500772476196289,44361278976,89617596416,
qwen25_14b_8k,full,devastator,qwen25_14b_8k/devastator/full,0,9,60.08130909875035,,0,11.968132019042969,44361278976,89617596416,
qwen25_14b_8k,full,devastator,qwen25_14b_8k/devastator/full,0,10,60.088990120217204,,0,11.387147903442383,44361278976,89617596416,
qwen25_14b_8k,full,devastator,qwen25_14b_8k/devastator/full,1,1,70.70841931272298,,0,11.316354751586914,44361278976,83477135360,
qwen25_14b_8k,full,devastator,qwen25_14b_8k/devastator/full,1,2,60.112062295898795,,0,11.538134574890137,44361278976,89617596416,
qwen25_14b_8k,full,devastator,qwen25_14b_8k/devastator/full,1,3,60.07990738470107,,0,12.046172142028809,44361278976,89617596416,
qwen25_14b_8k,full,devastator,qwen25_14b_8k/devastator/full,1,4,60.2280988432467,,0,11.624706268310547,44361278976,89617596416,
qwen25_14b_8k,full,devastator,qwen25_14b_8k/devastator/full,1,5,60.080284517258406,,0,11.681670188903809,44361278976,89617596416,
qwen25_14b_8k,full,devastator,qwen25_14b_8k/devastator/full,1,6,60.08384641446173,,0,11.63149642944336,44361278976,89617596416,
qwen25_14b_8k,full,devastator,qwen25_14b_8k/devastator/full,1,7,60.08684482704848,,0,11.714518547058105,44361278976,89617596416,
qwen25_14b_8k,full,devastator,qwen25_14b_8k/devastator/full,1,8,60.08127365633845,,0,11.500772476196289,44361278976,89617596416,
qwen25_14b_8k,full,devastator,qwen25_14b_8k/devastator/full,1,9,60.08132092654705,,0,11.968132019042969,44361278976,89617596416,
qwen25_14b_8k,full,devastator,qwen25_14b_8k/devastator/full,1,10,60.08906955830753,,0,11.387147903442383,44361278976,89617596416,
qwen25_14b_8k,full,devastator,qwen25_14b_8k/devastator/full,2,1,70.758982793428,,0,11.316354751586914,44361879040,85240840192,
qwen25_14b_8k,full,devastator,qwen25_14b_8k/devastator/full,2,2,60.111943426541984,,0,11.538134574890137,44361879040,88931827712,
qwen25_14b_8k,full,devastator,qwen25_14b_8k/devastator/full,2,3,60.07953108474612,,0,12.046172142028809,44361879040,88931827712,
qwen25_14b_8k,full,devastator,qwen25_14b_8k/devastator/full,2,4,60.22793622408062,,0,11.624706268310547,44361879040,88931827712,
qwen25_14b_8k,full,devastator,qwen25_14b_8k/devastator/full,2,5,60.08013924211264,,0,11.681670188903809,44361879040,88931827712,
qwen25_14b_8k,full,devastator,qwen25_14b_8k/devastator/full,2,6,60.083737834356725,,0,11.63149642944336,44361879040,88931827712,
qwen25_14b_8k,full,devastator,qwen25_14b_8k/devastator/full,2,7,60.08659765124321,,0,11.714518547058105,44361879040,88931827712,
qwen25_14b_8k,full,devastator,qwen25_14b_8k/devastator/full,2,8,60.08119622990489,,0,11.500772476196289,44361879040,88931827712,
qwen25_14b_8k,full,devastator,qwen25_14b_8k/devastator/full,2,9,60.08118291106075,,0,11.968132019042969,44361879040,88931827712,
qwen25_14b_8k,full,devastator,qwen25_14b_8k/devastator/full,2,10,60.08887989912182,,0,11.387147903442383,44361879040,88931827712,
qwen25_14b_8k,full,devastator,qwen25_14b_8k/devastator/full,3,1,70.75901515968144,,0,11.316354751586914,44361879040,85240840192,
qwen25_14b_8k,full,devastator,qwen25_14b_8k/devastator/full,3,2,60.111937180161476,,0,11.538134574890137,44361879040,88931827712,
qwen25_14b_8k,full,devastator,qwen25_14b_8k/devastator/full,3,3,60.0795292686671,,0,12.046172142028809,44361879040,88931827712,
qwen25_14b_8k,full,devastator,qwen25_14b_8k/devastator/full,3,4,60.227982610464096,,0,11.624706268310547,44361879040,88931827712,
qwen25_14b_8k,full,devastator,qwen25_14b_8k/devastator/full,3,5,60.08013936970383,,0,11.681670188903809,44361879040,88931827712,
qwen25_14b_8k,full,devastator,qwen25_14b_8k/devastator/full,3,6,60.0837302999571,,0,11.63149642944336,44361879040,88931827712,
qwen25_14b_8k,full,devastator,qwen25_14b_8k/devastator/full,3,7,60.08659169077873,,0,11.714518547058105,44361879040,88931827712,
qwen25_14b_8k,full,devastator,qwen25_14b_8k/devastator/full,3,8,60.08120431099087,,0,11.500772476196289,44361879040,88931827712,
qwen25_14b_8k,full,devastator,qwen25_14b_8k/devastator/full,3,9,60.08118174877018,,0,11.968132019042969,44361879040,88931827712,
qwen25_14b_8k,full,devastator,qwen25_14b_8k/devastator/full,3,10,60.08886444661766,,0,11.387147903442383,44361879040,88931827712,
qwen25_14b_8k,full,devastator,qwen25_14b_8k/devastator/full,4,1,70.75986463576555,12.199138641357422,0,11.316354751586914,44596277248,66888663040,
qwen25_14b_8k,full,devastator,qwen25_14b_8k/devastator/full,4,2,60.11253888811916,12.208763122558594,0,11.538134574890137,44596278272,74021076992,
qwen25_14b_8k,full,devastator,qwen25_14b_8k/devastator/full,4,3,60.08048971649259,12.201905250549316,0,12.046172142028809,44596278272,74021076992,
qwen25_14b_8k,full,devastator,qwen25_14b_8k/devastator/full,4,4,60.228650610893965,12.177919387817383,0,11.624706268310547,44596278272,74021076992,
qwen25_14b_8k,full,devastator,qwen25_14b_8k/devastator/full,4,5,60.08067425340414,12.153303146362305,0,11.681670188903809,44596278272,74021076992,
qwen25_14b_8k,full,devastator,qwen25_14b_8k/devastator/full,4,6,60.08423323370516,12.140033721923828,0,11.63149642944336,44596278272,74021076992,
qwen25_14b_8k,full,devastator,qwen25_14b_8k/devastator/full,4,7,60.08729434199631,12.076007843017578,0,11.714518547058105,44596278272,74021076992,
qwen25_14b_8k,full,devastator,qwen25_14b_8k/devastator/full,4,8,60.081687909550965,12.017608642578125,0,11.500772476196289,44596278272,74021076992,
qwen25_14b_8k,full,devastator,qwen25_14b_8k/devastator/full,4,9,60.08179737906903,12.00649642944336,0,11.968132019042969,44596278272,74021076992,
qwen25_14b_8k,full,devastator,qwen25_14b_8k/devastator/full,4,10,60.089458394795656,12.009099960327148,0,11.387147903442383,44596278272,74021076992,
qwen25_14b_8k,full,devastator,qwen25_14b_8k/devastator/full,5,1,70.75988351460546,12.199138641357422,0,11.316354751586914,44596277248,66888663040,
qwen25_14b_8k,full,devastator,qwen25_14b_8k/devastator/full,5,2,60.11239408701658,12.208763122558594,0,11.538134574890137,44596278272,74021076992,
qwen25_14b_8k,full,devastator,qwen25_14b_8k/devastator/full,5,3,60.08019523136318,12.201905250549316,0,12.046172142028809,44596278272,74021076992,
qwen25_14b_8k,full,devastator,qwen25_14b_8k/devastator/full,5,4,60.22849809471518,12.177919387817383,0,11.624706268310547,44596278272,74021076992,
qwen25_14b_8k,full,devastator,qwen25_14b_8k/devastator/full,5,5,60.08056038338691,12.153303146362305,0,11.681670188903809,44596278272,74021076992,
qwen25_14b_8k,full,devastator,qwen25_14b_8k/devastator/full,5,6,60.08415516093373,12.140033721923828,0,11.63149642944336,44596278272,74021076992,
qwen25_14b_8k,full,devastator,qwen25_14b_8k/devastator/full,5,7,60.08718907739967,12.076007843017578,0,11.714518547058105,44596278272,74021076992,
qwen25_14b_8k,full,devastator,qwen25_14b_8k/devastator/full,5,8,60.081610448658466,12.017608642578125,0,11.500772476196289,44596278272,74021076992,
qwen25_14b_8k,full,devastator,qwen25_14b_8k/devastator/full,5,9,60.081658096052706,12.00649642944336,0,11.968132019042969,44596278272,74021076992,
qwen25_14b_8k,full,devastator,qwen25_14b_8k/devastator/full,5,10,60.089363628067076,12.009099960327148,0,11.387147903442383,44596278272,74021076992,
qwen25_14b_8k,full,devastator,qwen25_14b_8k/devastator/full,6,1,70.75999783258885,12.199138641357422,0,11.316354751586914,44593917952,65580040192,
qwen25_14b_8k,full,devastator,qwen25_14b_8k/devastator/full,6,2,60.11240809876472,12.208763122558594,0,11.538134574890137,44593918976,73844916224,
qwen25_14b_8k,full,devastator,qwen25_14b_8k/devastator/full,6,3,60.08015959523618,12.201905250549316,0,12.046172142028809,44593918976,73844916224,
qwen25_14b_8k,full,devastator,qwen25_14b_8k/devastator/full,6,4,60.22836965788156,12.177919387817383,0,11.624706268310547,44593918976,73844916224,
qwen25_14b_8k,full,devastator,qwen25_14b_8k/devastator/full,6,5,60.08054172806442,12.153303146362305,0,11.681670188903809,44593918976,73844916224,
qwen25_14b_8k,full,devastator,qwen25_14b_8k/devastator/full,6,6,60.084188563749194,12.140033721923828,0,11.63149642944336,44593918976,73844916224,
qwen25_14b_8k,full,devastator,qwen25_14b_8k/devastator/full,6,7,60.08709296397865,12.076007843017578,0,11.714518547058105,44593918976,73844916224,
qwen25_14b_8k,full,devastator,qwen25_14b_8k/devastator/full,6,8,60.08166776318103,12.017608642578125,0,11.500772476196289,44593918976,73844916224,
qwen25_14b_8k,full,devastator,qwen25_14b_8k/devastator/full,6,9,60.08159774541855,12.00649642944336,0,11.968132019042969,44593918976,73844916224,
qwen25_14b_8k,full,devastator,qwen25_14b_8k/devastator/full,6,10,60.08935751672834,12.009099960327148,0,11.387147903442383,44593918976,73844916224,
qwen25_14b_8k,full,devastator,qwen25_14b_8k/devastator/full,7,1,70.75994662102312,12.199138641357422,0,11.316354751586914,44593917952,65580040192,
qwen25_14b_8k,full,devastator,qwen25_14b_8k/devastator/full,7,2,60.112344566732645,12.208763122558594,0,11.538134574890137,44593918976,73844916224,
qwen25_14b_8k,full,devastator,qwen25_14b_8k/devastator/full,7,3,60.08000375702977,12.201905250549316,0,12.046172142028809,44593918976,73844916224,
qwen25_14b_8k,full,devastator,qwen25_14b_8k/devastator/full,7,4,60.22841192595661,12.177919387817383,0,11.624706268310547,44593918976,73844916224,
qwen25_14b_8k,full,devastator,qwen25_14b_8k/devastator/full,7,5,60.08052426110953,12.153303146362305,0,11.681670188903809,44593918976,73844916224,
qwen25_14b_8k,full,devastator,qwen25_14b_8k/devastator/full,7,6,60.084192210808396,12.140033721923828,0,11.63149642944336,44593918976,73844916224,
qwen25_14b_8k,full,devastator,qwen25_14b_8k/devastator/full,7,7,60.086992122232914,12.076007843017578,0,11.714518547058105,44593918976,73844916224,
qwen25_14b_8k,full,devastator,qwen25_14b_8k/devastator/full,7,8,60.081729223020375,12.017608642578125,0,11.500772476196289,44593918976,73844916224,
qwen25_14b_8k,full,devastator,qwen25_14b_8k/devastator/full,7,9,60.08158194180578,12.00649642944336,0,11.968132019042969,44593918976,73844916224,
qwen25_14b_8k,full,devastator,qwen25_14b_8k/devastator/full,7,10,60.08930438198149,12.009099960327148,0,11.387147903442383,44593918976,73844916224,
qwen25_14b_8k,full,galvatron,qwen25_14b_8k/galvatron/full,0,1,77.52146227005869,12.168657213449478,0,11.711149879245019,39248537600,96026492928,9.817718381265238e-07
qwen25_14b_8k,full,galvatron,qwen25_14b_8k/galvatron/full,0,2,64.46912148501724,12.153842449188232,0,12.5650929673957,39252732416,96536100864,9.206544616434248e-07
qwen25_14b_8k,full,galvatron,qwen25_14b_8k/galvatron/full,0,3,65.40789101552218,11.923325270414352,0,12.723150968083363,39256927232,96926171136,8.225243592119499e-07
qwen25_14b_8k,full,galvatron,qwen25_14b_8k/galvatron/full,0,4,63.86779741290957,11.736374258995056,0,12.514416735138044,39261122048,96926171136,6.971805834928398e-07
qwen25_14b_8k,full,galvatron,qwen25_14b_8k/galvatron/full,0,5,71.11847278755158,11.560041815042496,0,13.026829543824821,39265316864,96926171136,5.571396837256635e-07
qwen25_14b_8k,full,galvatron,qwen25_14b_8k/galvatron/full,0,6,69.22893315646797,11.416314899921417,0,13.297420073654678,39269511680,96926171136,4.1638583110227627e-07
qwen25_14b_8k,full,galvatron,qwen25_14b_8k/galvatron/full,0,7,63.530480227433145,11.286089092493057,0,13.775077008206932,39273706496,96926171136,2.889743906929609e-07
qwen25_14b_8k,full,galvatron,qwen25_14b_8k/galvatron/full,0,8,73.30482064466923,11.217686474323273,0,13.584997968340101,39277901312,96926171136,1.876283841110236e-07
qwen25_14b_8k,full,galvatron,qwen25_14b_8k/galvatron/full,0,9,68.58721963036805,11.09831616282463,0,13.391536009522431,39282096128,96926171136,1.224679970165746e-07
qwen25_14b_8k,full,galvatron,qwen25_14b_8k/galvatron/full,0,10,63.3033242886886,11.123947262763977,0,13.133147698912294,39286290944,96926171136,1e-07
qwen25_14b_8k,full,galvatron,qwen25_14b_8k/galvatron/full,1,1,77.52408709563315,12.168657213449478,0,11.711149879245019,39248537600,95969869824,9.817718381265238e-07
qwen25_14b_8k,full,galvatron,qwen25_14b_8k/galvatron/full,1,2,64.4921859903261,12.153842449188232,0,12.5650929673957,39252732416,67920461824,9.206544616434248e-07
qwen25_14b_8k,full,galvatron,qwen25_14b_8k/galvatron/full,1,3,65.40678620617837,11.923325270414352,0,12.723150968083363,39256927232,87839211520,8.225243592119499e-07
qwen25_14b_8k,full,galvatron,qwen25_14b_8k/galvatron/full,1,4,63.86670995969325,11.736374258995056,0,12.514416735138044,39261122048,87839211520,6.971805834928398e-07
qwen25_14b_8k,full,galvatron,qwen25_14b_8k/galvatron/full,1,5,71.16500004660338,11.560041815042496,0,13.026829543824821,39265316864,87839211520,5.571396837256635e-07
qwen25_14b_8k,full,galvatron,qwen25_14b_8k/galvatron/full,1,6,69.22784723620862,11.416314899921417,0,13.297420073654678,39269511680,87839211520,4.1638583110227627e-07
qwen25_14b_8k,full,galvatron,qwen25_14b_8k/galvatron/full,1,7,63.52935182675719,11.286089092493057,0,13.775077008206932,39273706496,87839211520,2.889743906929609e-07
qwen25_14b_8k,full,galvatron,qwen25_14b_8k/galvatron/full,1,8,73.30364360939711,11.217686474323273,0,13.584997968340101,39277901312,87839211520,1.876283841110236e-07
qwen25_14b_8k,full,galvatron,qwen25_14b_8k/galvatron/full,1,9,68.5861800769344,11.09831616282463,0,13.391536009522431,39282096128,87839211520,1.224679970165746e-07
qwen25_14b_8k,full,galvatron,qwen25_14b_8k/galvatron/full,1,10,63.30216779001057,11.123947262763977,0,13.133147698912294,39286290944,87839211520,1e-07
qwen25_14b_8k,full,galvatron,qwen25_14b_8k/galvatron/full,2,1,77.52825454808772,12.168657213449478,0,11.711149879245019,39248537600,96026492928,9.817718381265238e-07
qwen25_14b_8k,full,galvatron,qwen25_14b_8k/galvatron/full,2,2,64.46807294804603,12.153842449188232,0,12.5650929673957,39252732416,96536100864,9.206544616434248e-07
qwen25_14b_8k,full,galvatron,qwen25_14b_8k/galvatron/full,2,3,65.40684223547578,11.923325270414352,0,12.723150968083363,39256927232,96926171136,8.225243592119499e-07
qwen25_14b_8k,full,galvatron,qwen25_14b_8k/galvatron/full,2,4,63.86683680862188,11.736374258995056,0,12.514416735138044,39261122048,96926171136,6.971805834928398e-07
qwen25_14b_8k,full,galvatron,qwen25_14b_8k/galvatron/full,2,5,71.11743767280132,11.560041815042496,0,13.026829543824821,39265316864,96926171136,5.571396837256635e-07
qwen25_14b_8k,full,galvatron,qwen25_14b_8k/galvatron/full,2,6,69.22792490571737,11.416314899921417,0,13.297420073654678,39269511680,96926171136,4.1638583110227627e-07
qwen25_14b_8k,full,galvatron,qwen25_14b_8k/galvatron/full,2,7,63.52946509979665,11.286089092493057,0,13.775077008206932,39273706496,96926171136,2.889743906929609e-07
qwen25_14b_8k,full,galvatron,qwen25_14b_8k/galvatron/full,2,8,73.30377769470215,11.217686474323273,0,13.584997968340101,39277901312,96926171136,1.876283841110236e-07
qwen25_14b_8k,full,galvatron,qwen25_14b_8k/galvatron/full,2,9,68.58625837881118,11.09831616282463,0,13.391536009522431,39282096128,96926171136,1.224679970165746e-07
qwen25_14b_8k,full,galvatron,qwen25_14b_8k/galvatron/full,2,10,63.30241188034415,11.123947262763977,0,13.133147698912294,39286290944,96926171136,1e-07
qwen25_14b_8k,full,galvatron,qwen25_14b_8k/galvatron/full,3,1,77.5121277468279,12.168657213449478,0,11.711149879245019,39248537600,95888080896,9.817718381265238e-07
qwen25_14b_8k,full,galvatron,qwen25_14b_8k/galvatron/full,3,2,64.49188822694123,12.153842449188232,0,12.5650929673957,39252732416,67920461824,9.206544616434248e-07
qwen25_14b_8k,full,galvatron,qwen25_14b_8k/galvatron/full,3,3,65.40721701551229,11.923325270414352,0,12.723150968083363,39256927232,87839211520,8.225243592119499e-07
qwen25_14b_8k,full,galvatron,qwen25_14b_8k/galvatron/full,3,4,63.86708266660571,11.736374258995056,0,12.514416735138044,39261122048,87839211520,6.971805834928398e-07
qwen25_14b_8k,full,galvatron,qwen25_14b_8k/galvatron/full,3,5,71.11766332294792,11.560041815042496,0,13.026829543824821,39265316864,87839211520,5.571396837256635e-07
qwen25_14b_8k,full,galvatron,qwen25_14b_8k/galvatron/full,3,6,69.2281246772036,11.416314899921417,0,13.297420073654678,39269511680,87839211520,4.1638583110227627e-07
qwen25_14b_8k,full,galvatron,qwen25_14b_8k/galvatron/full,3,7,63.52972504775971,11.286089092493057,0,13.775077008206932,39273706496,87839211520,2.889743906929609e-07
qwen25_14b_8k,full,galvatron,qwen25_14b_8k/galvatron/full,3,8,73.30407337099314,11.217686474323273,0,13.584997968340101,39277901312,87839211520,1.876283841110236e-07
qwen25_14b_8k,full,galvatron,qwen25_14b_8k/galvatron/full,3,9,68.58649270888418,11.09831616282463,0,13.391536009522431,39282096128,87839211520,1.224679970165746e-07
qwen25_14b_8k,full,galvatron,qwen25_14b_8k/galvatron/full,3,10,63.302719090133905,11.123947262763977,0,13.133147698912294,39286290944,87839211520,1e-07
qwen25_14b_8k,full,galvatron,qwen25_14b_8k/galvatron/full,4,1,77.5275559592992,12.168657213449478,0,11.711149879245019,39248537600,96026492928,9.817718381265238e-07
qwen25_14b_8k,full,galvatron,qwen25_14b_8k/galvatron/full,4,2,64.46796596236527,12.153842449188232,0,12.5650929673957,39252732416,96787759104,9.206544616434248e-07
qwen25_14b_8k,full,galvatron,qwen25_14b_8k/galvatron/full,4,3,65.40687912981957,11.923325270414352,0,12.723150968083363,39256927232,97177829376,8.225243592119499e-07
qwen25_14b_8k,full,galvatron,qwen25_14b_8k/galvatron/full,4,4,63.866772702895105,11.736374258995056,0,12.514416735138044,39261122048,97177829376,6.971805834928398e-07
qwen25_14b_8k,full,galvatron,qwen25_14b_8k/galvatron/full,4,5,71.11737534590065,11.560041815042496,0,13.026829543824821,39265316864,97177829376,5.571396837256635e-07
qwen25_14b_8k,full,galvatron,qwen25_14b_8k/galvatron/full,4,6,69.22784256190062,11.416314899921417,0,13.297420073654678,39269511680,97177829376,4.1638583110227627e-07
qwen25_14b_8k,full,galvatron,qwen25_14b_8k/galvatron/full,4,7,63.529358060099185,11.286089092493057,0,13.775077008206932,39273706496,97177829376,2.889743906929609e-07
qwen25_14b_8k,full,galvatron,qwen25_14b_8k/galvatron/full,4,8,73.30369858816266,11.217686474323273,0,13.584997968340101,39277901312,97177829376,1.876283841110236e-07
qwen25_14b_8k,full,galvatron,qwen25_14b_8k/galvatron/full,4,9,68.58623270317912,11.09831616282463,0,13.391536009522431,39282096128,97177829376,1.224679970165746e-07
qwen25_14b_8k,full,galvatron,qwen25_14b_8k/galvatron/full,4,10,63.30232165940106,11.123947262763977,0,13.133147698912294,39286290944,97177829376,1e-07
qwen25_14b_8k,full,galvatron,qwen25_14b_8k/galvatron/full,5,1,77.51689844951034,12.168657213449478,0,11.711149879245019,39248537600,96026492928,9.817718381265238e-07
qwen25_14b_8k,full,galvatron,qwen25_14b_8k/galvatron/full,5,2,64.4678696570918,12.153842449188232,0,12.5650929673957,39252732416,96674512896,9.206544616434248e-07
qwen25_14b_8k,full,galvatron,qwen25_14b_8k/galvatron/full,5,3,65.40691700484604,11.923325270414352,0,12.723150968083363,39256927232,97064583168,8.225243592119499e-07
qwen25_14b_8k,full,galvatron,qwen25_14b_8k/galvatron/full,5,4,63.86674410011619,11.736374258995056,0,12.514416735138044,39261122048,97064583168,6.971805834928398e-07
qwen25_14b_8k,full,galvatron,qwen25_14b_8k/galvatron/full,5,5,71.11733713652939,11.560041815042496,0,13.026829543824821,39265316864,97064583168,5.571396837256635e-07
qwen25_14b_8k,full,galvatron,qwen25_14b_8k/galvatron/full,5,6,69.22781557776034,11.416314899921417,0,13.297420073654678,39269511680,97064583168,4.1638583110227627e-07
qwen25_14b_8k,full,galvatron,qwen25_14b_8k/galvatron/full,5,7,63.5293682962656,11.286089092493057,0,13.775077008206932,39273706496,97064583168,2.889743906929609e-07
qwen25_14b_8k,full,galvatron,qwen25_14b_8k/galvatron/full,5,8,73.30364217981696,11.217686474323273,0,13.584997968340101,39277901312,97064583168,1.876283841110236e-07
qwen25_14b_8k,full,galvatron,qwen25_14b_8k/galvatron/full,5,9,68.58620074670762,11.09831616282463,0,13.391536009522431,39282096128,97064583168,1.224679970165746e-07
qwen25_14b_8k,full,galvatron,qwen25_14b_8k/galvatron/full,5,10,63.302293623797596,11.123947262763977,0,13.133147698912294,39286290944,97064583168,1e-07
qwen25_14b_8k,full,galvatron,qwen25_14b_8k/galvatron/full,6,1,77.50133604276925,12.168657213449478,0,11.711149879245019,39248537600,96026492928,9.817718381265238e-07
qwen25_14b_8k,full,galvatron,qwen25_14b_8k/galvatron/full,6,2,64.46812093723565,12.153842449188232,0,12.5650929673957,39252732416,96674512896,9.206544616434248e-07
qwen25_14b_8k,full,galvatron,qwen25_14b_8k/galvatron/full,6,3,65.40688581950963,11.923325270414352,0,12.723150968083363,39256927232,97064583168,8.225243592119499e-07
qwen25_14b_8k,full,galvatron,qwen25_14b_8k/galvatron/full,6,4,63.86679208744317,11.736374258995056,0,12.514416735138044,39261122048,97064583168,6.971805834928398e-07
qwen25_14b_8k,full,galvatron,qwen25_14b_8k/galvatron/full,6,5,71.11745255161077,11.560041815042496,0,13.026829543824821,39265316864,97064583168,5.571396837256635e-07
qwen25_14b_8k,full,galvatron,qwen25_14b_8k/galvatron/full,6,6,69.22793843690306,11.416314899921417,0,13.297420073654678,39269511680,97064583168,4.1638583110227627e-07
qwen25_14b_8k,full,galvatron,qwen25_14b_8k/galvatron/full,6,7,63.529387107118964,11.286089092493057,0,13.775077008206932,39273706496,97064583168,2.889743906929609e-07
qwen25_14b_8k,full,galvatron,qwen25_14b_8k/galvatron/full,6,8,73.30367704574019,11.217686474323273,0,13.584997968340101,39277901312,97064583168,1.876283841110236e-07
qwen25_14b_8k,full,galvatron,qwen25_14b_8k/galvatron/full,6,9,68.58623326290399,11.09831616282463,0,13.391536009522431,39282096128,97064583168,1.224679970165746e-07
qwen25_14b_8k,full,galvatron,qwen25_14b_8k/galvatron/full,6,10,63.30239722132683,11.123947262763977,0,13.133147698912294,39286290944,97064583168,1e-07
qwen25_14b_8k,full,galvatron,qwen25_14b_8k/galvatron/full,7,1,77.51482658553869,12.168657213449478,0,11.711149879245019,39248537600,96026492928,9.817718381265238e-07
qwen25_14b_8k,full,galvatron,qwen25_14b_8k/galvatron/full,7,2,64.4681878844276,12.153842449188232,0,12.5650929673957,39252732416,96787759104,9.206544616434248e-07
qwen25_14b_8k,full,galvatron,qwen25_14b_8k/galvatron/full,7,3,65.4071263531223,11.923325270414352,0,12.723150968083363,39256927232,97177829376,8.225243592119499e-07
qwen25_14b_8k,full,galvatron,qwen25_14b_8k/galvatron/full,7,4,63.86702699866146,11.736374258995056,0,12.514416735138044,39261122048,97177829376,6.971805834928398e-07
qwen25_14b_8k,full,galvatron,qwen25_14b_8k/galvatron/full,7,5,71.11762545444071,11.560041815042496,0,13.026829543824821,39265316864,97177829376,5.571396837256635e-07
qwen25_14b_8k,full,galvatron,qwen25_14b_8k/galvatron/full,7,6,69.22812730167061,11.416314899921417,0,13.297420073654678,39269511680,97177829376,4.1638583110227627e-07
qwen25_14b_8k,full,galvatron,qwen25_14b_8k/galvatron/full,7,7,63.529650083743036,11.286089092493057,0,13.775077008206932,39273706496,97177829376,2.889743906929609e-07
qwen25_14b_8k,full,galvatron,qwen25_14b_8k/galvatron/full,7,8,73.30388872511685,11.217686474323273,0,13.584997968340101,39277901312,97177829376,1.876283841110236e-07
qwen25_14b_8k,full,galvatron,qwen25_14b_8k/galvatron/full,7,9,68.58638687152416,11.09831616282463,0,13.391536009522431,39282096128,97177829376,1.224679970165746e-07
qwen25_14b_8k,full,galvatron,qwen25_14b_8k/galvatron/full,7,10,63.302623989991844,11.123947262763977,0,13.133147698912294,39286290944,97177829376,1e-07
qwen3_14b_4k,common,devastator,qwen3_14b_4k/devastator/common,0,1,64.65506441891193,,0,8.382640838623047,33337826816,69143101440,
qwen3_14b_4k,common,devastator,qwen3_14b_4k/devastator/common,0,2,54.138354528695345,,0,8.32403564453125,33337826816,81744887808,
qwen3_14b_4k,common,devastator,qwen3_14b_4k/devastator/common,0,3,54.135272700339556,,0,7.891019821166992,33337826816,81744887808,
qwen3_14b_4k,common,devastator,qwen3_14b_4k/devastator/common,0,4,54.228140409104526,,0,8.012020111083984,33337826816,82113986560,
qwen3_14b_4k,common,devastator,qwen3_14b_4k/devastator/common,0,5,54.143315265886486,,0,8.089299201965332,33337826816,82113986560,
qwen3_14b_4k,common,devastator,qwen3_14b_4k/devastator/common,0,6,54.134543573483825,,0,8.113375663757324,33337826816,82113986560,
qwen3_14b_4k,common,devastator,qwen3_14b_4k/devastator/common,0,7,54.1409384040162,,0,8.330183982849121,33337826816,82113986560,
qwen3_14b_4k,common,devastator,qwen3_14b_4k/devastator/common,0,8,54.136204183101654,,0,8.294740676879883,33337826816,82483085312,
qwen3_14b_4k,common,devastator,qwen3_14b_4k/devastator/common,0,9,54.137381836771965,,0,8.331602096557617,33337826816,82483085312,
qwen3_14b_4k,common,devastator,qwen3_14b_4k/devastator/common,0,10,54.14699296280742,,0,8.496684074401855,33337826816,82483085312,
qwen3_14b_4k,common,devastator,qwen3_14b_4k/devastator/common,1,1,64.65505469869822,,0,8.382640838623047,33337826816,69155684352,
qwen3_14b_4k,common,devastator,qwen3_14b_4k/devastator/common,1,2,54.13832298852503,,0,8.32403564453125,33337826816,81619058688,
qwen3_14b_4k,common,devastator,qwen3_14b_4k/devastator/common,1,3,54.13523597829044,,0,7.891019821166992,33337826816,81619058688,
qwen3_14b_4k,common,devastator,qwen3_14b_4k/devastator/common,1,4,54.22814975678921,,0,8.012020111083984,33337826816,81619058688,
qwen3_14b_4k,common,devastator,qwen3_14b_4k/devastator/common,1,5,54.1433273665607,,0,8.089299201965332,33337826816,81988157440,
qwen3_14b_4k,common,devastator,qwen3_14b_4k/devastator/common,1,6,54.134555120021105,,0,8.113375663757324,33337826816,81988157440,
qwen3_14b_4k,common,devastator,qwen3_14b_4k/devastator/common,1,7,54.14100456144661,,0,8.330183982849121,33337826816,81988157440,
qwen3_14b_4k,common,devastator,qwen3_14b_4k/devastator/common,1,8,54.13620830513537,,0,8.294740676879883,33337826816,81988157440,
qwen3_14b_4k,common,devastator,qwen3_14b_4k/devastator/common,1,9,54.13736526854336,,0,8.331602096557617,33337826816,81988157440,
qwen3_14b_4k,common,devastator,qwen3_14b_4k/devastator/common,1,10,54.147016377188265,,0,8.496684074401855,33337826816,81988157440,
qwen3_14b_4k,common,devastator,qwen3_14b_4k/devastator/common,2,1,64.65504508186132,,0,8.382640838623047,33337826816,69155684352,
qwen3_14b_4k,common,devastator,qwen3_14b_4k/devastator/common,2,2,54.13839372713119,,0,8.32403564453125,33337826816,81619058688,
qwen3_14b_4k,common,devastator,qwen3_14b_4k/devastator/common,2,3,54.1353544453159,,0,7.891019821166992,33337826816,81619058688,
qwen3_14b_4k,common,devastator,qwen3_14b_4k/devastator/common,2,4,54.22815722506493,,0,8.012020111083984,33337826816,81988157440,
qwen3_14b_4k,common,devastator,qwen3_14b_4k/devastator/common,2,5,54.143342673778534,,0,8.089299201965332,33337826816,81988157440,
qwen3_14b_4k,common,devastator,qwen3_14b_4k/devastator/common,2,6,54.13455407693982,,0,8.113375663757324,33337826816,81988157440,
qwen3_14b_4k,common,devastator,qwen3_14b_4k/devastator/common,2,7,54.14096633531153,,0,8.330183982849121,33337826816,81988157440,
qwen3_14b_4k,common,devastator,qwen3_14b_4k/devastator/common,2,8,54.13621598947793,,0,8.294740676879883,33337826816,81988157440,
qwen3_14b_4k,common,devastator,qwen3_14b_4k/devastator/common,2,9,54.13742710463703,,0,8.331602096557617,33337826816,82357256192,
qwen3_14b_4k,common,devastator,qwen3_14b_4k/devastator/common,2,10,54.147036619484425,,0,8.496684074401855,33337826816,82357256192,
qwen3_14b_4k,common,devastator,qwen3_14b_4k/devastator/common,3,1,64.65514810290188,,0,8.382640838623047,33337826816,69143101440,
qwen3_14b_4k,common,devastator,qwen3_14b_4k/devastator/common,3,2,54.13835317455232,,0,8.32403564453125,33337826816,81744887808,
qwen3_14b_4k,common,devastator,qwen3_14b_4k/devastator/common,3,3,54.13522486202419,,0,7.891019821166992,33337826816,81744887808,
qwen3_14b_4k,common,devastator,qwen3_14b_4k/devastator/common,3,4,54.22809618525207,,0,8.012020111083984,33337826816,81744887808,
qwen3_14b_4k,common,devastator,qwen3_14b_4k/devastator/common,3,5,54.14333095680922,,0,8.089299201965332,33337826816,82113986560,
qwen3_14b_4k,common,devastator,qwen3_14b_4k/devastator/common,3,6,54.13455118704587,,0,8.113375663757324,33337826816,82113986560,
qwen3_14b_4k,common,devastator,qwen3_14b_4k/devastator/common,3,7,54.14094958174974,,0,8.330183982849121,33337826816,82113986560,
qwen3_14b_4k,common,devastator,qwen3_14b_4k/devastator/common,3,8,54.13627239409834,,0,8.294740676879883,33337826816,82113986560,
qwen3_14b_4k,common,devastator,qwen3_14b_4k/devastator/common,3,9,54.137382263317704,,0,8.331602096557617,33337826816,82113986560,
qwen3_14b_4k,common,devastator,qwen3_14b_4k/devastator/common,3,10,54.14702770952135,,0,8.496684074401855,33337826816,82113986560,
qwen3_14b_4k,common,devastator,qwen3_14b_4k/devastator/common,4,1,64.65584474243224,12.206005096435547,0,8.382640838623047,33666910208,50841255936,
qwen3_14b_4k,common,devastator,qwen3_14b_4k/devastator/common,4,2,54.13875189516693,12.210498809814453,0,8.32403564453125,33666911232,66366472192,
qwen3_14b_4k,common,devastator,qwen3_14b_4k/devastator/common,4,3,54.13549245893955,12.189498901367188,0,7.891019821166992,33666911232,66366472192,
qwen3_14b_4k,common,devastator,qwen3_14b_4k/devastator/common,4,4,54.22855674754828,12.194005966186523,0,8.012020111083984,33666911232,66366472192,
qwen3_14b_4k,common,devastator,qwen3_14b_4k/devastator/common,4,5,54.14372088201344,12.1632080078125,0,8.089299201965332,33666911232,66366472192,
qwen3_14b_4k,common,devastator,qwen3_14b_4k/devastator/common,4,6,54.13490415830165,12.155458450317383,0,8.113375663757324,33666911232,66366472192,
qwen3_14b_4k,common,devastator,qwen3_14b_4k/devastator/common,4,7,54.14135393872857,12.090301513671875,0,8.330183982849121,33666911232,66366472192,
qwen3_14b_4k,common,devastator,qwen3_14b_4k/devastator/common,4,8,54.13660606369376,12.055768966674805,0,8.294740676879883,33666911232,66366472192,
qwen3_14b_4k,common,devastator,qwen3_14b_4k/devastator/common,4,9,54.137721416540444,12.050992965698242,0,8.331602096557617,33666911232,66366472192,
qwen3_14b_4k,common,devastator,qwen3_14b_4k/devastator/common,4,10,54.14737364370376,12.038925170898438,0,8.496684074401855,33666911232,66366472192,
qwen3_14b_4k,common,devastator,qwen3_14b_4k/devastator/common,5,1,64.65581386908889,12.206005096435547,0,8.382640838623047,33666910208,50841255936,
qwen3_14b_4k,common,devastator,qwen3_14b_4k/devastator/common,5,2,54.13862475194037,12.210498809814453,0,8.32403564453125,33666911232,66366472192,
qwen3_14b_4k,common,devastator,qwen3_14b_4k/devastator/common,5,3,54.13558960799128,12.189498901367188,0,7.891019821166992,33666911232,66366472192,
qwen3_14b_4k,common,devastator,qwen3_14b_4k/devastator/common,5,4,54.22851846087724,12.194005966186523,0,8.012020111083984,33666911232,66366472192,
qwen3_14b_4k,common,devastator,qwen3_14b_4k/devastator/common,5,5,54.14373623114079,12.1632080078125,0,8.089299201965332,33666911232,66366472192,
qwen3_14b_4k,common,devastator,qwen3_14b_4k/devastator/common,5,6,54.13489312771708,12.155458450317383,0,8.113375663757324,33666911232,66366472192,
qwen3_14b_4k,common,devastator,qwen3_14b_4k/devastator/common,5,7,54.14130808133632,12.090301513671875,0,8.330183982849121,33666911232,66366472192,
qwen3_14b_4k,common,devastator,qwen3_14b_4k/devastator/common,5,8,54.136546578258276,12.055768966674805,0,8.294740676879883,33666911232,66366472192,
qwen3_14b_4k,common,devastator,qwen3_14b_4k/devastator/common,5,9,54.137722969055176,12.050992965698242,0,8.331602096557617,33666911232,66366472192,
qwen3_14b_4k,common,devastator,qwen3_14b_4k/devastator/common,5,10,54.14743428770453,12.038925170898438,0,8.496684074401855,33666911232,66366472192,
qwen3_14b_4k,common,devastator,qwen3_14b_4k/devastator/common,6,1,64.65582100115716,12.206005096435547,0,8.382640838623047,33666910208,50841255936,
qwen3_14b_4k,common,devastator,qwen3_14b_4k/devastator/common,6,2,54.138687579892576,12.210498809814453,0,8.32403564453125,33666911232,66366472192,
qwen3_14b_4k,common,devastator,qwen3_14b_4k/devastator/common,6,3,54.13565501011908,12.189498901367188,0,7.891019821166992,33666911232,66366472192,
qwen3_14b_4k,common,devastator,qwen3_14b_4k/devastator/common,6,4,54.22838088590652,12.194005966186523,0,8.012020111083984,33666911232,66366472192,
qwen3_14b_4k,common,devastator,qwen3_14b_4k/devastator/common,6,5,54.14369740802795,12.1632080078125,0,8.089299201965332,33666911232,66366472192,
qwen3_14b_4k,common,devastator,qwen3_14b_4k/devastator/common,6,6,54.13491559308022,12.155458450317383,0,8.113375663757324,33666911232,66366472192,
qwen3_14b_4k,common,devastator,qwen3_14b_4k/devastator/common,6,7,54.14136310573667,12.090301513671875,0,8.330183982849121,33666911232,66366472192,
qwen3_14b_4k,common,devastator,qwen3_14b_4k/devastator/common,6,8,54.13653660286218,12.055768966674805,0,8.294740676879883,33666911232,66366472192,
qwen3_14b_4k,common,devastator,qwen3_14b_4k/devastator/common,6,9,54.137718472629786,12.050992965698242,0,8.331602096557617,33666911232,66366472192,
qwen3_14b_4k,common,devastator,qwen3_14b_4k/devastator/common,6,10,54.14737216942012,12.038925170898438,0,8.496684074401855,33666911232,66366472192,
qwen3_14b_4k,common,devastator,qwen3_14b_4k/devastator/common,7,1,64.65593336429447,12.206005096435547,0,8.382640838623047,33666910208,50841255936,
qwen3_14b_4k,common,devastator,qwen3_14b_4k/devastator/common,7,2,54.1386480955407,12.210498809814453,0,8.32403564453125,33666911232,66366472192,
qwen3_14b_4k,common,devastator,qwen3_14b_4k/devastator/common,7,3,54.13557032775134,12.189498901367188,0,7.891019821166992,33666911232,66366472192,
qwen3_14b_4k,common,devastator,qwen3_14b_4k/devastator/common,7,4,54.22846383694559,12.194005966186523,0,8.012020111083984,33666911232,66366472192,
qwen3_14b_4k,common,devastator,qwen3_14b_4k/devastator/common,7,5,54.14375554677099,12.1632080078125,0,8.089299201965332,33666911232,66366472192,
qwen3_14b_4k,common,devastator,qwen3_14b_4k/devastator/common,7,6,54.134873574599624,12.155458450317383,0,8.113375663757324,33666911232,66366472192,
qwen3_14b_4k,common,devastator,qwen3_14b_4k/devastator/common,7,7,54.141301239840686,12.090301513671875,0,8.330183982849121,33666911232,66366472192,
qwen3_14b_4k,common,devastator,qwen3_14b_4k/devastator/common,7,8,54.13654378242791,12.055768966674805,0,8.294740676879883,33666911232,66366472192,
qwen3_14b_4k,common,devastator,qwen3_14b_4k/devastator/common,7,9,54.137727844528854,12.050992965698242,0,8.331602096557617,33666911232,66366472192,
qwen3_14b_4k,common,devastator,qwen3_14b_4k/devastator/common,7,10,54.14734450355172,12.038925170898438,0,8.496684074401855,33666911232,66366472192,
qwen3_14b_4k,common,galvatron,qwen3_14b_4k/galvatron/common,0,1,66.7644709572196,12.173396408557892,0,12.026947282560942,44543801344,97049903104,9.817718381265238e-07
qwen3_14b_4k,common,galvatron,qwen3_14b_4k/galvatron/common,0,2,58.77237594220787,12.175856411457062,0,11.91040671370787,44545899008,79503032320,9.206544616434248e-07
qwen3_14b_4k,common,galvatron,qwen3_14b_4k/galvatron/common,0,3,58.11693358980119,12.002143561840057,0,11.711788296730003,44547996672,92725575680,8.225243592119499e-07
qwen3_14b_4k,common,galvatron,qwen3_14b_4k/galvatron/common,0,4,58.22641072329134,11.837045177817345,0,12.392039272416044,44550094336,93115645952,6.971805834928398e-07
qwen3_14b_4k,common,galvatron,qwen3_14b_4k/galvatron/common,0,5,58.128226400353014,11.675384745001793,0,13.396784929062154,44552192000,93115645952,5.571396837256635e-07
qwen3_14b_4k,common,galvatron,qwen3_14b_4k/galvatron/common,0,6,58.21900181565434,11.561107516288757,0,14.113625596927049,44554289664,93115645952,4.1638583110227627e-07
qwen3_14b_4k,common,galvatron,qwen3_14b_4k/galvatron/common,0,7,58.11686843633652,11.444867074489594,0,14.889724239872717,44556387328,93115645952,2.889743906929609e-07
qwen3_14b_4k,common,galvatron,qwen3_14b_4k/galvatron/common,0,8,58.144027646631,11.33721549808979,0,15.095524085374095,44558484992,93115645952,1.876283841110236e-07
qwen3_14b_4k,common,galvatron,qwen3_14b_4k/galvatron/common,0,9,58.22140936460346,11.271863207221031,0,15.517715666673325,44560582656,93117743104,1.224679970165746e-07
qwen3_14b_4k,common,galvatron,qwen3_14b_4k/galvatron/common,0,10,58.10245740972459,11.239050149917603,0,15.816236936454832,44562680320,93117743104,1e-07
qwen3_14b_4k,common,galvatron,qwen3_14b_4k/galvatron/common,1,1,66.77747642342001,12.173396408557892,0,12.026947282560942,44543801344,97049903104,9.817718381265238e-07
qwen3_14b_4k,common,galvatron,qwen3_14b_4k/galvatron/common,1,2,58.77163109090179,12.175856411457062,0,11.91040671370787,44545899008,79505129472,9.206544616434248e-07
qwen3_14b_4k,common,galvatron,qwen3_14b_4k/galvatron/common,1,3,58.11597001273185,12.002143561840057,0,11.711788296730003,44547996672,92727672832,8.225243592119499e-07
qwen3_14b_4k,common,galvatron,qwen3_14b_4k/galvatron/common,1,4,58.22549911867827,11.837045177817345,0,12.392039272416044,44550094336,93117743104,6.971805834928398e-07
qwen3_14b_4k,common,galvatron,qwen3_14b_4k/galvatron/common,1,5,58.12724532093853,11.675384745001793,0,13.396784929062154,44552192000,93117743104,5.571396837256635e-07
qwen3_14b_4k,common,galvatron,qwen3_14b_4k/galvatron/common,1,6,58.21820516977459,11.561107516288757,0,14.113625596927049,44554289664,93117743104,4.1638583110227627e-07
qwen3_14b_4k,common,galvatron,qwen3_14b_4k/galvatron/common,1,7,58.11600803863257,11.444867074489594,0,14.889724239872717,44556387328,93117743104,2.889743906929609e-07
qwen3_14b_4k,common,galvatron,qwen3_14b_4k/galvatron/common,1,8,58.143115495331585,11.33721549808979,0,15.095524085374095,44558484992,93117743104,1.876283841110236e-07
qwen3_14b_4k,common,galvatron,qwen3_14b_4k/galvatron/common,1,9,58.22047711722553,11.271863207221031,0,15.517715666673325,44560582656,93117743104,1.224679970165746e-07
qwen3_14b_4k,common,galvatron,qwen3_14b_4k/galvatron/common,1,10,58.101618743501604,11.239050149917603,0,15.816236936454832,44562680320,93117743104,1e-07
qwen3_14b_4k,common,galvatron,qwen3_14b_4k/galvatron/common,2,1,66.76937101222575,12.173396408557892,0,12.026947282560942,44543801344,97049903104,9.817718381265238e-07
qwen3_14b_4k,common,galvatron,qwen3_14b_4k/galvatron/common,2,2,58.7716935640201,12.175856411457062,0,11.91040671370787,44545899008,79505129472,9.206544616434248e-07
qwen3_14b_4k,common,galvatron,qwen3_14b_4k/galvatron/common,2,3,58.11610403750092,12.002143561840057,0,11.711788296730003,44547996672,92725575680,8.225243592119499e-07
qwen3_14b_4k,common,galvatron,qwen3_14b_4k/galvatron/common,2,4,58.225579033605754,11.837045177817345,0,12.392039272416044,44550094336,93117743104,6.971805834928398e-07
qwen3_14b_4k,common,galvatron,qwen3_14b_4k/galvatron/common,2,5,58.127425288781524,11.675384745001793,0,13.396784929062154,44552192000,93117743104,5.571396837256635e-07
qwen3_14b_4k,common,galvatron,qwen3_14b_4k/galvatron/common,2,6,58.21832815371454,11.561107516288757,0,14.113625596927049,44554289664,93117743104,4.1638583110227627e-07
qwen3_14b_4k,common,galvatron,qwen3_14b_4k/galvatron/common,2,7,58.1161623923108,11.444867074489594,0,14.889724239872717,44556387328,93117743104,2.889743906929609e-07
qwen3_14b_4k,common,galvatron,qwen3_14b_4k/galvatron/common,2,8,58.14320143125951,11.33721549808979,0,15.095524085374095,44558484992,93117743104,1.876283841110236e-07
qwen3_14b_4k,common,galvatron,qwen3_14b_4k/galvatron/common,2,9,58.22064892016351,11.271863207221031,0,15.517715666673325,44560582656,93117743104,1.224679970165746e-07
qwen3_14b_4k,common,galvatron,qwen3_14b_4k/galvatron/common,2,10,58.1017034733668,11.239050149917603,0,15.816236936454832,44562680320,93117743104,1e-07
qwen3_14b_4k,common,galvatron,qwen3_14b_4k/galvatron/common,3,1,66.77700774464756,12.173396408557892,0,12.026947282560942,44543801344,97052000256,9.817718381265238e-07
qwen3_14b_4k,common,galvatron,qwen3_14b_4k/galvatron/common,3,2,58.771941332146525,12.175856411457062,0,11.91040671370787,44545899008,79505129472,9.206544616434248e-07
qwen3_14b_4k,common,galvatron,qwen3_14b_4k/galvatron/common,3,3,58.116324567236006,12.002143561840057,0,11.711788296730003,44547996672,92725575680,8.225243592119499e-07
qwen3_14b_4k,common,galvatron,qwen3_14b_4k/galvatron/common,3,4,58.225736564956605,11.837045177817345,0,12.392039272416044,44550094336,93117743104,6.971805834928398e-07
qwen3_14b_4k,common,galvatron,qwen3_14b_4k/galvatron/common,3,5,58.12769037112594,11.675384745001793,0,13.396784929062154,44552192000,93117743104,5.571396837256635e-07
qwen3_14b_4k,common,galvatron,qwen3_14b_4k/galvatron/common,3,6,58.2185228401795,11.561107516288757,0,14.113625596927049,44554289664,93117743104,4.1638583110227627e-07
qwen3_14b_4k,common,galvatron,qwen3_14b_4k/galvatron/common,3,7,58.11629395838827,11.444867074489594,0,14.889724239872717,44556387328,93117743104,2.889743906929609e-07
qwen3_14b_4k,common,galvatron,qwen3_14b_4k/galvatron/common,3,8,58.14344301074743,11.33721549808979,0,15.095524085374095,44558484992,93117743104,1.876283841110236e-07
qwen3_14b_4k,common,galvatron,qwen3_14b_4k/galvatron/common,3,9,58.22085768915713,11.271863207221031,0,15.517715666673325,44560582656,93117743104,1.224679970165746e-07
qwen3_14b_4k,common,galvatron,qwen3_14b_4k/galvatron/common,3,10,58.101854647509754,11.239050149917603,0,15.816236936454832,44562680320,93117743104,1e-07
qwen3_14b_4k,common,galvatron,qwen3_14b_4k/galvatron/common,4,1,66.77584264148027,12.173396408557892,0,12.026947282560942,44543801344,96991182848,9.817718381265238e-07
qwen3_14b_4k,common,galvatron,qwen3_14b_4k/galvatron/common,4,2,58.77124401088804,12.175856411457062,0,11.91040671370787,44545899008,79343648768,9.206544616434248e-07
qwen3_14b_4k,common,galvatron,qwen3_14b_4k/galvatron/common,4,3,58.115665941499174,12.002143561840057,0,11.711788296730003,44547996672,92725575680,8.225243592119499e-07
qwen3_14b_4k,common,galvatron,qwen3_14b_4k/galvatron/common,4,4,58.22499772813171,11.837045177817345,0,12.392039272416044,44550094336,93115645952,6.971805834928398e-07
qwen3_14b_4k,common,galvatron,qwen3_14b_4k/galvatron/common,4,5,58.126984192058444,11.675384745001793,0,13.396784929062154,44552192000,93117743104,5.571396837256635e-07
qwen3_14b_4k,common,galvatron,qwen3_14b_4k/galvatron/common,4,6,58.21782195754349,11.561107516288757,0,14.113625596927049,44554289664,93117743104,4.1638583110227627e-07
qwen3_14b_4k,common,galvatron,qwen3_14b_4k/galvatron/common,4,7,58.11552831996232,11.444867074489594,0,14.889724239872717,44556387328,93117743104,2.889743906929609e-07
qwen3_14b_4k,common,galvatron,qwen3_14b_4k/galvatron/common,4,8,58.14272472355515,11.33721549808979,0,15.095524085374095,44558484992,93117743104,1.876283841110236e-07
qwen3_14b_4k,common,galvatron,qwen3_14b_4k/galvatron/common,4,9,58.220163703896105,11.271863207221031,0,15.517715666673325,44560582656,93117743104,1.224679970165746e-07
qwen3_14b_4k,common,galvatron,qwen3_14b_4k/galvatron/common,4,10,58.10116738732904,11.239050149917603,0,15.816236936454832,44562680320,93117743104,1e-07
qwen3_14b_4k,common,galvatron,qwen3_14b_4k/galvatron/common,5,1,66.78299609012902,12.173396408557892,0,12.026947282560942,44543801344,96932462592,9.817718381265238e-07
qwen3_14b_4k,common,galvatron,qwen3_14b_4k/galvatron/common,5,2,58.77142572961748,12.175856411457062,0,11.91040671370787,44545899008,79177973760,9.206544616434248e-07
qwen3_14b_4k,common,galvatron,qwen3_14b_4k/galvatron/common,5,3,58.115933989174664,12.002143561840057,0,11.711788296730003,44547996672,92725575680,8.225243592119499e-07
qwen3_14b_4k,common,galvatron,qwen3_14b_4k/galvatron/common,5,4,58.22524840105325,11.837045177817345,0,12.392039272416044,44550094336,93115645952,6.971805834928398e-07
qwen3_14b_4k,common,galvatron,qwen3_14b_4k/galvatron/common,5,5,58.12726722192019,11.675384745001793,0,13.396784929062154,44552192000,93115645952,5.571396837256635e-07
qwen3_14b_4k,common,galvatron,qwen3_14b_4k/galvatron/common,5,6,58.21807473432273,11.561107516288757,0,14.113625596927049,44554289664,93115645952,4.1638583110227627e-07
qwen3_14b_4k,common,galvatron,qwen3_14b_4k/galvatron/common,5,7,58.11586493998766,11.444867074489594,0,14.889724239872717,44556387328,93115645952,2.889743906929609e-07
qwen3_14b_4k,common,galvatron,qwen3_14b_4k/galvatron/common,5,8,58.14298368990421,11.33721549808979,0,15.095524085374095,44558484992,93115645952,1.876283841110236e-07
qwen3_14b_4k,common,galvatron,qwen3_14b_4k/galvatron/common,5,9,58.2203935906291,11.271863207221031,0,15.517715666673325,44560582656,93115645952,1.224679970165746e-07
qwen3_14b_4k,common,galvatron,qwen3_14b_4k/galvatron/common,5,10,58.10147674474865,11.239050149917603,0,15.816236936454832,44562680320,93115645952,1e-07
qwen3_14b_4k,common,galvatron,qwen3_14b_4k/galvatron/common,6,1,66.77000521216542,12.173396408557892,0,12.026947282560942,44543801344,96991182848,9.817718381265238e-07
qwen3_14b_4k,common,galvatron,qwen3_14b_4k/galvatron/common,6,2,58.77148181665689,12.175856411457062,0,11.91040671370787,44545899008,79339454464,9.206544616434248e-07
qwen3_14b_4k,common,galvatron,qwen3_14b_4k/galvatron/common,6,3,58.11598819401115,12.002143561840057,0,11.711788296730003,44547996672,92727672832,8.225243592119499e-07
qwen3_14b_4k,common,galvatron,qwen3_14b_4k/galvatron/common,6,4,58.22548897750676,11.837045177817345,0,12.392039272416044,44550094336,93117743104,6.971805834928398e-07
qwen3_14b_4k,common,galvatron,qwen3_14b_4k/galvatron/common,6,5,58.127280245535076,11.675384745001793,0,13.396784929062154,44552192000,93117743104,5.571396837256635e-07
qwen3_14b_4k,common,galvatron,qwen3_14b_4k/galvatron/common,6,6,58.21815616264939,11.561107516288757,0,14.113625596927049,44554289664,93117743104,4.1638583110227627e-07
qwen3_14b_4k,common,galvatron,qwen3_14b_4k/galvatron/common,6,7,58.11595851555467,11.444867074489594,0,14.889724239872717,44556387328,93117743104,2.889743906929609e-07
qwen3_14b_4k,common,galvatron,qwen3_14b_4k/galvatron/common,6,8,58.14303513336927,11.33721549808979,0,15.095524085374095,44558484992,93117743104,1.876283841110236e-07
qwen3_14b_4k,common,galvatron,qwen3_14b_4k/galvatron/common,6,9,58.22051879763603,11.271863207221031,0,15.517715666673325,44560582656,93117743104,1.224679970165746e-07
qwen3_14b_4k,common,galvatron,qwen3_14b_4k/galvatron/common,6,10,58.10160668939352,11.239050149917603,0,15.816236936454832,44562680320,93117743104,1e-07
qwen3_14b_4k,common,galvatron,qwen3_14b_4k/galvatron/common,7,1,66.77599877119064,12.173396408557892,0,12.026947282560942,44543801344,96934559744,9.817718381265238e-07
qwen3_14b_4k,common,galvatron,qwen3_14b_4k/galvatron/common,7,2,58.771464098244905,12.175856411457062,0,11.91040671370787,44545899008,79175876608,9.206544616434248e-07
qwen3_14b_4k,common,galvatron,qwen3_14b_4k/galvatron/common,7,3,58.11599423363805,12.002143561840057,0,11.711788296730003,44547996672,92725575680,8.225243592119499e-07
qwen3_14b_4k,common,galvatron,qwen3_14b_4k/galvatron/common,7,4,58.22550668939948,11.837045177817345,0,12.392039272416044,44550094336,93115645952,6.971805834928398e-07
qwen3_14b_4k,common,galvatron,qwen3_14b_4k/galvatron/common,7,5,58.12734780367464,11.675384745001793,0,13.396784929062154,44552192000,93115645952,5.571396837256635e-07
qwen3_14b_4k,common,galvatron,qwen3_14b_4k/galvatron/common,7,6,58.218204262666404,11.561107516288757,0,14.113625596927049,44554289664,93117743104,4.1638583110227627e-07
qwen3_14b_4k,common,galvatron,qwen3_14b_4k/galvatron/common,7,7,58.11603139992803,11.444867074489594,0,14.889724239872717,44556387328,93117743104,2.889743906929609e-07
qwen3_14b_4k,common,galvatron,qwen3_14b_4k/galvatron/common,7,8,58.14313325379044,11.33721549808979,0,15.095524085374095,44558484992,93117743104,1.876283841110236e-07
qwen3_14b_4k,common,galvatron,qwen3_14b_4k/galvatron/common,7,9,58.2205047076568,11.271863207221031,0,15.517715666673325,44560582656,93117743104,1.224679970165746e-07
qwen3_14b_4k,common,galvatron,qwen3_14b_4k/galvatron/common,7,10,58.101690735667944,11.239050149917603,0,15.816236936454832,44562680320,93117743104,1e-07
qwen3_14b_4k,full,devastator,qwen3_14b_4k/devastator/full,0,1,66.17622178327292,12.200553894042969,0,8.438582420349121,44538130432,67477962752,
qwen3_14b_4k,full,devastator,qwen3_14b_4k/devastator/full,0,2,56.09227674175054,12.194496154785156,0,8.403932571411133,44538131456,73991716864,
qwen3_14b_4k,full,devastator,qwen3_14b_4k/devastator/full,0,3,56.07483344618231,12.182628631591797,0,7.93090295791626,44538131456,73991716864,
qwen3_14b_4k,full,devastator,qwen3_14b_4k/devastator/full,0,4,56.11792844440788,12.186387062072754,0,8.033514976501465,44538131456,73991716864,
qwen3_14b_4k,full,devastator,qwen3_14b_4k/devastator/full,0,5,56.09888177830726,12.153831481933594,0,8.178361892700195,44538131456,73991716864,
qwen3_14b_4k,full,devastator,qwen3_14b_4k/devastator/full,0,6,56.14036374632269,12.138542175292969,0,8.108137130737305,44538131456,73991716864,
qwen3_14b_4k,full,devastator,qwen3_14b_4k/devastator/full,0,7,56.14261931553483,12.092119216918945,0,8.202250480651855,44538131456,73991716864,
qwen3_14b_4k,full,devastator,qwen3_14b_4k/devastator/full,0,8,56.13664597366005,12.041959762573242,0,8.161418914794922,44538131456,73991716864,
qwen3_14b_4k,full,devastator,qwen3_14b_4k/devastator/full,0,9,56.130182039923966,12.044136047363281,0,8.22511100769043,44538131456,73991716864,
qwen3_14b_4k,full,devastator,qwen3_14b_4k/devastator/full,0,10,56.21512008830905,12.024965286254883,0,8.273515701293945,44538131456,73991716864,
qwen3_14b_4k,full,devastator,qwen3_14b_4k/devastator/full,1,1,66.17613004241139,12.200553894042969,0,8.438582420349121,44538130432,67477962752,
qwen3_14b_4k,full,devastator,qwen3_14b_4k/devastator/full,1,2,56.09228443261236,12.194496154785156,0,8.403932571411133,44538131456,73991716864,
qwen3_14b_4k,full,devastator,qwen3_14b_4k/devastator/full,1,3,56.074813845567405,12.182628631591797,0,7.93090295791626,44538131456,73991716864,
qwen3_14b_4k,full,devastator,qwen3_14b_4k/devastator/full,1,4,56.11795121431351,12.186387062072754,0,8.033514976501465,44538131456,73991716864,
qwen3_14b_4k,full,devastator,qwen3_14b_4k/devastator/full,1,5,56.09890178311616,12.153831481933594,0,8.178361892700195,44538131456,73991716864,
qwen3_14b_4k,full,devastator,qwen3_14b_4k/devastator/full,1,6,56.14032076951116,12.138542175292969,0,8.108137130737305,44538131456,73991716864,
qwen3_14b_4k,full,devastator,qwen3_14b_4k/devastator/full,1,7,56.14257503859699,12.092119216918945,0,8.202250480651855,44538131456,73991716864,
qwen3_14b_4k,full,devastator,qwen3_14b_4k/devastator/full,1,8,56.13661085627973,12.041959762573242,0,8.161418914794922,44538131456,73991716864,
qwen3_14b_4k,full,devastator,qwen3_14b_4k/devastator/full,1,9,56.13013110216707,12.044136047363281,0,8.22511100769043,44538131456,73991716864,
qwen3_14b_4k,full,devastator,qwen3_14b_4k/devastator/full,1,10,56.21507374569774,12.024965286254883,0,8.273515701293945,44538131456,73991716864,
qwen3_14b_4k,full,devastator,qwen3_14b_4k/devastator/full,2,1,66.17642129119486,12.200553894042969,0,8.438582420349121,44538130432,67477962752,
qwen3_14b_4k,full,devastator,qwen3_14b_4k/devastator/full,2,2,56.092269361019135,12.194496154785156,0,8.403932571411133,44538131456,73991716864,
qwen3_14b_4k,full,devastator,qwen3_14b_4k/devastator/full,2,3,56.07481358014047,12.182628631591797,0,7.93090295791626,44538131456,73991716864,
qwen3_14b_4k,full,devastator,qwen3_14b_4k/devastator/full,2,4,56.1179204583168,12.186387062072754,0,8.033514976501465,44538131456,73991716864,
qwen3_14b_4k,full,devastator,qwen3_14b_4k/devastator/full,2,5,56.09887087997049,12.153831481933594,0,8.178361892700195,44538131456,73991716864,
qwen3_14b_4k,full,devastator,qwen3_14b_4k/devastator/full,2,6,56.14032889157534,12.138542175292969,0,8.108137130737305,44538131456,73991716864,
qwen3_14b_4k,full,devastator,qwen3_14b_4k/devastator/full,2,7,56.142614118754864,12.092119216918945,0,8.202250480651855,44538131456,73991716864,
qwen3_14b_4k,full,devastator,qwen3_14b_4k/devastator/full,2,8,56.13664782140404,12.041959762573242,0,8.161418914794922,44538131456,73991716864,
qwen3_14b_4k,full,devastator,qwen3_14b_4k/devastator/full,2,9,56.130153903737664,12.044136047363281,0,8.22511100769043,44538131456,73991716864,
qwen3_14b_4k,full,devastator,qwen3_14b_4k/devastator/full,2,10,56.2150807203725,12.024965286254883,0,8.273515701293945,44538131456,73991716864,
qwen3_14b_4k,full,devastator,qwen3_14b_4k/devastator/full,3,1,66.17650720942765,12.200553894042969,0,8.438582420349121,44538130432,67477962752,
qwen3_14b_4k,full,devastator,qwen3_14b_4k/devastator/full,3,2,56.092358705587685,12.194496154785156,0,8.403932571411133,44538131456,73991716864,
qwen3_14b_4k,full,devastator,qwen3_14b_4k/devastator/full,3,3,56.07496038638055,12.182628631591797,0,7.93090295791626,44538131456,73991716864,
qwen3_14b_4k,full,devastator,qwen3_14b_4k/devastator/full,3,4,56.11802255548537,12.186387062072754,0,8.033514976501465,44538131456,73991716864,
qwen3_14b_4k,full,devastator,qwen3_14b_4k/devastator/full,3,5,56.09896509163082,12.153831481933594,0,8.178361892700195,44538131456,73991716864,
qwen3_14b_4k,full,devastator,qwen3_14b_4k/devastator/full,3,6,56.14042754005641,12.138542175292969,0,8.108137130737305,44538131456,73991716864,
qwen3_14b_4k,full,devastator,qwen3_14b_4k/devastator/full,3,7,56.14271772559732,12.092119216918945,0,8.202250480651855,44538131456,73991716864,
qwen3_14b_4k,full,devastator,qwen3_14b_4k/devastator/full,3,8,56.136699677444994,12.041959762573242,0,8.161418914794922,44538131456,73991716864,
qwen3_14b_4k,full,devastator,qwen3_14b_4k/devastator/full,3,9,56.130243816412985,12.044136047363281,0,8.22511100769043,44538131456,73991716864,
qwen3_14b_4k,full,devastator,qwen3_14b_4k/devastator/full,3,10,56.21522967796773,12.024965286254883,0,8.273515701293945,44538131456,73991716864,
qwen3_14b_4k,full,devastator,qwen3_14b_4k/devastator/full,4,1,66.1758018201217,12.200553894042969,0,8.438582420349121,44538392576,67264053248,
qwen3_14b_4k,full,devastator,qwen3_14b_4k/devastator/full,4,2,56.09236673824489,12.194496154785156,0,8.403932571411133,44538393600,74104963072,
qwen3_14b_4k,full,devastator,qwen3_14b_4k/devastator/full,4,3,56.07490177080035,12.182628631591797,0,7.93090295791626,44538393600,74104963072,
qwen3_14b_4k,full,devastator,qwen3_14b_4k/devastator/full,4,4,56.1180829918012,12.186387062072754,0,8.033514976501465,44538393600,74104963072,
qwen3_14b_4k,full,devastator,qwen3_14b_4k/devastator/full,4,5,56.09894144535065,12.153831481933594,0,8.178361892700195,44538393600,74104963072,
qwen3_14b_4k,full,devastator,qwen3_14b_4k/devastator/full,4,6,56.14038044214249,12.138542175292969,0,8.108137130737305,44538393600,74104963072,
qwen3_14b_4k,full,devastator,qwen3_14b_4k/devastator/full,4,7,56.14272939413786,12.092119216918945,0,8.202250480651855,44538393600,74104963072,
qwen3_14b_4k,full,devastator,qwen3_14b_4k/devastator/full,4,8,56.13672001007944,12.041959762573242,0,8.161418914794922,44538393600,74104963072,
qwen3_14b_4k,full,devastator,qwen3_14b_4k/devastator/full,4,9,56.130275923758745,12.044136047363281,0,8.22511100769043,44538393600,74104963072,
qwen3_14b_4k,full,devastator,qwen3_14b_4k/devastator/full,4,10,56.21523692179471,12.024965286254883,0,8.273515701293945,44538393600,74104963072,
qwen3_14b_4k,full,devastator,qwen3_14b_4k/devastator/full,5,1,66.17587768100202,12.200553894042969,0,8.438582420349121,44538392576,67264053248,
qwen3_14b_4k,full,devastator,qwen3_14b_4k/devastator/full,5,2,56.09239951800555,12.194496154785156,0,8.403932571411133,44538393600,74104963072,
qwen3_14b_4k,full,devastator,qwen3_14b_4k/devastator/full,5,3,56.074914729222655,12.182628631591797,0,7.93090295791626,44538393600,74104963072,
qwen3_14b_4k,full,devastator,qwen3_14b_4k/devastator/full,5,4,56.11807921156287,12.186387062072754,0,8.033514976501465,44538393600,74104963072,
qwen3_14b_4k,full,devastator,qwen3_14b_4k/devastator/full,5,5,56.09893089905381,12.153831481933594,0,8.178361892700195,44538393600,74104963072,
qwen3_14b_4k,full,devastator,qwen3_14b_4k/devastator/full,5,6,56.14036673121154,12.138542175292969,0,8.108137130737305,44538393600,74104963072,
qwen3_14b_4k,full,devastator,qwen3_14b_4k/devastator/full,5,7,56.14259248878807,12.092119216918945,0,8.202250480651855,44538393600,74104963072,
qwen3_14b_4k,full,devastator,qwen3_14b_4k/devastator/full,5,8,56.136676052585244,12.041959762573242,0,8.161418914794922,44538393600,74104963072,
qwen3_14b_4k,full,devastator,qwen3_14b_4k/devastator/full,5,9,56.13032336067408,12.044136047363281,0,8.22511100769043,44538393600,74104963072,
qwen3_14b_4k,full,devastator,qwen3_14b_4k/devastator/full,5,10,56.21520903427154,12.024965286254883,0,8.273515701293945,44538393600,74104963072,
qwen3_14b_4k,full,devastator,qwen3_14b_4k/devastator/full,6,1,66.176051245071,12.200553894042969,0,8.438582420349121,44538392576,67264053248,
qwen3_14b_4k,full,devastator,qwen3_14b_4k/devastator/full,6,2,56.09232467599213,12.194496154785156,0,8.403932571411133,44538393600,74104963072,
qwen3_14b_4k,full,devastator,qwen3_14b_4k/devastator/full,6,3,56.074932999908924,12.182628631591797,0,7.93090295791626,44538393600,74104963072,
qwen3_14b_4k,full,devastator,qwen3_14b_4k/devastator/full,6,4,56.11807999201119,12.186387062072754,0,8.033514976501465,44538393600,74104963072,
qwen3_14b_4k,full,devastator,qwen3_14b_4k/devastator/full,6,5,56.09892415162176,12.153831481933594,0,8.178361892700195,44538393600,74104963072,
qwen3_14b_4k,full,devastator,qwen3_14b_4k/devastator/full,6,6,56.140378300100565,12.138542175292969,0,8.108137130737305,44538393600,74104963072,
qwen3_14b_4k,full,devastator,qwen3_14b_4k/devastator/full,6,7,56.14263371005654,12.092119216918945,0,8.202250480651855,44538393600,74104963072,
qwen3_14b_4k,full,devastator,qwen3_14b_4k/devastator/full,6,8,56.13669847045094,12.041959762573242,0,8.161418914794922,44538393600,74104963072,
qwen3_14b_4k,full,devastator,qwen3_14b_4k/devastator/full,6,9,56.13022539485246,12.044136047363281,0,8.22511100769043,44538393600,74104963072,
qwen3_14b_4k,full,devastator,qwen3_14b_4k/devastator/full,6,10,56.2151556564495,12.024965286254883,0,8.273515701293945,44538393600,74104963072,
qwen3_14b_4k,full,devastator,qwen3_14b_4k/devastator/full,7,1,66.17613082565367,12.200553894042969,0,8.438582420349121,44538392576,67264053248,
qwen3_14b_4k,full,devastator,qwen3_14b_4k/devastator/full,7,2,56.09245931264013,12.194496154785156,0,8.403932571411133,44538393600,74104963072,
qwen3_14b_4k,full,devastator,qwen3_14b_4k/devastator/full,7,3,56.0749606192112,12.182628631591797,0,7.93090295791626,44538393600,74104963072,
qwen3_14b_4k,full,devastator,qwen3_14b_4k/devastator/full,7,4,56.11807631701231,12.186387062072754,0,8.033514976501465,44538393600,74104963072,
qwen3_14b_4k,full,devastator,qwen3_14b_4k/devastator/full,7,5,56.098889822140336,12.153831481933594,0,8.178361892700195,44538393600,74104963072,
qwen3_14b_4k,full,devastator,qwen3_14b_4k/devastator/full,7,6,56.1403628885746,12.138542175292969,0,8.108137130737305,44538393600,74104963072,
qwen3_14b_4k,full,devastator,qwen3_14b_4k/devastator/full,7,7,56.14271734748036,12.092119216918945,0,8.202250480651855,44538393600,74104963072,
qwen3_14b_4k,full,devastator,qwen3_14b_4k/devastator/full,7,8,56.13671068008989,12.041959762573242,0,8.161418914794922,44538393600,74104963072,
qwen3_14b_4k,full,devastator,qwen3_14b_4k/devastator/full,7,9,56.13027177285403,12.044136047363281,0,8.22511100769043,44538393600,74104963072,
qwen3_14b_4k,full,devastator,qwen3_14b_4k/devastator/full,7,10,56.21521904785186,12.024965286254883,0,8.273515701293945,44538393600,74104963072,
qwen3_14b_4k,full,galvatron,qwen3_14b_4k/galvatron/full,0,1,65.07666206452996,,0,8.315942954744369,38127495168,65315799040,9.817718381265238e-07
qwen3_14b_4k,full,galvatron,qwen3_14b_4k/galvatron/full,0,2,54.92569716461003,,0,8.14941025922994,38129592832,93912563712,9.206544616434248e-07
qwen3_14b_4k,full,galvatron,qwen3_14b_4k/galvatron/full,0,3,55.070944976992905,,0,7.873058503619544,38131690496,93912563712,8.225243592119499e-07
qwen3_14b_4k,full,galvatron,qwen3_14b_4k/galvatron/full,0,4,55.157871096394956,,0,8.133603749183413,38133788160,93912563712,6.971805834928398e-07
qwen3_14b_4k,full,galvatron,qwen3_14b_4k/galvatron/full,0,5,55.07306136377156,,0,8.457006441216498,38135885824,93912563712,5.571396837256635e-07
qwen3_14b_4k,full,galvatron,qwen3_14b_4k/galvatron/full,0,6,54.96241730172187,,0,8.788055931944692,38137983488,93912563712,4.1638583110227627e-07
qwen3_14b_4k,full,galvatron,qwen3_14b_4k/galvatron/full,0,7,55.22615312319249,,0,9.314152308586062,38140081152,93912563712,2.889743906929609e-07
qwen3_14b_4k,full,galvatron,qwen3_14b_4k/galvatron/full,0,8,54.95447118487209,,0,9.299490424521212,38142178816,93912563712,1.876283841110236e-07
qwen3_14b_4k,full,galvatron,qwen3_14b_4k/galvatron/full,0,9,55.12911452818662,,0,9.569921867027736,38144276480,93912563712,1.224679970165746e-07
qwen3_14b_4k,full,galvatron,qwen3_14b_4k/galvatron/full,0,10,54.971061640419066,,0,9.556022095441921,38146374144,93912563712,1e-07
qwen3_14b_4k,full,galvatron,qwen3_14b_4k/galvatron/full,1,1,65.07983231917024,,0,8.315942954744369,38127495168,65315799040,9.817718381265238e-07
qwen3_14b_4k,full,galvatron,qwen3_14b_4k/galvatron/full,1,2,54.924582487903535,,0,8.14941025922994,38129592832,93912563712,9.206544616434248e-07
qwen3_14b_4k,full,galvatron,qwen3_14b_4k/galvatron/full,1,3,55.06999975070357,,0,7.873058503619544,38131690496,93912563712,8.225243592119499e-07
qwen3_14b_4k,full,galvatron,qwen3_14b_4k/galvatron/full,1,4,55.156682641245425,,0,8.133603749183413,38133788160,93912563712,6.971805834928398e-07
qwen3_14b_4k,full,galvatron,qwen3_14b_4k/galvatron/full,1,5,55.072090266272426,,0,8.457006441216498,38135885824,93912563712,5.571396837256635e-07
qwen3_14b_4k,full,galvatron,qwen3_14b_4k/galvatron/full,1,6,54.96120229177177,,0,8.788055931944692,38137983488,93912563712,4.1638583110227627e-07
qwen3_14b_4k,full,galvatron,qwen3_14b_4k/galvatron/full,1,7,55.225067829713225,,0,9.314152308586062,38140081152,93912563712,2.889743906929609e-07
qwen3_14b_4k,full,galvatron,qwen3_14b_4k/galvatron/full,1,8,54.95339297130704,,0,9.299490424521212,38142178816,93912563712,1.876283841110236e-07
qwen3_14b_4k,full,galvatron,qwen3_14b_4k/galvatron/full,1,9,55.12805202789605,,0,9.569921867027736,38144276480,93912563712,1.224679970165746e-07
qwen3_14b_4k,full,galvatron,qwen3_14b_4k/galvatron/full,1,10,54.969968458637595,,0,9.556022095441921,38146374144,93912563712,1e-07
qwen3_14b_4k,full,galvatron,qwen3_14b_4k/galvatron/full,2,1,65.08230269141495,,0,8.315942954744369,38127495168,65315799040,9.817718381265238e-07
qwen3_14b_4k,full,galvatron,qwen3_14b_4k/galvatron/full,2,2,54.92456457950175,,0,8.14941025922994,38129592832,93780443136,9.206544616434248e-07
qwen3_14b_4k,full,galvatron,qwen3_14b_4k/galvatron/full,2,3,55.069933481514454,,0,7.873058503619544,38131690496,93780443136,8.225243592119499e-07
qwen3_14b_4k,full,galvatron,qwen3_14b_4k/galvatron/full,2,4,55.15653559472412,,0,8.133603749183413,38133788160,93780443136,6.971805834928398e-07
qwen3_14b_4k,full,galvatron,qwen3_14b_4k/galvatron/full,2,5,55.07202166225761,,0,8.457006441216498,38135885824,93780443136,5.571396837256635e-07
qwen3_14b_4k,full,galvatron,qwen3_14b_4k/galvatron/full,2,6,54.961089755408466,,0,8.788055931944692,38137983488,93780443136,4.1638583110227627e-07
qwen3_14b_4k,full,galvatron,qwen3_14b_4k/galvatron/full,2,7,55.22502431832254,,0,9.314152308586062,38140081152,93780443136,2.889743906929609e-07
qwen3_14b_4k,full,galvatron,qwen3_14b_4k/galvatron/full,2,8,54.95324417296797,,0,9.299490424521212,38142178816,93780443136,1.876283841110236e-07
qwen3_14b_4k,full,galvatron,qwen3_14b_4k/galvatron/full,2,9,55.12802299670875,,0,9.569921867027736,38144276480,93780443136,1.224679970165746e-07
qwen3_14b_4k,full,galvatron,qwen3_14b_4k/galvatron/full,2,10,54.96986795961857,,0,9.556022095441921,38146374144,93780443136,1e-07
qwen3_14b_4k,full,galvatron,qwen3_14b_4k/galvatron/full,3,1,65.07990958634764,,0,8.315942954744369,38127495168,65315799040,9.817718381265238e-07
qwen3_14b_4k,full,galvatron,qwen3_14b_4k/galvatron/full,3,2,54.92486879322678,,0,8.14941025922994,38129592832,93556047872,9.206544616434248e-07
qwen3_14b_4k,full,galvatron,qwen3_14b_4k/galvatron/full,3,3,55.07022923883051,,0,7.873058503619544,38131690496,93556047872,8.225243592119499e-07
qwen3_14b_4k,full,galvatron,qwen3_14b_4k/galvatron/full,3,4,55.15686227474362,,0,8.133603749183413,38133788160,93556047872,6.971805834928398e-07
qwen3_14b_4k,full,galvatron,qwen3_14b_4k/galvatron/full,3,5,55.07234791573137,,0,8.457006441216498,38135885824,93556047872,5.571396837256635e-07
qwen3_14b_4k,full,galvatron,qwen3_14b_4k/galvatron/full,3,6,54.96143224649131,,0,8.788055931944692,38137983488,93556047872,4.1638583110227627e-07
qwen3_14b_4k,full,galvatron,qwen3_14b_4k/galvatron/full,3,7,55.22537969984114,,0,9.314152308586062,38140081152,93556047872,2.889743906929609e-07
qwen3_14b_4k,full,galvatron,qwen3_14b_4k/galvatron/full,3,8,54.95355406124145,,0,9.299490424521212,38142178816,93556047872,1.876283841110236e-07
qwen3_14b_4k,full,galvatron,qwen3_14b_4k/galvatron/full,3,9,55.128366076387465,,0,9.569921867027736,38144276480,93556047872,1.224679970165746e-07
qwen3_14b_4k,full,galvatron,qwen3_14b_4k/galvatron/full,3,10,54.97027877904475,,0,9.556022095441921,38146374144,95112134656,1e-07
qwen3_14b_4k,full,galvatron,qwen3_14b_4k/galvatron/full,4,1,64.92121883668005,12.18922047317028,0,8.315942954744369,42090289152,72850866176,9.817718381265238e-07
qwen3_14b_4k,full,galvatron,qwen3_14b_4k/galvatron/full,4,2,54.93537462037057,12.193006500601768,0,8.14941025922994,42092386816,77647052800,9.206544616434248e-07
qwen3_14b_4k,full,galvatron,qwen3_14b_4k/galvatron/full,4,3,55.1681231437251,12.035245209932327,0,7.873058503619544,42094484480,74247569408,8.225243592119499e-07
qwen3_14b_4k,full,galvatron,qwen3_14b_4k/galvatron/full,4,4,55.16757886484265,11.88453620672226,0,8.133603749183413,42096582144,77647052800,6.971805834928398e-07
qwen3_14b_4k,full,galvatron,qwen3_14b_4k/galvatron/full,4,5,55.17124484665692,11.741994708776474,0,8.457006441216498,42098679808,74247569408,5.571396837256635e-07
qwen3_14b_4k,full,galvatron,qwen3_14b_4k/galvatron/full,4,6,54.972114521078765,11.632698580622673,0,8.788055931944692,42100777472,77647052800,4.1638583110227627e-07
qwen3_14b_4k,full,galvatron,qwen3_14b_4k/galvatron/full,4,7,55.367136982269585,11.529071345925331,0,9.314152308586062,42102875136,74247569408,2.889743906929609e-07
qwen3_14b_4k,full,galvatron,qwen3_14b_4k/galvatron/full,4,8,54.96428951155394,11.456260904669762,0,9.299490424521212,42104972800,77647052800,1.876283841110236e-07
qwen3_14b_4k,full,galvatron,qwen3_14b_4k/galvatron/full,4,9,55.226799968630075,11.39822605252266,0,9.569921867027736,42107070464,74247569408,1.224679970165746e-07
qwen3_14b_4k,full,galvatron,qwen3_14b_4k/galvatron/full,4,10,54.980866429395974,11.351520672440529,0,9.556022095441921,42109168128,77647052800,1e-07
qwen3_14b_4k,full,galvatron,qwen3_14b_4k/galvatron/full,5,1,64.92647116072476,12.18922047317028,0,8.315942954744369,42090289152,72850866176,9.817718381265238e-07
qwen3_14b_4k,full,galvatron,qwen3_14b_4k/galvatron/full,5,2,54.93542621470988,12.193006500601768,0,8.14941025922994,42092386816,77647052800,9.206544616434248e-07
qwen3_14b_4k,full,galvatron,qwen3_14b_4k/galvatron/full,5,3,55.16961318347603,12.035245209932327,0,7.873058503619544,42094484480,74247569408,8.225243592119499e-07
qwen3_14b_4k,full,galvatron,qwen3_14b_4k/galvatron/full,5,4,55.16774301882833,11.88453620672226,0,8.133603749183413,42096582144,77647052800,6.971805834928398e-07
qwen3_14b_4k,full,galvatron,qwen3_14b_4k/galvatron/full,5,5,55.173196986317635,11.741994708776474,0,8.457006441216498,42098679808,74247569408,5.571396837256635e-07
qwen3_14b_4k,full,galvatron,qwen3_14b_4k/galvatron/full,5,6,54.97224096022546,11.632698580622673,0,8.788055931944692,42100777472,77647052800,4.1638583110227627e-07
qwen3_14b_4k,full,galvatron,qwen3_14b_4k/galvatron/full,5,7,55.36955444421619,11.529071345925331,0,9.314152308586062,42102875136,74247569408,2.889743906929609e-07
qwen3_14b_4k,full,galvatron,qwen3_14b_4k/galvatron/full,5,8,54.964476061053574,11.456260904669762,0,9.299490424521212,42104972800,77647052800,1.876283841110236e-07
qwen3_14b_4k,full,galvatron,qwen3_14b_4k/galvatron/full,5,9,55.22925674170256,11.39822605252266,0,9.569921867027736,42107070464,74247569408,1.224679970165746e-07
qwen3_14b_4k,full,galvatron,qwen3_14b_4k/galvatron/full,5,10,54.98103782534599,11.351520672440529,0,9.556022095441921,42109168128,77647052800,1e-07
qwen3_14b_4k,full,galvatron,qwen3_14b_4k/galvatron/full,6,1,64.92250214796513,12.18922047317028,0,8.315942954744369,42090289152,72850866176,9.817718381265238e-07
qwen3_14b_4k,full,galvatron,qwen3_14b_4k/galvatron/full,6,2,54.935242185369134,12.193006500601768,0,8.14941025922994,42092386816,77647052800,9.206544616434248e-07
qwen3_14b_4k,full,galvatron,qwen3_14b_4k/galvatron/full,6,3,55.166438546963036,12.035245209932327,0,7.873058503619544,42094484480,74247569408,8.225243592119499e-07
qwen3_14b_4k,full,galvatron,qwen3_14b_4k/galvatron/full,6,4,55.16757300682366,11.88453620672226,0,8.133603749183413,42096582144,77647052800,6.971805834928398e-07
qwen3_14b_4k,full,galvatron,qwen3_14b_4k/galvatron/full,6,5,55.170629440806806,11.741994708776474,0,8.457006441216498,42098679808,74247569408,5.571396837256635e-07
qwen3_14b_4k,full,galvatron,qwen3_14b_4k/galvatron/full,6,6,54.972335290163755,11.632698580622673,0,8.788055931944692,42100777472,77647052800,4.1638583110227627e-07
qwen3_14b_4k,full,galvatron,qwen3_14b_4k/galvatron/full,6,7,55.36834284570068,11.529071345925331,0,9.314152308586062,42102875136,74247569408,2.889743906929609e-07
qwen3_14b_4k,full,galvatron,qwen3_14b_4k/galvatron/full,6,8,54.964234036393464,11.456260904669762,0,9.299490424521212,42104972800,77647052800,1.876283841110236e-07
qwen3_14b_4k,full,galvatron,qwen3_14b_4k/galvatron/full,6,9,55.226379154250026,11.39822605252266,0,9.569921867027736,42107070464,74247569408,1.224679970165746e-07
qwen3_14b_4k,full,galvatron,qwen3_14b_4k/galvatron/full,6,10,54.98088570591062,11.351520672440529,0,9.556022095441921,42109168128,77647052800,1e-07
qwen3_14b_4k,full,galvatron,qwen3_14b_4k/galvatron/full,7,1,64.92085488792509,12.18922047317028,0,8.315942954744369,42090289152,72850866176,9.817718381265238e-07
qwen3_14b_4k,full,galvatron,qwen3_14b_4k/galvatron/full,7,2,54.93560793623328,12.193006500601768,0,8.14941025922994,42092386816,77647052800,9.206544616434248e-07
qwen3_14b_4k,full,galvatron,qwen3_14b_4k/galvatron/full,7,3,55.16788318846375,12.035245209932327,0,7.873058503619544,42094484480,74247569408,8.225243592119499e-07
qwen3_14b_4k,full,galvatron,qwen3_14b_4k/galvatron/full,7,4,55.1678319638595,11.88453620672226,0,8.133603749183413,42096582144,77647052800,6.971805834928398e-07
qwen3_14b_4k,full,galvatron,qwen3_14b_4k/galvatron/full,7,5,55.17190251778811,11.741994708776474,0,8.457006441216498,42098679808,74247569408,5.571396837256635e-07
qwen3_14b_4k,full,galvatron,qwen3_14b_4k/galvatron/full,7,6,54.972459610551596,11.632698580622673,0,8.788055931944692,42100777472,77647052800,4.1638583110227627e-07
qwen3_14b_4k,full,galvatron,qwen3_14b_4k/galvatron/full,7,7,55.36671996861696,11.529071345925331,0,9.314152308586062,42102875136,74247569408,2.889743906929609e-07
qwen3_14b_4k,full,galvatron,qwen3_14b_4k/galvatron/full,7,8,54.96460273768753,11.456260904669762,0,9.299490424521212,42104972800,77647052800,1.876283841110236e-07
qwen3_14b_4k,full,galvatron,qwen3_14b_4k/galvatron/full,7,9,55.227679814212024,11.39822605252266,0,9.569921867027736,42107070464,74247569408,1.224679970165746e-07
qwen3_14b_4k,full,galvatron,qwen3_14b_4k/galvatron/full,7,10,54.98117439355701,11.351520672440529,0,9.556022095441921,42109168128,77647052800,1e-07
